,date,open,close,high,low,volume,amount,amplitude,pct_chg,change,turnover_rate,symbol
0,1997-03-28,16.0,17.19,19.95,16.0,131274,238171280.0,395.0,1619.0,16.19,36.5,SZ000703
1,1997-03-31,17.08,18.19,18.29,17.02,53501,95978976.0,7.39,5.82,1.0,14.88,SZ000703
2,1997-04-01,18.28,18.18,18.6,17.9,34049,62359320.0,3.85,-0.05,-0.01,9.47,SZ000703
3,1997-04-02,18.2,17.72,18.32,17.7,18442,33091388.0,3.41,-2.53,-0.46,5.13,SZ000703
4,1997-04-03,17.72,18.3,18.3,17.55,20500,36835748.0,4.23,3.27,0.58,5.7,SZ000703
5,1997-04-04,18.35,18.78,19.35,18.3,55751,105486872.0,5.74,2.62,0.48,15.5,SZ000703
6,1997-04-07,18.91,18.86,19.07,18.51,30804,58108960.0,2.98,0.43,0.08,8.57,SZ000703
7,1997-04-08,18.82,18.01,18.82,18.0,24781,45376096.0,4.35,-4.51,-0.85,6.89,SZ000703
8,1997-04-09,18.04,18.35,18.65,18.02,22412,41194560.0,3.5,1.89,0.34,6.23,SZ000703
9,1997-04-10,18.51,17.91,18.55,17.9,15810,28709184.0,3.54,-2.4,-0.44,4.4,SZ000703
10,1997-04-11,17.84,18.2,18.6,17.65,18687,33716284.0,5.3,1.62,0.29,5.2,SZ000703
11,1997-04-14,18.0,18.1,18.56,18.0,10935,19890564.0,3.08,-0.55,-0.1,3.04,SZ000703
12,1997-04-15,18.25,18.16,18.5,18.01,15319,27995648.0,2.71,0.33,0.06,4.26,SZ000703
13,1997-04-16,18.3,17.98,18.3,17.9,11885,21442574.0,2.2,-0.99,-0.18,3.3,SZ000703
14,1997-04-17,17.98,17.92,18.3,17.86,8265,14887153.0,2.45,-0.33,-0.06,2.3,SZ000703
15,1997-04-18,17.9,17.79,18.1,17.55,10248,18194284.0,3.07,-0.73,-0.13,2.85,SZ000703
16,1997-04-21,17.85,17.76,18.3,17.71,12639,22721874.0,3.32,-0.17,-0.03,3.51,SZ000703
17,1997-04-22,17.98,17.9,18.2,17.78,12291,22097612.0,2.36,0.79,0.14,3.42,SZ000703
18,1997-04-23,17.91,17.69,18.1,17.58,14465,25635348.0,2.91,-1.17,-0.21,4.02,SZ000703
19,1997-04-24,17.67,17.48,17.98,17.0,14646,25654268.0,5.54,-1.19,-0.21,4.07,SZ000703
20,1997-04-25,17.5,18.41,18.9,17.0,45840,84487752.0,10.87,5.32,0.93,12.75,SZ000703
21,1997-04-28,18.7,17.8,19.1,17.8,34783,63848152.0,7.06,-3.31,-0.61,9.67,SZ000703
22,1997-04-29,17.89,17.81,18.28,17.5,15237,27035034.0,4.38,0.06,0.01,4.24,SZ000703
23,1997-04-30,17.75,17.66,18.0,17.5,8879,15697521.0,2.81,-0.84,-0.15,2.47,SZ000703
24,1997-05-05,17.7,17.86,18.0,17.6,14533,25859684.0,2.27,1.13,0.2,4.04,SZ000703
25,1997-05-06,18.0,17.91,18.1,17.6,16651,29624876.0,2.8,0.28,0.05,4.63,SZ000703
26,1997-05-07,17.91,18.43,18.9,17.51,31446,57305232.0,7.76,2.9,0.52,8.74,SZ000703
27,1997-05-08,18.49,17.47,18.49,17.3,14675,26172380.0,6.46,-5.21,-0.96,4.08,SZ000703
28,1997-05-09,17.3,17.75,17.8,17.2,11182,19502580.0,3.43,1.6,0.28,3.11,SZ000703
29,1997-05-12,17.67,18.0,18.28,17.65,14314,25616474.0,3.55,1.41,0.25,3.98,SZ000703
30,1997-05-13,18.0,17.52,18.1,17.35,9689,17015542.0,4.17,-2.67,-0.48,2.69,SZ000703
31,1997-05-14,17.68,17.02,18.09,17.0,10809,18804594.0,6.22,-2.85,-0.5,3.01,SZ000703
32,1997-05-15,17.08,17.31,17.49,17.0,6386,10979384.0,2.88,1.7,0.29,1.78,SZ000703
33,1997-05-16,15.8,15.58,16.8,15.58,11297,18228656.0,7.05,-9.99,-1.73,3.14,SZ000703
34,1997-05-19,15.6,16.08,16.47,15.58,5868,9305403.0,5.71,3.21,0.5,1.63,SZ000703
35,1997-05-20,16.41,16.09,16.41,16.01,4577,7385585.0,2.49,0.06,0.01,1.27,SZ000703
36,1997-05-21,16.01,15.48,16.25,15.22,5329,8412829.0,6.4,-3.79,-0.61,1.48,SZ000703
37,1997-05-22,13.93,13.93,14.48,13.93,11448,16026818.0,3.55,-10.01,-1.55,3.18,SZ000703
38,1997-05-23,13.8,14.46,14.7,13.75,10834,15508026.0,6.82,3.8,0.53,3.01,SZ000703
39,1997-05-26,14.7,14.56,14.9,13.8,7148,10320739.0,7.61,0.69,0.1,1.99,SZ000703
40,1997-05-27,14.9,14.99,15.03,14.27,7808,11601601.0,5.22,2.95,0.43,2.17,SZ000703
41,1997-05-28,14.9,14.66,14.9,14.48,6120,8990719.0,2.8,-2.2,-0.33,1.7,SZ000703
42,1997-05-29,14.55,14.56,14.78,14.55,4765,6991320.5,1.57,-0.68,-0.1,1.33,SZ000703
43,1997-06-02,15.18,15.34,15.5,14.8,8095,12280324.0,4.81,5.36,0.78,2.25,SZ000703
44,1997-06-03,15.3,15.04,15.43,14.85,7168,10859082.0,3.78,-1.96,-0.3,1.99,SZ000703
45,1997-06-04,15.2,15.18,15.2,14.93,6533,9863109.0,1.8,0.93,0.14,1.82,SZ000703
46,1997-06-05,15.2,14.9,15.3,14.85,4232,6329074.0,2.96,-1.84,-0.28,1.18,SZ000703
47,1997-06-06,13.45,13.66,14.4,13.45,9391,13003239.0,6.38,-8.32,-1.24,2.61,SZ000703
48,1997-06-09,13.58,14.09,14.1,13.38,4418,6070180.5,5.27,3.15,0.43,1.23,SZ000703
49,1997-06-10,14.1,13.58,14.15,13.5,2864,3936411.0,4.61,-3.62,-0.51,0.8,SZ000703
50,1997-06-11,13.58,13.09,13.6,12.5,3737,4836735.0,8.1,-3.61,-0.49,1.04,SZ000703
51,1997-06-12,13.0,13.02,13.35,12.98,2624,3435836.0,2.83,-0.53,-0.07,0.73,SZ000703
52,1997-06-13,12.55,13.5,13.55,12.55,5017,6618396.0,7.68,3.69,0.48,1.4,SZ000703
53,1997-06-16,13.58,13.81,13.96,13.58,4571,6335866.5,2.81,2.3,0.31,1.27,SZ000703
54,1997-06-17,13.78,13.43,13.9,13.4,2820,3834506.5,3.62,-2.75,-0.38,0.78,SZ000703
55,1997-06-18,13.41,13.36,13.7,13.3,2130,2860703.75,2.98,-0.52,-0.07,0.59,SZ000703
56,1997-06-19,13.35,13.0,13.35,13.0,2022,2666735.25,2.62,-2.69,-0.36,0.56,SZ000703
57,1997-06-20,13.4,13.89,14.0,13.04,5952,8146236.0,7.38,6.85,0.89,1.66,SZ000703
58,1997-06-23,14.38,13.71,14.39,13.4,7055,9810728.0,7.13,-1.3,-0.18,1.96,SZ000703
59,1997-06-24,14.05,14.99,15.08,14.05,16913,25074160.0,7.51,9.34,1.28,4.7,SZ000703
60,1997-06-25,15.1,14.79,15.15,14.62,8156,12079062.0,3.54,-1.33,-0.2,2.27,SZ000703
61,1997-06-26,14.78,14.72,14.8,14.55,3718,5462104.0,1.69,-0.47,-0.07,1.03,SZ000703
62,1997-06-27,14.7,14.18,14.98,14.0,6178,8989610.0,6.66,-3.67,-0.54,1.72,SZ000703
63,1997-07-02,14.6,13.74,14.9,12.8,4645,6450164.0,14.81,-3.1,-0.44,1.29,SZ000703
64,1997-07-03,14.0,12.99,14.08,12.98,4935,6493307.0,8.01,-5.46,-0.75,1.37,SZ000703
65,1997-07-04,12.5,12.35,12.85,12.3,7085,8819899.0,4.23,-4.93,-0.64,1.97,SZ000703
66,1997-07-07,12.21,11.12,12.21,11.12,2548,2262749.0,8.83,-9.96,-1.23,0.55,SZ000703
67,1997-07-08,10.82,10.73,11.44,10.22,2913,2382404.5,10.97,-3.51,-0.39,0.62,SZ000703
68,1997-07-09,10.4,10.75,10.79,10.27,3982,3203515.75,4.85,0.19,0.02,0.85,SZ000703
69,1997-07-10,10.79,10.39,10.79,10.39,3988,3235794.5,3.72,-3.35,-0.36,0.85,SZ000703
70,1997-07-11,10.5,10.84,10.91,10.3,4481,3654469.5,5.87,4.33,0.45,0.96,SZ000703
71,1997-07-14,11.05,11.02,11.18,10.76,7586,6419401.0,3.87,1.66,0.18,1.62,SZ000703
72,1997-07-15,11.02,11.34,11.41,10.89,6743,5851413.5,4.72,2.9,0.32,1.44,SZ000703
73,1997-07-16,11.54,11.17,11.57,11.02,4954,4255502.0,4.85,-1.5,-0.17,1.06,SZ000703
74,1997-07-17,11.15,11.34,11.4,10.93,4663,4003409.25,4.21,1.52,0.17,1.0,SZ000703
75,1997-07-18,11.3,11.97,12.0,11.02,9404,8524436.0,8.64,5.56,0.63,2.01,SZ000703
76,1997-07-21,12.06,11.99,12.51,11.96,8709,8160606.0,4.59,0.17,0.02,1.86,SZ000703
77,1997-07-22,11.96,12.18,12.19,11.57,6161,5652486.0,5.17,1.58,0.19,1.32,SZ000703
78,1997-07-23,12.38,12.09,12.55,11.78,5801,5479384.5,6.32,-0.74,-0.09,1.24,SZ000703
79,1997-07-24,11.92,12.06,12.45,11.92,5456,5123451.0,4.38,-0.25,-0.03,1.17,SZ000703
80,1997-07-25,11.96,12.62,12.68,11.71,11841,11246558.0,8.04,4.64,0.56,2.53,SZ000703
81,1997-07-28,12.99,13.03,13.36,12.61,14025,14082879.0,5.94,3.25,0.41,3.0,SZ000703
82,1997-07-29,12.87,12.96,13.23,12.74,14486,14406224.0,3.76,-0.54,-0.07,3.1,SZ000703
83,1997-07-30,13.03,13.26,13.26,13.01,7306,7410996.0,1.93,2.31,0.3,1.56,SZ000703
84,1997-07-31,13.25,13.22,13.29,13.0,6948,7023890.5,2.19,-0.3,-0.04,1.49,SZ000703
85,1997-08-01,13.29,13.49,13.59,13.13,7431,7679059.5,3.48,2.04,0.27,1.59,SZ000703
86,1997-08-04,13.72,14.29,14.56,13.52,12670,13833590.0,7.71,5.93,0.8,2.71,SZ000703
87,1997-08-05,14.43,14.12,14.43,14.04,6531,7133033.5,2.73,-1.19,-0.17,1.4,SZ000703
88,1997-08-06,14.12,13.33,14.24,13.26,8027,8436844.0,6.94,-5.59,-0.79,1.72,SZ000703
89,1997-08-07,13.26,13.85,13.91,13.26,10238,10728256.0,4.88,3.9,0.52,2.19,SZ000703
90,1997-08-08,13.98,13.52,14.3,13.26,8928,9613181.0,7.51,-2.38,-0.33,1.91,SZ000703
91,1997-08-11,13.52,13.46,13.88,13.46,8126,8474485.0,3.11,-0.44,-0.06,1.74,SZ000703
92,1997-08-12,13.39,12.43,13.52,12.12,7798,7623290.5,10.4,-7.65,-1.03,1.67,SZ000703
93,1997-08-13,12.35,12.56,13.07,12.35,6316,6176502.5,5.79,1.05,0.13,1.35,SZ000703
94,1997-08-14,12.58,12.87,12.94,12.58,4866,4800673.5,2.87,2.47,0.31,1.04,SZ000703
95,1997-08-15,13.0,13.46,13.78,12.91,10754,11095543.0,6.76,4.58,0.59,2.3,SZ000703
96,1997-08-18,13.46,13.95,14.3,13.46,15117,16272727.0,6.24,3.64,0.49,3.23,SZ000703
97,1997-08-19,14.24,14.29,14.46,14.01,17899,19623246.0,3.23,2.44,0.34,3.83,SZ000703
98,1997-08-20,14.31,15.12,15.18,14.3,23760,26741492.0,6.16,5.81,0.83,5.08,SZ000703
99,1997-08-21,16.63,16.33,16.63,15.99,62334,78422424.0,4.23,8.0,1.21,13.33,SZ000703
100,1997-08-22,16.24,16.26,16.59,16.06,29916,37474332.0,3.25,-0.43,-0.07,6.4,SZ000703
101,1997-08-25,16.25,16.48,16.58,15.99,17514,22070182.0,3.63,1.35,0.22,3.75,SZ000703
102,1997-08-26,16.58,17.06,17.29,16.38,19235,25189674.0,5.52,3.52,0.58,4.11,SZ000703
103,1997-08-27,17.0,16.85,17.23,16.71,11826,15391837.0,3.05,-1.23,-0.21,2.53,SZ000703
104,1997-08-28,16.84,16.74,17.1,16.58,9451,12168063.0,3.09,-0.65,-0.11,2.02,SZ000703
105,1997-08-29,16.77,16.72,16.84,16.45,8854,11320035.0,2.33,-0.12,-0.02,1.89,SZ000703
106,1997-09-01,16.74,16.81,17.15,16.64,6753,8758864.0,3.05,0.54,0.09,1.44,SZ000703
107,1997-09-02,16.77,16.71,16.97,16.52,6377,8231744.5,2.68,-0.59,-0.1,1.36,SZ000703
108,1997-09-03,16.74,17.19,17.21,16.74,14268,18765748.0,2.81,2.87,0.48,3.05,SZ000703
109,1997-09-04,17.29,17.63,17.94,17.28,15396,20930998.0,3.84,2.56,0.44,3.29,SZ000703
110,1997-09-05,17.68,17.3,17.81,17.23,7329,9789830.0,3.29,-1.87,-0.33,1.57,SZ000703
111,1997-09-08,17.1,17.03,17.29,16.91,7543,9891894.0,2.2,-1.56,-0.27,1.61,SZ000703
112,1997-09-09,17.03,16.68,17.28,16.65,4393,5735942.5,3.7,-2.06,-0.35,0.94,SZ000703
113,1997-09-10,16.77,16.72,16.89,16.33,6303,8032301.5,3.36,0.24,0.04,1.35,SZ000703
114,1997-09-11,16.78,16.6,17.07,16.51,5469,7045780.5,3.35,-0.72,-0.12,1.17,SZ000703
115,1997-09-12,16.6,16.0,16.64,15.99,6367,7978228.5,3.92,-3.61,-0.6,1.36,SZ000703
116,1997-09-15,15.73,15.21,15.93,15.08,6979,8335408.0,5.31,-4.94,-0.79,1.49,SZ000703
117,1997-09-16,15.15,15.47,15.54,15.15,4270,5056216.0,2.56,1.71,0.26,0.91,SZ000703
118,1997-09-17,15.47,15.08,15.5,15.0,3045,3564992.5,3.23,-2.52,-0.39,0.65,SZ000703
119,1997-09-18,15.47,15.42,15.47,15.08,2301,2711346.5,2.59,2.25,0.34,0.49,SZ000703
120,1997-09-19,15.56,15.6,15.81,15.34,2286,2744950.0,3.05,1.17,0.18,0.49,SZ000703
121,1997-09-22,15.73,14.51,15.73,14.44,3888,4445573.5,8.27,-6.99,-1.09,0.83,SZ000703
122,1997-09-23,14.3,13.13,14.3,13.05,4588,4838286.0,8.61,-9.51,-1.38,0.98,SZ000703
123,1997-09-24,13.27,14.01,14.04,13.27,6240,6599287.0,5.86,6.7,0.88,1.33,SZ000703
124,1997-09-25,14.3,14.09,14.43,14.04,4893,5351713.0,2.78,0.57,0.08,1.05,SZ000703
125,1997-09-26,14.3,13.91,14.3,13.65,4011,4283824.0,4.61,-1.28,-0.18,0.86,SZ000703
126,1997-09-29,13.66,13.48,13.78,13.26,3086,3208229.5,3.74,-3.09,-0.43,0.66,SZ000703
127,1997-09-30,13.53,14.35,14.38,13.53,10752,11741449.0,6.31,6.45,0.87,2.3,SZ000703
128,1997-10-06,14.4,14.57,14.79,14.17,5382,6014995.5,4.32,1.53,0.22,1.15,SZ000703
129,1997-10-07,14.55,14.33,14.55,14.05,2480,2718450.0,3.43,-1.65,-0.24,0.53,SZ000703
130,1997-10-08,14.87,14.68,15.05,14.57,4783,5440207.0,3.35,2.44,0.35,1.02,SZ000703
131,1997-10-09,14.74,14.43,14.74,14.37,2608,2908172.25,2.52,-1.7,-0.25,0.56,SZ000703
132,1997-10-10,14.43,14.57,14.59,14.37,1556,1737545.12,1.52,0.97,0.14,0.33,SZ000703
133,1997-10-13,14.72,14.55,14.92,14.43,2139,2422413.25,3.36,-0.14,-0.02,0.46,SZ000703
134,1997-10-14,14.17,14.4,14.52,14.17,1724,1901102.0,2.41,-1.03,-0.15,0.37,SZ000703
135,1997-10-15,14.56,14.56,14.72,14.17,1754,1954641.25,3.82,1.11,0.16,0.38,SZ000703
136,1997-10-16,14.69,15.2,15.28,14.63,7338,8476706.0,4.46,4.4,0.64,1.57,SZ000703
137,1997-10-17,15.21,15.77,16.09,15.21,10100,12241717.0,5.79,3.75,0.57,2.16,SZ000703
138,1997-10-20,15.73,15.83,15.99,15.3,12469,15020312.0,4.38,0.38,0.06,2.67,SZ000703
139,1997-10-21,16.09,16.51,16.54,15.83,12771,15952405.0,4.49,4.3,0.68,2.73,SZ000703
140,1997-10-22,16.84,16.24,17.16,15.99,24426,31236958.0,7.09,-1.64,-0.27,5.22,SZ000703
141,1997-10-23,16.17,16.63,16.9,16.02,16634,21187916.0,5.42,2.4,0.39,3.56,SZ000703
142,1997-10-24,16.58,17.41,17.45,16.52,27771,36443184.0,5.59,4.69,0.78,5.94,SZ000703
143,1997-10-27,18.01,17.58,18.19,17.34,31618,43148148.0,4.88,0.98,0.17,6.76,SZ000703
144,1997-10-28,17.81,16.8,17.81,16.64,22616,29926388.0,6.66,-4.44,-0.78,4.84,SZ000703
145,1997-10-29,16.54,17.13,17.15,16.26,13057,16909600.0,5.3,1.96,0.33,2.79,SZ000703
146,1997-10-30,17.26,16.81,17.42,16.77,20219,26644040.0,3.79,-1.87,-0.32,4.32,SZ000703
147,1997-10-31,16.64,17.1,17.1,16.38,9739,12509495.0,4.28,1.73,0.29,2.08,SZ000703
148,1997-11-03,17.1,17.04,17.3,17.03,8467,11179317.0,1.58,-0.35,-0.06,1.81,SZ000703
149,1997-11-04,16.76,16.95,17.1,16.71,5355,6959719.0,2.29,-0.53,-0.09,1.15,SZ000703
150,1997-11-05,17.03,17.67,17.78,17.03,12523,16912872.0,4.42,4.25,0.72,2.68,SZ000703
151,1997-11-06,17.84,17.34,18.07,17.3,21617,29597450.0,4.36,-1.87,-0.33,4.62,SZ000703
152,1997-11-07,17.42,17.46,17.49,17.03,10596,14083463.0,2.65,0.69,0.12,2.27,SZ000703
153,1997-11-10,17.68,16.93,17.75,16.77,10024,13149350.0,5.61,-3.04,-0.53,2.14,SZ000703
154,1997-11-11,16.9,16.65,16.9,16.38,6280,8014765.0,3.07,-1.65,-0.28,1.34,SZ000703
155,1997-11-12,16.9,16.38,16.9,16.32,3601,4580370.5,3.48,-1.62,-0.27,0.77,SZ000703
156,1997-11-13,16.24,16.32,16.34,15.73,6033,7446561.0,3.72,-0.37,-0.06,1.29,SZ000703
157,1997-11-14,16.3,16.48,16.9,16.28,5026,6396511.5,3.8,0.98,0.16,1.08,SZ000703
158,1997-11-17,16.89,16.38,16.89,16.22,3643,4604978.0,4.07,-0.61,-0.1,0.78,SZ000703
159,1997-11-18,16.38,16.3,16.61,16.25,2112,2664477.75,2.2,-0.49,-0.08,0.45,SZ000703
160,1997-11-19,16.19,15.96,16.38,15.86,2770,3425441.75,3.19,-2.09,-0.34,0.59,SZ000703
161,1997-11-20,16.02,15.8,16.02,15.8,3202,3907682.5,1.38,-1.0,-0.16,0.68,SZ000703
162,1997-11-21,15.73,15.37,15.73,15.34,4558,5427261.5,2.47,-2.72,-0.43,0.97,SZ000703
163,1997-11-24,15.34,15.34,15.8,15.11,5676,6782788.0,4.49,-0.2,-0.03,1.21,SZ000703
164,1997-11-25,15.08,15.6,15.77,15.08,3699,4429181.0,4.5,1.69,0.26,0.79,SZ000703
165,1997-11-26,15.73,16.0,16.03,15.6,3145,3812749.25,2.76,2.56,0.4,0.67,SZ000703
166,1997-11-27,15.86,15.48,15.86,15.48,3192,3831700.75,2.38,-3.25,-0.52,0.68,SZ000703
167,1997-11-28,15.21,15.83,15.86,15.21,3447,4150547.0,4.2,2.26,0.35,0.74,SZ000703
168,1997-12-01,15.73,15.78,15.86,15.44,2674,3226364.5,2.65,-0.32,-0.05,0.57,SZ000703
169,1997-12-02,15.73,15.83,16.24,15.73,1516,1854640.88,3.23,0.32,0.05,0.32,SZ000703
170,1997-12-03,15.83,15.67,15.86,15.6,1396,1683576.5,1.64,-1.01,-0.16,0.3,SZ000703
171,1997-12-04,15.61,16.17,16.38,14.95,6530,8066463.5,9.13,3.19,0.5,1.4,SZ000703
172,1997-12-05,16.35,15.99,16.35,15.9,3896,4849401.5,2.78,-1.11,-0.18,0.83,SZ000703
173,1997-12-08,16.12,15.99,16.22,15.93,1796,2216735.0,1.81,0.0,0.0,0.38,SZ000703
174,1997-12-09,16.06,16.22,16.25,15.73,2444,3011346.75,3.25,1.44,0.23,0.52,SZ000703
175,1997-12-10,16.26,16.43,16.51,16.25,3199,4030583.25,1.6,1.29,0.21,0.68,SZ000703
176,1997-12-11,16.55,16.42,16.58,16.12,3589,4524303.0,2.8,-0.06,-0.01,0.77,SZ000703
177,1997-12-12,16.51,16.48,16.76,16.38,5290,6767588.5,2.31,0.37,0.06,1.13,SZ000703
178,1997-12-15,16.45,16.72,16.74,16.25,3762,4760210.5,2.97,1.46,0.24,0.8,SZ000703
179,1997-12-16,16.85,17.08,17.1,16.51,6193,8031955.0,3.53,2.15,0.36,1.32,SZ000703
180,1997-12-17,16.9,16.35,16.9,16.33,5076,6470717.0,3.34,-4.27,-0.73,1.09,SZ000703
181,1997-12-18,16.25,16.09,16.37,16.09,3188,3979332.75,1.71,-1.59,-0.26,0.68,SZ000703
182,1997-12-19,16.12,15.99,16.25,15.93,3268,4029427.25,1.99,-0.62,-0.1,0.7,SZ000703
183,1997-12-22,15.91,16.38,16.58,15.61,4787,5876805.5,6.07,2.44,0.39,1.02,SZ000703
184,1997-12-23,16.38,16.13,16.54,16.06,2982,3730108.0,2.93,-1.53,-0.25,0.64,SZ000703
185,1997-12-24,16.13,16.25,16.51,16.06,3423,4290501.0,2.79,0.74,0.12,0.73,SZ000703
186,1997-12-25,16.25,16.74,16.77,16.25,6725,8606883.0,3.2,3.02,0.49,1.44,SZ000703
187,1997-12-26,16.84,16.65,16.99,16.61,5347,6886888.0,2.27,-0.54,-0.09,1.14,SZ000703
188,1997-12-29,16.84,16.91,17.39,16.64,10823,14190819.0,4.5,1.56,0.26,2.32,SZ000703
189,1997-12-30,16.91,16.54,17.1,16.51,3707,4766551.5,3.49,-2.19,-0.37,0.79,SZ000703
190,1997-12-31,16.68,16.63,17.1,16.48,5248,6757281.0,3.75,0.54,0.09,1.12,SZ000703
191,1998-01-05,16.64,16.64,17.16,16.61,8448,10937796.0,3.31,0.06,0.01,1.81,SZ000703
192,1998-01-06,16.67,17.55,17.55,16.67,16407,21597058.0,5.29,5.47,0.91,3.51,SZ000703
193,1998-01-07,17.68,17.26,17.78,17.17,11802,15818968.0,3.48,-1.65,-0.29,2.52,SZ000703
194,1998-01-08,17.29,17.08,17.68,17.03,10862,14451556.0,3.77,-1.04,-0.18,2.32,SZ000703
195,1998-01-09,17.03,16.89,17.16,16.48,9433,12202770.0,3.98,-1.11,-0.19,2.02,SZ000703
196,1998-01-12,16.9,16.94,17.41,16.9,7990,10544520.0,3.02,0.3,0.05,1.71,SZ000703
197,1998-01-13,16.64,15.76,16.64,15.25,10063,12249700.0,8.21,-6.97,-1.18,2.15,SZ000703
198,1998-01-14,15.96,16.03,16.35,15.8,6286,7712275.0,3.49,1.71,0.27,1.34,SZ000703
199,1998-01-15,15.99,16.08,16.32,15.89,4757,5864852.5,2.68,0.31,0.05,1.02,SZ000703
200,1998-01-16,16.2,16.19,16.46,15.99,3778,4700560.5,2.92,0.68,0.11,0.81,SZ000703
201,1998-01-19,16.25,15.89,16.25,15.8,2422,2978622.5,2.78,-1.85,-0.3,0.52,SZ000703
202,1998-01-20,15.72,15.64,15.9,15.6,3392,4092185.75,1.89,-1.57,-0.25,0.73,SZ000703
203,1998-01-21,15.64,15.69,15.86,15.64,1819,2201023.75,1.41,0.32,0.05,0.39,SZ000703
204,1998-01-22,15.86,16.0,16.06,15.6,2690,3263515.75,2.93,1.98,0.31,0.58,SZ000703
205,1998-01-23,16.06,16.35,16.41,15.94,6062,7603066.5,2.94,2.19,0.35,1.3,SZ000703
206,1998-02-09,16.76,16.59,16.97,16.51,4165,5348623.5,2.81,1.47,0.24,0.89,SZ000703
207,1998-02-10,16.51,16.26,16.63,16.12,2628,3297630.0,3.07,-1.99,-0.33,0.56,SZ000703
208,1998-02-11,16.25,16.34,16.72,16.13,2286,2867398.0,3.63,0.49,0.08,0.49,SZ000703
209,1998-02-12,16.35,16.13,16.48,16.03,2736,3400847.5,2.75,-1.29,-0.21,0.59,SZ000703
210,1998-02-13,16.25,16.61,16.74,16.0,5864,7397021.0,4.59,2.98,0.48,1.25,SZ000703
211,1998-02-16,16.64,16.32,16.74,16.25,3218,4068064.0,2.95,-1.75,-0.29,0.69,SZ000703
212,1998-02-17,16.32,16.32,16.51,16.22,2237,2811351.0,1.78,0.0,0.0,0.48,SZ000703
213,1998-02-18,16.32,16.15,16.48,16.08,2206,2755377.0,2.45,-1.04,-0.17,0.47,SZ000703
214,1998-02-19,16.35,16.22,16.38,16.02,1930,2389203.25,2.23,0.43,0.07,0.41,SZ000703
215,1998-02-20,16.2,16.06,16.25,15.99,1946,2401498.0,1.6,-0.99,-0.16,0.42,SZ000703
216,1998-02-23,15.96,15.73,15.99,15.6,3315,4002140.25,2.43,-2.05,-0.33,0.71,SZ000703
217,1998-02-24,15.73,15.68,15.8,15.64,1335,1614501.75,1.02,-0.32,-0.05,0.29,SZ000703
218,1998-02-25,15.69,15.46,15.69,15.44,2488,2969392.5,1.59,-1.4,-0.22,0.53,SZ000703
219,1998-02-26,15.46,15.6,15.6,15.16,2145,2526912.0,2.85,0.91,0.14,0.46,SZ000703
220,1998-02-27,15.73,15.43,15.83,15.41,2101,2515396.0,2.69,-1.09,-0.17,0.45,SZ000703
221,1998-03-02,15.08,14.89,15.34,14.85,3953,4577109.5,3.18,-3.5,-0.54,0.85,SZ000703
222,1998-03-03,14.82,14.85,14.94,14.69,2659,3031073.5,1.68,-0.27,-0.04,0.57,SZ000703
223,1998-03-04,14.89,15.02,15.11,14.85,1677,1925362.75,1.75,1.14,0.17,0.36,SZ000703
224,1998-03-05,16.29,15.56,16.29,15.28,4384,5279784.5,6.72,3.6,0.54,0.94,SZ000703
225,1998-03-06,15.54,15.6,15.6,15.37,1568,1865903.88,1.48,0.26,0.04,0.34,SZ000703
226,1998-03-09,15.61,15.22,15.63,15.21,1231,1448577.0,2.69,-2.44,-0.38,0.26,SZ000703
227,1998-03-10,15.21,15.03,15.21,14.86,1619,1865160.12,2.3,-1.25,-0.19,0.35,SZ000703
228,1998-03-11,14.95,14.96,15.33,14.95,1455,1682029.0,2.53,-0.47,-0.07,0.31,SZ000703
229,1998-03-12,14.98,14.72,14.98,14.69,1660,1887654.5,1.94,-1.6,-0.24,0.36,SZ000703
230,1998-03-13,14.72,15.05,15.15,14.7,3498,4024507.0,3.06,2.24,0.33,0.75,SZ000703
231,1998-03-16,14.96,14.89,14.96,14.69,2214,2525544.0,1.79,-1.06,-0.16,0.47,SZ000703
232,1998-03-17,14.95,15.15,15.18,14.83,2650,3062403.25,2.35,1.75,0.26,0.57,SZ000703
233,1998-03-18,15.15,15.29,15.34,15.08,2492,2917866.75,1.72,0.92,0.14,0.53,SZ000703
234,1998-03-19,15.15,14.77,15.15,14.76,1458,1677290.0,2.55,-3.4,-0.52,0.31,SZ000703
235,1998-03-20,14.78,14.44,14.95,14.31,1661,1870917.12,4.33,-2.23,-0.33,0.36,SZ000703
236,1998-03-23,14.43,14.56,14.72,14.4,2730,3061572.25,2.22,0.83,0.12,0.58,SZ000703
237,1998-03-24,14.56,14.4,14.56,14.3,2697,2987036.25,1.79,-1.1,-0.16,0.58,SZ000703
238,1998-03-25,14.53,14.3,14.56,14.27,2931,3252559.25,2.01,-0.69,-0.1,0.63,SZ000703
239,1998-03-26,14.3,14.64,14.81,13.74,4209,4566826.0,7.48,2.38,0.34,0.9,SZ000703
240,1998-03-27,14.79,14.56,14.79,14.27,3546,3952486.25,3.55,-0.55,-0.08,0.76,SZ000703
241,1998-03-30,14.69,14.76,14.78,14.46,4049,4559508.0,2.2,1.37,0.2,0.87,SZ000703
242,1998-03-31,14.77,15.08,15.57,14.59,3955,4593080.5,6.64,2.17,0.32,0.85,SZ000703
243,1998-04-01,15.08,15.37,15.41,14.83,4638,5451195.5,3.85,1.92,0.29,0.99,SZ000703
244,1998-04-02,15.41,16.77,16.9,15.41,26732,33931552.0,9.69,9.11,1.4,5.72,SZ000703
245,1998-04-03,16.77,16.65,17.03,16.26,15812,20360030.0,4.59,-0.72,-0.12,3.38,SZ000703
246,1998-04-06,16.64,16.84,17.29,16.51,12729,16507885.0,4.68,1.14,0.19,2.72,SZ000703
247,1998-04-07,16.84,16.77,16.9,16.51,10412,13406941.0,2.32,-0.42,-0.07,2.23,SZ000703
248,1998-04-08,16.77,17.1,17.45,16.68,22574,29674428.0,4.59,1.97,0.33,4.83,SZ000703
249,1998-04-09,17.3,16.6,17.3,16.46,11592,14982646.0,4.91,-2.92,-0.5,2.48,SZ000703
250,1998-04-10,16.77,16.93,16.98,16.38,9626,12416630.0,3.61,1.99,0.33,2.06,SZ000703
251,1998-04-13,17.13,17.37,17.75,17.13,34673,46731260.0,3.66,2.6,0.44,7.42,SZ000703
252,1998-04-14,17.29,17.16,17.49,17.1,10873,14436347.0,2.25,-1.21,-0.21,2.33,SZ000703
253,1998-04-15,17.19,17.3,17.41,17.03,10800,14324891.0,2.21,0.82,0.14,2.31,SZ000703
254,1998-04-16,17.16,17.34,17.62,17.16,16347,21922824.0,2.66,0.23,0.04,3.5,SZ000703
255,1998-04-17,17.36,17.91,18.24,17.23,32275,44364768.0,5.82,3.29,0.57,6.9,SZ000703
256,1998-04-20,18.01,18.45,18.55,18.01,29277,41247492.0,3.02,3.02,0.54,6.26,SZ000703
257,1998-04-21,18.49,18.16,18.85,17.97,18844,26693882.0,4.77,-1.57,-0.29,4.03,SZ000703
258,1998-04-22,18.07,18.55,18.66,17.54,25978,35751756.0,6.17,2.15,0.39,5.56,SZ000703
259,1998-04-23,18.59,18.27,18.66,18.01,17155,24250768.0,3.5,-1.51,-0.28,3.67,SZ000703
260,1998-04-24,18.2,17.55,18.33,16.51,18542,25543124.0,9.96,-3.94,-0.72,3.97,SZ000703
261,1998-04-27,17.29,17.19,17.88,17.16,16338,21835290.0,4.1,-2.05,-0.36,3.49,SZ000703
262,1998-04-28,17.75,17.6,17.94,17.23,14818,20058494.0,4.13,2.39,0.41,3.17,SZ000703
263,1998-04-29,17.68,17.68,17.88,17.49,10421,14152179.0,2.22,0.45,0.08,2.23,SZ000703
264,1998-04-30,17.62,18.2,18.32,17.62,18327,25583542.0,3.96,2.94,0.52,3.92,SZ000703
265,1998-05-04,18.4,18.81,18.98,18.27,23279,33463792.0,3.9,3.35,0.61,4.98,SZ000703
266,1998-05-05,18.85,19.05,19.44,18.66,16224,23799398.0,4.15,1.28,0.24,3.47,SZ000703
267,1998-05-06,18.95,18.67,19.37,18.54,14378,20852324.0,4.36,-1.99,-0.38,3.08,SZ000703
268,1998-05-07,18.59,17.99,18.85,17.94,13313,18930108.0,4.87,-3.64,-0.68,2.85,SZ000703
269,1998-05-08,17.94,18.98,19.21,17.94,18499,26214596.0,7.06,5.5,0.99,3.96,SZ000703
270,1998-05-11,19.19,18.95,19.88,18.86,36204,54142800.0,5.37,-0.16,-0.03,7.74,SZ000703
271,1998-05-12,19.76,18.55,20.8,18.3,15186,22128100.0,13.19,-2.11,-0.4,3.25,SZ000703
272,1998-05-13,18.62,18.3,19.01,18.23,16614,23667006.0,4.2,-1.35,-0.25,3.55,SZ000703
273,1998-05-14,18.34,18.6,18.98,18.21,11940,17127872.0,4.21,1.64,0.3,2.55,SZ000703
274,1998-05-15,18.68,18.43,18.84,18.27,10003,14236811.0,3.06,-0.91,-0.17,2.14,SZ000703
275,1998-05-18,18.69,18.11,18.69,18.06,8374,11800852.0,3.42,-1.74,-0.32,1.79,SZ000703
276,1998-05-19,18.07,18.3,18.33,17.68,11354,15703341.0,3.59,1.05,0.19,2.43,SZ000703
277,1998-05-20,18.33,18.49,19.03,18.14,11450,16455764.0,4.86,1.04,0.19,2.45,SZ000703
278,1998-05-21,18.53,18.28,18.56,18.04,7981,11175466.0,2.81,-1.14,-0.21,1.71,SZ000703
279,1998-05-22,18.33,18.15,18.55,18.08,7760,10879702.0,2.57,-0.71,-0.13,1.66,SZ000703
280,1998-05-25,18.33,18.58,18.98,18.33,14157,20301166.0,3.58,2.37,0.43,3.03,SZ000703
281,1998-05-26,18.82,19.53,19.83,18.66,39248,58658654.0,6.3,5.11,0.95,8.4,SZ000703
282,1998-05-27,19.63,19.55,19.76,19.24,20831,31249038.0,2.66,0.1,0.02,4.46,SZ000703
283,1998-05-28,19.6,19.31,19.63,19.11,12633,18838622.0,2.66,-1.23,-0.24,2.7,SZ000703
284,1998-05-29,19.63,19.57,19.89,19.34,19889,30066604.0,2.85,1.35,0.26,4.25,SZ000703
285,1998-06-01,19.89,21.06,21.13,19.89,33519,53532192.0,6.34,7.61,1.49,7.17,SZ000703
286,1998-06-02,21.19,20.77,21.19,20.12,21936,34964816.0,5.08,-1.38,-0.29,4.69,SZ000703
287,1998-06-03,20.8,20.87,21.03,20.42,10836,17301462.0,2.94,0.48,0.1,2.32,SZ000703
288,1998-06-04,20.87,20.38,21.26,20.22,10487,16739507.0,4.98,-2.35,-0.49,2.24,SZ000703
289,1998-06-05,20.28,20.28,20.58,19.63,13995,21672264.0,4.66,-0.49,-0.1,2.99,SZ000703
290,1998-06-08,19.84,20.7,20.92,19.84,14231,22309284.0,5.33,2.07,0.42,3.04,SZ000703
291,1998-06-09,20.54,20.42,21.44,20.02,33554,54101304.0,6.86,-1.35,-0.28,7.18,SZ000703
292,1998-06-10,20.42,20.24,20.67,20.12,8291,12957436.0,2.69,-0.88,-0.18,1.77,SZ000703
293,1998-06-11,20.15,19.49,20.35,19.49,9669,14684458.0,4.25,-3.71,-0.75,2.07,SZ000703
294,1998-06-12,19.99,20.49,20.64,19.89,13123,20516364.0,3.85,5.13,1.0,2.81,SZ000703
295,1998-06-15,20.64,19.96,20.64,19.89,6756,10502969.0,3.66,-2.59,-0.53,1.45,SZ000703
296,1998-06-16,19.89,19.54,19.89,19.11,7334,10998167.0,3.91,-2.1,-0.42,1.57,SZ000703
297,1998-06-17,19.64,19.62,20.03,19.5,6147,9350070.0,2.71,0.41,0.08,1.31,SZ000703
298,1998-06-18,19.7,20.41,20.53,19.7,6949,10800240.0,4.23,4.03,0.79,1.49,SZ000703
299,1998-06-19,20.54,21.13,21.39,20.18,20811,33501886.0,5.93,3.53,0.72,4.45,SZ000703
300,1998-06-22,21.45,20.98,21.71,20.94,14983,24664212.0,3.64,-0.71,-0.15,3.2,SZ000703
301,1998-06-23,21.19,21.1,21.26,20.71,9803,15837662.0,2.62,0.57,0.12,2.1,SZ000703
302,1998-06-24,21.06,21.46,21.84,21.01,13203,21909970.0,3.93,1.71,0.36,2.82,SZ000703
303,1998-06-25,21.53,20.83,21.53,20.67,9166,14816893.0,4.01,-2.94,-0.63,1.96,SZ000703
304,1998-06-26,20.8,20.44,20.93,20.41,6597,10466196.0,2.5,-1.87,-0.39,1.41,SZ000703
305,1998-06-29,19.89,20.07,20.41,19.76,4024,6211361.5,3.18,-1.81,-0.37,0.86,SZ000703
306,1998-06-30,20.05,19.92,20.31,19.7,3968,6098527.0,3.04,-0.75,-0.15,0.85,SZ000703
307,1998-07-01,20.28,19.07,20.54,19.06,5664,8597869.0,7.43,-4.27,-0.85,1.21,SZ000703
308,1998-07-02,19.06,19.46,19.5,18.8,7162,10552269.0,3.67,2.05,0.39,1.53,SZ000703
309,1998-07-03,19.5,18.82,19.62,18.4,10842,15849631.0,6.27,-3.29,-0.64,2.32,SZ000703
310,1998-07-06,18.72,18.1,18.72,18.07,5561,7816118.5,3.45,-3.83,-0.72,1.19,SZ000703
311,1998-07-07,17.81,18.46,18.46,17.81,3165,4454966.0,3.59,1.99,0.36,0.68,SZ000703
312,1998-07-08,18.79,18.3,18.79,18.2,3600,5082712.0,3.2,-0.87,-0.16,0.77,SZ000703
313,1998-07-09,18.62,18.45,18.63,18.2,4329,6113650.0,2.35,0.82,0.15,0.93,SZ000703
314,1998-07-10,18.46,18.79,18.79,18.4,5761,8258043.0,2.11,1.84,0.34,1.23,SZ000703
315,1998-07-13,18.85,18.85,19.15,18.46,5934,8561378.0,3.67,0.32,0.06,1.27,SZ000703
316,1998-07-14,18.85,18.16,18.85,18.07,4411,6246515.5,4.14,-3.66,-0.69,0.94,SZ000703
317,1998-07-15,18.15,17.43,18.15,17.39,10399,14144187.0,4.19,-4.02,-0.73,2.22,SZ000703
318,1998-07-16,17.43,17.02,17.64,16.87,9712,12729692.0,4.42,-2.35,-0.41,2.08,SZ000703
319,1998-07-17,17.03,17.12,17.55,16.87,4630,6100860.0,4.0,0.59,0.1,0.99,SZ000703
320,1998-07-20,17.16,17.03,17.16,16.77,3696,4814224.5,2.28,-0.53,-0.09,0.79,SZ000703
321,1998-07-21,16.97,17.07,17.33,16.9,4082,5357818.5,2.52,0.23,0.04,0.87,SZ000703
322,1998-07-22,17.11,16.9,17.52,16.77,4849,6360115.5,4.39,-1.0,-0.17,1.04,SZ000703
323,1998-07-23,16.91,17.34,17.39,16.87,3480,4588186.5,3.08,2.6,0.44,0.74,SZ000703
324,1998-07-24,17.49,17.9,17.93,17.36,4886,6654278.5,3.29,3.23,0.56,1.05,SZ000703
325,1998-07-27,17.88,17.54,18.01,17.49,3315,4511736.5,2.91,-2.01,-0.36,0.71,SZ000703
326,1998-07-28,17.55,17.39,17.8,17.29,1371,1846896.75,2.91,-0.86,-0.15,0.29,SZ000703
327,1998-07-29,17.03,16.9,17.54,16.8,4567,5985380.0,4.26,-2.82,-0.49,0.98,SZ000703
328,1998-07-30,16.91,17.04,17.15,16.85,2173,2832937.5,1.78,0.83,0.14,0.46,SZ000703
329,1998-07-31,17.41,17.07,17.41,17.03,1743,2291803.75,2.23,0.18,0.03,0.37,SZ000703
330,1998-08-03,16.9,16.25,16.97,16.13,6394,8131824.0,4.92,-4.8,-0.82,1.37,SZ000703
331,1998-08-04,15.99,15.5,15.99,15.34,7147,8576922.0,4.0,-4.62,-0.75,1.53,SZ000703
332,1998-08-05,15.47,15.72,15.99,15.37,5051,6086492.5,4.0,1.42,0.22,1.08,SZ000703
333,1998-08-06,15.76,15.47,15.83,15.47,3473,4157920.25,2.29,-1.59,-0.25,0.74,SZ000703
334,1998-08-07,15.38,14.83,15.47,14.43,6640,7612903.0,6.72,-4.14,-0.64,1.42,SZ000703
335,1998-08-10,14.69,14.79,15.18,14.17,8199,9141306.0,6.81,-0.27,-0.04,1.75,SZ000703
336,1998-08-11,14.76,14.46,15.02,14.43,3199,3579101.75,3.99,-2.23,-0.33,0.68,SZ000703
337,1998-08-12,14.53,14.5,14.69,14.2,5575,6154395.0,3.39,0.28,0.04,1.19,SZ000703
338,1998-08-13,14.46,14.9,14.95,14.46,3845,4351361.5,3.38,2.76,0.4,0.82,SZ000703
339,1998-08-14,14.56,14.47,14.69,14.43,2525,2825275.0,1.74,-2.89,-0.43,0.54,SZ000703
340,1998-08-17,14.3,13.26,14.3,13.13,9772,10049966.0,8.09,-8.36,-1.21,2.09,SZ000703
341,1998-08-18,12.97,12.97,13.65,12.68,8311,8413515.0,7.32,-2.19,-0.29,1.78,SZ000703
342,1998-08-19,12.94,13.86,13.91,12.94,4832,5044309.5,7.48,6.86,0.89,1.03,SZ000703
343,1998-08-20,13.85,14.05,14.11,13.6,6060,6478540.0,3.68,1.37,0.19,1.3,SZ000703
344,1998-08-21,14.01,14.44,14.87,13.7,5837,6419563.5,8.33,2.78,0.39,1.25,SZ000703
345,1998-08-24,14.3,14.68,14.82,14.3,6043,6789744.0,3.6,1.66,0.24,1.29,SZ000703
346,1998-08-25,14.65,14.65,14.69,14.43,3659,4097251.5,1.77,-0.2,-0.03,0.78,SZ000703
347,1998-08-26,14.63,15.08,15.6,14.63,5958,6884373.5,6.62,2.94,0.43,1.27,SZ000703
348,1998-08-27,14.82,15.05,15.31,14.74,6013,6931602.5,3.78,-0.2,-0.03,1.29,SZ000703
349,1998-08-28,14.53,15.25,15.31,14.53,4586,5285196.5,5.18,1.33,0.2,0.98,SZ000703
350,1998-08-31,14.95,16.73,16.77,14.46,6932,8100899.0,15.15,9.7,1.48,1.48,SZ000703
351,1998-09-01,15.77,15.89,16.51,15.61,5165,6425666.5,5.38,-5.02,-0.84,1.1,SZ000703
352,1998-09-02,15.6,15.56,15.8,15.31,2738,3276016.25,3.08,-2.08,-0.33,0.59,SZ000703
353,1998-09-04,15.44,15.59,15.89,15.44,2033,2449208.25,2.89,0.19,0.03,0.43,SZ000703
354,1998-09-07,15.6,15.9,15.99,15.57,1741,2107829.25,2.69,1.99,0.31,0.37,SZ000703
355,1998-09-08,15.87,15.73,15.87,15.6,1786,2160520.0,1.7,-1.07,-0.17,0.38,SZ000703
356,1998-09-09,15.61,15.99,16.07,15.21,3323,3991935.0,5.47,1.65,0.26,0.71,SZ000703
357,1998-09-10,16.12,15.94,16.34,15.6,5926,7297699.0,4.63,-0.31,-0.05,1.27,SZ000703
358,1998-09-11,15.86,15.69,16.07,15.67,4199,5115606.0,2.51,-1.57,-0.25,0.9,SZ000703
359,1998-09-14,15.7,16.07,16.12,15.5,6824,8240087.5,3.95,2.42,0.38,1.46,SZ000703
360,1998-09-15,16.11,16.38,16.84,16.11,7454,9489560.0,4.54,1.93,0.31,1.59,SZ000703
361,1998-09-16,16.51,16.17,16.61,16.07,4196,5249202.5,3.3,-1.28,-0.21,0.9,SZ000703
362,1998-09-17,16.15,15.59,16.2,15.37,7765,9425083.0,5.13,-3.59,-0.58,1.66,SZ000703
363,1998-09-18,15.47,15.15,15.48,15.05,4943,5804972.0,2.76,-2.82,-0.44,1.06,SZ000703
364,1998-09-21,14.83,15.57,15.57,14.83,3342,3931631.75,4.88,2.77,0.42,0.71,SZ000703
365,1998-09-22,15.57,15.6,16.07,15.44,2622,3154705.25,4.05,0.19,0.03,0.56,SZ000703
366,1998-09-23,15.41,15.6,15.7,15.41,2219,2647540.5,1.86,0.0,0.0,0.47,SZ000703
367,1998-09-24,15.47,15.63,15.86,15.34,3648,4358406.0,3.33,0.19,0.03,0.78,SZ000703
368,1998-09-25,15.47,16.26,16.3,15.44,5387,6626101.0,5.5,4.03,0.63,1.15,SZ000703
369,1998-09-28,16.35,16.32,16.51,15.87,5344,6664768.0,3.94,0.37,0.06,1.14,SZ000703
370,1998-09-29,16.0,16.06,16.61,15.99,2102,2608944.0,3.8,-1.59,-0.26,0.45,SZ000703
371,1998-09-30,16.03,16.04,16.25,15.61,2720,3358288.5,3.99,-0.12,-0.02,0.58,SZ000703
372,1998-10-05,15.99,15.86,15.99,15.67,2158,2619537.0,2.0,-1.12,-0.18,0.46,SZ000703
373,1998-10-06,15.77,15.37,16.04,15.35,2867,3435128.0,4.35,-3.09,-0.49,0.61,SZ000703
374,1998-10-07,15.24,15.31,15.8,15.21,2220,2615130.75,3.84,-0.39,-0.06,0.47,SZ000703
375,1998-10-08,15.37,15.46,15.6,14.89,4841,5705429.5,4.64,0.98,0.15,1.04,SZ000703
376,1998-10-09,15.47,15.41,15.59,15.08,6525,7684641.5,3.3,-0.32,-0.05,1.4,SZ000703
377,1998-10-12,15.34,15.26,15.37,15.09,2772,3255191.25,1.82,-0.97,-0.15,0.59,SZ000703
378,1998-10-13,15.34,15.38,15.67,15.26,2865,3408058.75,2.69,0.79,0.12,0.61,SZ000703
379,1998-10-14,15.41,15.38,15.73,15.34,1855,2205177.25,2.54,0.0,0.0,0.4,SZ000703
380,1998-10-15,14.89,15.6,15.7,14.89,3639,4304676.5,5.27,1.43,0.22,0.78,SZ000703
381,1998-10-16,15.54,15.74,16.11,15.54,4060,4953045.5,3.65,0.9,0.14,0.87,SZ000703
382,1998-10-19,15.9,15.86,16.19,15.6,3364,4125266.25,3.75,0.76,0.12,0.72,SZ000703
383,1998-10-20,16.09,16.28,16.55,15.96,9216,11555355.0,3.72,2.65,0.42,1.97,SZ000703
384,1998-10-21,16.38,15.83,16.45,15.83,5445,6718872.5,3.81,-2.76,-0.45,1.16,SZ000703
385,1998-10-22,15.6,15.8,15.83,15.41,4112,4933950.0,2.65,-0.19,-0.03,0.88,SZ000703
386,1998-10-23,15.8,15.7,16.12,15.63,2847,3468629.25,3.1,-0.63,-0.1,0.61,SZ000703
387,1998-10-26,15.5,15.44,15.67,15.02,4369,5173001.5,4.14,-1.66,-0.26,0.93,SZ000703
388,1998-10-27,15.48,15.33,15.48,15.21,2252,2656351.5,1.75,-0.71,-0.11,0.48,SZ000703
389,1998-10-28,15.42,16.32,16.51,15.28,12293,15176414.0,8.02,6.46,0.99,2.63,SZ000703
390,1998-10-29,16.64,16.51,17.29,16.19,48014,61743492.0,6.74,1.16,0.19,10.27,SZ000703
391,1998-10-30,16.61,16.06,16.9,15.96,15970,20206204.0,5.69,-2.73,-0.45,3.42,SZ000703
392,1998-11-02,16.06,16.33,16.58,16.06,7269,9133446.0,3.24,1.68,0.27,1.55,SZ000703
393,1998-11-03,16.33,17.03,17.1,16.32,25027,32459230.0,4.78,4.29,0.7,5.35,SZ000703
394,1998-11-04,17.16,16.64,17.21,16.58,13029,16841964.0,3.7,-2.29,-0.39,2.79,SZ000703
395,1998-11-05,16.71,16.67,16.9,16.32,16672,21152518.0,3.49,0.18,0.03,3.57,SZ000703
396,1998-11-06,16.69,17.15,17.55,16.45,24343,31570134.0,6.6,2.88,0.48,5.21,SZ000703
397,1998-11-09,17.43,17.9,18.15,17.23,27532,37664456.0,5.36,4.37,0.75,5.89,SZ000703
398,1998-11-10,18.02,17.77,18.11,17.54,13805,18890050.0,3.18,-0.73,-0.13,2.95,SZ000703
399,1998-11-11,17.81,17.73,17.94,17.39,10322,13944070.0,3.1,-0.23,-0.04,2.21,SZ000703
400,1998-11-12,17.75,17.9,18.01,17.47,9825,13376340.0,3.05,0.96,0.17,2.1,SZ000703
401,1998-11-13,17.94,18.16,18.4,17.75,15176,21242864.0,3.63,1.45,0.26,3.25,SZ000703
402,1998-11-16,18.33,17.84,18.33,17.78,7926,10910037.0,3.03,-1.76,-0.32,1.7,SZ000703
403,1998-11-17,17.8,17.56,17.88,17.37,7785,10520922.0,2.86,-1.57,-0.28,1.67,SZ000703
404,1998-11-18,17.43,17.33,17.67,17.29,5419,7252999.5,2.16,-1.31,-0.23,1.16,SZ000703
405,1998-11-19,17.29,17.16,17.5,17.03,5664,7500463.0,2.71,-0.98,-0.17,1.21,SZ000703
406,1998-11-20,17.1,17.16,17.42,17.04,4845,6426332.0,2.21,0.0,0.0,1.04,SZ000703
407,1998-11-23,17.16,16.76,17.36,16.74,5209,6756696.5,3.61,-2.33,-0.4,1.11,SZ000703
408,1998-11-24,16.74,16.97,17.16,16.67,4713,6133940.0,2.92,1.25,0.21,1.01,SZ000703
409,1998-11-25,17.03,16.93,17.36,16.8,2861,3733554.25,3.3,-0.24,-0.04,0.61,SZ000703
410,1998-11-26,16.84,16.38,16.9,16.28,3997,5094068.0,3.66,-3.25,-0.55,0.85,SZ000703
411,1998-11-27,16.32,16.24,16.63,15.87,4328,5399423.0,4.64,-0.85,-0.14,0.93,SZ000703
412,1998-11-30,16.38,16.47,17.36,16.15,5557,7213309.5,7.45,1.42,0.23,1.19,SZ000703
413,1998-12-01,16.51,15.9,16.6,15.86,3979,4917479.0,4.49,-3.46,-0.57,0.85,SZ000703
414,1998-12-02,15.86,15.85,15.86,15.47,2524,3043500.5,2.45,-0.31,-0.05,0.54,SZ000703
415,1998-12-03,15.85,15.6,15.94,15.54,2473,2975922.25,2.52,-1.58,-0.25,0.53,SZ000703
416,1998-12-04,15.67,15.47,15.73,15.41,1828,2196490.0,2.05,-0.83,-0.13,0.39,SZ000703
417,1998-12-07,15.73,15.2,15.76,15.08,3002,3527530.5,4.4,-1.75,-0.27,0.64,SZ000703
418,1998-12-08,15.2,15.24,15.43,15.08,2339,2738024.5,2.3,0.26,0.04,0.5,SZ000703
419,1998-12-09,15.47,15.18,15.47,15.08,1759,2052745.12,2.56,-0.39,-0.06,0.38,SZ000703
420,1998-12-10,15.21,14.9,15.24,14.79,1769,2045708.88,2.96,-1.84,-0.28,0.38,SZ000703
421,1998-12-11,14.82,14.99,14.99,14.37,2753,3097454.25,4.16,0.6,0.09,0.59,SZ000703
422,1998-12-14,14.72,14.37,14.91,14.34,1760,1965727.0,3.8,-4.14,-0.62,0.38,SZ000703
423,1998-12-15,14.27,14.2,14.3,13.65,5467,5838767.5,4.52,-1.18,-0.17,1.17,SZ000703
424,1998-12-16,14.04,13.82,14.18,13.79,2236,2406475.0,2.75,-2.68,-0.38,0.48,SZ000703
425,1998-12-17,13.78,13.61,13.92,13.59,2064,2182270.0,2.39,-1.52,-0.21,0.44,SZ000703
426,1998-12-18,13.59,13.62,13.98,13.59,2684,2833960.25,2.87,0.07,0.01,0.57,SZ000703
427,1998-12-21,13.73,13.39,13.75,13.26,2085,2160638.0,3.6,-1.69,-0.23,0.45,SZ000703
428,1998-12-22,13.56,14.26,14.27,13.46,3978,4293092.0,6.05,6.5,0.87,0.85,SZ000703
429,1998-12-23,14.26,14.04,14.4,14.04,2998,3274473.75,2.52,-1.54,-0.22,0.64,SZ000703
430,1998-12-24,14.14,14.2,14.25,14.04,1500,1634364.38,1.5,1.14,0.16,0.32,SZ000703
431,1998-12-25,14.3,14.13,14.4,14.11,726,797050.0,2.04,-0.49,-0.07,0.16,SZ000703
432,1998-12-28,14.17,13.78,14.17,13.72,1056,1131490.0,3.18,-2.48,-0.35,0.23,SZ000703
433,1998-12-29,13.52,13.34,13.78,13.34,2365,2455817.0,3.19,-3.19,-0.44,0.51,SZ000703
434,1998-12-30,13.29,13.57,13.62,13.27,2729,2812094.75,2.62,1.72,0.23,0.58,SZ000703
435,1998-12-31,13.62,13.48,13.65,13.46,1054,1097505.0,1.4,-0.66,-0.09,0.23,SZ000703
436,1999-01-04,13.91,13.39,13.91,13.39,640,664576.38,3.86,-0.67,-0.09,0.14,SZ000703
437,1999-01-05,13.39,13.16,13.46,12.86,1657,1666586.0,4.48,-1.72,-0.23,0.35,SZ000703
438,1999-01-06,13.14,13.26,13.46,13.13,1096,1118075.0,2.51,0.76,0.1,0.23,SZ000703
439,1999-01-07,13.33,13.88,13.91,13.23,2559,2666911.25,5.13,4.68,0.62,0.55,SZ000703
440,1999-01-08,13.85,14.13,14.14,13.69,3288,3540317.0,3.24,1.8,0.25,0.7,SZ000703
441,1999-01-11,14.21,14.04,14.26,13.78,3066,3289376.75,3.4,-0.64,-0.09,0.66,SZ000703
442,1999-01-12,14.01,13.62,14.01,13.6,1740,1842961.0,2.92,-2.99,-0.42,0.37,SZ000703
443,1999-01-13,13.46,13.39,13.55,13.39,1873,1937347.75,1.17,-1.69,-0.23,0.4,SZ000703
444,1999-01-14,13.26,13.38,13.47,13.17,2093,2135538.25,2.24,-0.07,-0.01,0.45,SZ000703
445,1999-01-15,13.46,13.33,13.55,13.26,1427,1468766.0,2.17,-0.37,-0.05,0.31,SZ000703
446,1999-01-18,13.33,13.56,13.57,12.94,1401,1429124.75,4.73,1.73,0.23,0.3,SZ000703
447,1999-01-19,13.62,14.09,14.11,13.35,3699,3932093.5,5.6,3.91,0.53,0.79,SZ000703
448,1999-01-20,14.11,13.79,14.25,13.74,2940,3166970.75,3.62,-2.13,-0.3,0.63,SZ000703
449,1999-01-21,13.85,13.82,13.91,13.46,2149,2259848.0,3.26,0.22,0.03,0.46,SZ000703
450,1999-01-22,14.16,13.72,14.17,13.61,2370,2535252.0,4.05,-0.72,-0.1,0.51,SZ000703
451,1999-01-25,13.81,13.52,14.05,13.52,1158,1213350.38,3.86,-1.46,-0.2,0.25,SZ000703
452,1999-01-26,13.52,13.33,13.52,13.2,1932,1979491.75,2.37,-1.41,-0.19,0.41,SZ000703
453,1999-01-27,13.33,13.53,13.53,13.26,1322,1365212.0,2.03,1.5,0.2,0.28,SZ000703
454,1999-01-28,13.34,13.53,13.75,13.26,2129,2185538.75,3.62,0.0,0.0,0.46,SZ000703
455,1999-01-29,13.49,13.23,13.49,13.0,2111,2140107.75,3.62,-2.22,-0.3,0.45,SZ000703
456,1999-02-01,13.23,12.99,13.25,12.95,1927,1932966.62,2.27,-1.81,-0.24,0.41,SZ000703
457,1999-02-02,12.97,13.33,13.52,11.9,2615,2620575.0,12.47,2.62,0.34,0.56,SZ000703
458,1999-02-03,13.26,13.0,13.39,12.99,1821,1836952.62,3.0,-2.48,-0.33,0.39,SZ000703
459,1999-02-04,12.99,12.27,12.99,12.23,3100,2982653.5,5.85,-5.62,-0.73,0.66,SZ000703
460,1999-02-05,12.21,11.75,12.21,11.7,3456,3178742.75,4.16,-4.24,-0.52,0.74,SZ000703
461,1999-02-08,11.75,11.49,11.95,11.44,2335,2102437.5,4.34,-2.21,-0.26,0.5,SZ000703
462,1999-02-09,11.73,11.71,11.83,11.69,1486,1342121.5,1.22,1.91,0.22,0.32,SZ000703
463,1999-03-01,11.9,11.7,11.9,11.7,1254,1132059.62,1.71,-0.09,-0.01,0.27,SZ000703
464,1999-03-02,11.7,11.96,12.03,11.7,694,632431.5,2.82,2.22,0.26,0.15,SZ000703
465,1999-03-03,11.91,12.38,12.42,11.91,1714,1620522.88,4.26,3.51,0.42,0.37,SZ000703
466,1999-03-04,12.42,12.29,12.42,12.19,1289,1214388.75,1.86,-0.73,-0.09,0.28,SZ000703
467,1999-03-05,12.21,12.48,12.48,12.21,1506,1430257.75,2.2,1.55,0.19,0.32,SZ000703
468,1999-03-08,12.48,12.64,12.66,12.31,2063,1975833.0,2.8,1.28,0.16,0.44,SZ000703
469,1999-03-09,12.64,12.84,13.2,12.61,4967,4928107.5,4.67,1.58,0.2,1.06,SZ000703
470,1999-03-10,12.34,12.09,12.47,11.96,4091,3822837.5,3.97,-5.84,-0.75,0.88,SZ000703
471,1999-03-11,12.03,12.7,12.78,11.86,7902,7516250.0,7.61,5.05,0.61,1.69,SZ000703
472,1999-03-12,12.81,12.56,12.84,12.39,3172,3079975.0,3.54,-1.1,-0.14,0.68,SZ000703
473,1999-03-15,12.71,13.07,13.18,12.49,6517,6477903.5,5.49,4.06,0.51,1.39,SZ000703
474,1999-03-16,13.1,13.1,13.23,12.87,5309,5318680.0,2.75,0.23,0.03,1.14,SZ000703
475,1999-03-17,13.39,12.96,13.46,12.94,4940,4976996.5,3.97,-1.07,-0.14,1.06,SZ000703
476,1999-03-18,12.87,12.55,12.87,12.55,2739,2671500.75,2.47,-3.16,-0.41,0.59,SZ000703
477,1999-03-19,12.48,12.69,12.79,12.48,3106,3022582.5,2.47,1.12,0.14,0.66,SZ000703
478,1999-03-22,12.69,12.48,12.77,12.32,5922,5680534.5,3.55,-1.65,-0.21,1.27,SZ000703
479,1999-03-23,12.49,12.35,12.49,12.19,2946,2786265.5,2.4,-1.04,-0.13,0.63,SZ000703
480,1999-03-24,12.42,12.45,12.48,12.22,3674,3469111.5,2.11,0.81,0.1,0.79,SZ000703
481,1999-03-25,12.48,12.7,12.7,12.3,4616,4458023.0,3.21,2.01,0.25,0.99,SZ000703
482,1999-03-26,12.69,13.14,13.2,12.48,10417,10394509.0,5.67,3.46,0.44,2.23,SZ000703
483,1999-03-29,13.12,13.27,13.39,13.01,8162,8313529.5,2.89,0.99,0.13,1.75,SZ000703
484,1999-03-30,13.23,13.01,13.23,12.97,4543,4572289.5,1.96,-1.96,-0.26,0.97,SZ000703
485,1999-03-31,12.95,13.0,13.13,12.87,2471,2473489.25,2.0,-0.08,-0.01,0.53,SZ000703
486,1999-04-01,12.94,13.43,13.46,12.77,8787,8989369.0,5.31,3.31,0.43,1.88,SZ000703
487,1999-04-02,13.46,13.49,13.59,13.34,6234,6469150.5,1.86,0.45,0.06,1.33,SZ000703
488,1999-04-05,13.52,14.03,14.17,13.51,15906,16877002.0,4.89,4.0,0.54,3.4,SZ000703
489,1999-04-06,14.01,14.07,14.21,13.83,6819,7349670.5,2.71,0.29,0.04,1.46,SZ000703
490,1999-04-07,14.07,14.37,14.37,13.73,12819,13899299.0,4.55,2.13,0.3,2.74,SZ000703
491,1999-04-08,14.53,13.99,14.53,13.88,7164,7808451.0,4.52,-2.64,-0.38,1.53,SZ000703
492,1999-04-09,13.91,13.94,14.09,13.73,3808,4065296.25,2.57,-0.36,-0.05,0.81,SZ000703
493,1999-04-12,13.82,13.85,14.05,13.6,7230,7692366.0,3.23,-0.65,-0.09,1.55,SZ000703
494,1999-04-13,13.21,13.27,13.77,13.21,4195,4306348.0,4.04,-4.19,-0.58,0.9,SZ000703
495,1999-04-14,13.36,13.18,13.46,13.1,2786,2835371.75,2.71,-0.68,-0.09,0.6,SZ000703
496,1999-04-15,13.23,13.6,13.65,13.07,6039,6242384.0,4.4,3.19,0.42,1.29,SZ000703
497,1999-04-16,13.4,13.7,13.77,13.4,8381,8791596.0,2.72,0.74,0.1,1.79,SZ000703
498,1999-04-19,13.59,14.24,14.25,13.59,11805,12756875.0,4.82,3.94,0.54,2.53,SZ000703
499,1999-04-20,14.24,14.55,14.56,14.04,17869,19748278.0,3.65,2.18,0.31,3.82,SZ000703
500,1999-04-21,14.56,14.09,14.86,13.94,19537,21998346.0,6.32,-3.16,-0.46,4.18,SZ000703
501,1999-04-22,13.52,14.69,14.69,13.39,27047,29382096.0,9.23,4.26,0.6,5.79,SZ000703
502,1999-04-23,14.69,14.14,15.07,14.05,30302,34424372.0,6.94,-3.74,-0.55,6.48,SZ000703
503,1999-04-26,14.25,14.01,14.43,13.59,7478,8013416.0,5.94,-0.92,-0.13,1.6,SZ000703
504,1999-04-27,14.01,13.68,14.01,13.59,4703,4975730.0,3.0,-2.36,-0.33,1.01,SZ000703
505,1999-04-28,13.68,12.87,13.98,12.48,10261,10334992.0,10.96,-5.92,-0.81,2.19,SZ000703
506,1999-04-29,12.77,13.6,13.65,12.49,7894,7947743.5,9.01,5.67,0.73,1.69,SZ000703
507,1999-04-30,13.64,13.65,13.95,13.25,10074,10531463.0,5.15,0.37,0.05,2.15,SZ000703
508,1999-05-04,13.26,13.27,13.7,13.26,1851,1906829.0,3.22,-2.78,-0.38,0.4,SZ000703
509,1999-05-05,13.25,13.65,13.69,12.94,6903,7059614.0,5.65,2.86,0.38,1.48,SZ000703
510,1999-05-06,13.65,13.95,14.04,13.26,14049,14862073.0,5.71,2.2,0.3,3.01,SZ000703
511,1999-05-07,13.88,13.73,14.13,13.72,11160,12018853.0,2.94,-1.58,-0.22,2.39,SZ000703
512,1999-05-10,13.39,13.1,14.0,12.95,5543,5659171.5,7.65,-4.59,-0.63,1.19,SZ000703
513,1999-05-11,12.99,13.65,14.04,12.99,7706,8020417.5,8.02,4.2,0.55,1.65,SZ000703
514,1999-05-12,13.72,13.44,14.11,13.27,3246,3404475.0,6.15,-1.54,-0.21,0.69,SZ000703
515,1999-05-13,13.27,13.17,13.55,13.07,3119,3172599.5,3.57,-2.01,-0.27,0.67,SZ000703
516,1999-05-14,13.13,12.77,13.44,12.74,6014,5987933.0,5.32,-3.04,-0.4,1.29,SZ000703
517,1999-05-17,12.74,12.69,13.04,12.55,2211,2177339.5,3.84,-0.63,-0.08,0.47,SZ000703
518,1999-05-18,12.77,12.23,12.87,12.22,3617,3489790.25,5.12,-3.62,-0.46,0.77,SZ000703
519,1999-05-19,12.23,12.77,12.87,11.96,10639,10015066.0,7.44,4.42,0.54,2.28,SZ000703
520,1999-05-20,12.71,13.05,13.07,12.56,6591,6531524.0,3.99,2.19,0.28,1.41,SZ000703
521,1999-05-21,13.1,12.95,13.23,12.87,6027,6041226.0,2.76,-0.77,-0.1,1.29,SZ000703
522,1999-05-24,12.97,13.2,13.21,12.48,11878,11707790.0,5.64,1.93,0.25,2.54,SZ000703
523,1999-05-25,13.26,13.1,13.98,12.87,16324,16925248.0,8.41,-0.76,-0.1,3.49,SZ000703
524,1999-05-26,13.0,13.26,13.52,12.96,7266,7411040.5,4.27,1.22,0.16,1.55,SZ000703
525,1999-05-27,13.33,14.09,14.11,13.26,19592,20622846.0,6.41,6.26,0.83,4.19,SZ000703
526,1999-05-28,14.17,13.62,14.24,13.46,9881,10400371.0,5.54,-3.34,-0.47,2.11,SZ000703
527,1999-05-31,13.33,13.34,13.83,12.91,11312,11618332.0,6.75,-2.06,-0.28,2.42,SZ000703
528,1999-06-01,13.33,13.46,13.56,13.05,9847,10043966.0,3.82,0.9,0.12,2.11,SZ000703
529,1999-06-02,13.52,13.62,14.03,13.34,13571,14227718.0,5.13,1.19,0.16,2.9,SZ000703
530,1999-06-03,13.69,13.18,13.69,13.1,6174,6345511.0,4.33,-3.23,-0.44,1.32,SZ000703
531,1999-06-04,13.23,13.57,13.78,13.18,8016,8279126.0,4.55,2.96,0.39,1.71,SZ000703
532,1999-06-07,13.59,14.43,14.86,13.2,24825,27337602.0,12.23,6.34,0.86,5.31,SZ000703
533,1999-06-08,14.56,14.95,15.3,14.3,27700,31606826.0,6.93,3.6,0.52,5.93,SZ000703
534,1999-06-09,14.94,15.0,15.29,14.43,14514,16566059.0,5.75,0.33,0.05,3.1,SZ000703
535,1999-06-10,15.29,14.77,15.34,14.69,14480,16679828.0,4.33,-1.53,-0.23,3.1,SZ000703
536,1999-06-11,14.82,14.77,15.18,14.76,11328,13004259.0,2.84,0.0,0.0,2.42,SZ000703
537,1999-06-14,14.78,15.56,15.8,14.66,15768,18509852.0,7.72,5.35,0.79,3.37,SZ000703
538,1999-06-15,15.67,14.43,15.96,14.04,15857,18427904.0,12.34,-7.26,-1.13,3.39,SZ000703
539,1999-06-16,14.57,14.95,15.15,14.5,10871,12334972.0,4.5,3.6,0.52,2.33,SZ000703
540,1999-06-17,15.21,14.85,15.31,14.47,16459,18697090.0,5.62,-0.67,-0.1,3.52,SZ000703
541,1999-06-18,15.08,15.33,15.57,14.56,19755,22998688.0,6.8,3.23,0.48,4.23,SZ000703
542,1999-06-21,15.41,16.11,16.32,15.41,18846,23123448.0,5.94,5.09,0.78,4.03,SZ000703
543,1999-06-22,16.25,15.98,16.32,15.44,17930,21784472.0,5.46,-0.81,-0.13,3.84,SZ000703
544,1999-06-23,16.12,16.32,16.74,15.6,20456,25676768.0,7.13,2.13,0.34,4.38,SZ000703
545,1999-06-24,16.38,16.32,16.64,15.99,21883,27387758.0,3.98,0.0,0.0,4.68,SZ000703
546,1999-06-25,16.45,15.08,16.64,15.08,28509,35321184.0,9.56,-7.6,-1.24,6.1,SZ000703
547,1999-06-29,16.74,16.06,16.74,15.73,21237,26208372.0,6.7,6.5,0.98,4.54,SZ000703
548,1999-06-30,16.12,15.5,16.25,15.41,18489,22139224.0,5.23,-3.49,-0.56,3.95,SZ000703
549,1999-07-01,15.41,13.95,15.41,13.95,12931,14402734.0,9.42,-10.0,-1.55,2.77,SZ000703
550,1999-07-02,14.01,14.43,14.66,13.65,12928,14076137.0,7.24,3.44,0.48,2.77,SZ000703
551,1999-07-05,14.43,14.56,14.86,14.3,8977,10030111.0,3.88,0.9,0.13,1.92,SZ000703
552,1999-07-06,14.56,13.91,14.59,13.68,5999,6494943.0,6.25,-4.46,-0.65,1.28,SZ000703
553,1999-07-07,13.65,14.05,14.14,13.52,5481,5847010.0,4.46,1.01,0.14,1.17,SZ000703
554,1999-07-08,14.04,14.12,14.29,13.69,6102,6590498.0,4.27,0.5,0.07,1.31,SZ000703
555,1999-07-09,14.04,14.04,14.16,13.78,6096,6567979.5,2.69,-0.57,-0.08,1.3,SZ000703
556,1999-07-12,14.04,13.75,14.04,13.65,7048,7476357.0,2.78,-2.07,-0.29,1.51,SZ000703
557,1999-07-13,13.79,14.26,14.34,13.78,7044,7666066.0,4.07,3.71,0.51,1.51,SZ000703
558,1999-07-14,14.42,14.43,14.81,14.04,6050,6725872.0,5.4,1.19,0.17,1.29,SZ000703
559,1999-07-15,14.5,14.14,14.5,14.11,3994,4354548.5,2.7,-2.01,-0.29,0.85,SZ000703
560,1999-07-16,14.14,13.68,14.14,13.65,5396,5702059.0,3.47,-3.25,-0.46,1.15,SZ000703
561,1999-07-19,13.65,13.05,13.65,13.0,4375,4449130.0,4.75,-4.61,-0.63,0.94,SZ000703
562,1999-07-20,13.08,13.75,13.75,13.0,4256,4370713.0,5.75,5.36,0.7,0.91,SZ000703
563,1999-07-21,13.78,13.9,14.07,13.39,6600,6926334.5,4.95,1.09,0.15,1.41,SZ000703
564,1999-07-22,13.85,13.1,13.85,13.03,4233,4357604.0,5.9,-5.76,-0.8,0.91,SZ000703
565,1999-07-23,13.13,13.42,13.65,13.13,3743,3830942.75,3.97,2.44,0.32,0.8,SZ000703
566,1999-07-26,13.42,13.25,13.42,13.1,5120,5212063.5,2.38,-1.27,-0.17,1.1,SZ000703
567,1999-07-27,13.23,13.36,13.46,13.23,2463,2527542.25,1.74,0.83,0.11,0.53,SZ000703
568,1999-07-28,13.26,13.39,13.51,13.16,3291,3385809.5,2.62,0.22,0.03,0.7,SZ000703
569,1999-07-29,13.46,13.83,13.91,13.46,5562,5872081.0,3.36,3.29,0.44,1.19,SZ000703
570,1999-07-30,13.83,13.74,13.87,13.61,2138,2249935.0,1.88,-0.65,-0.09,0.46,SZ000703
571,1999-08-02,13.91,13.94,13.98,13.65,4195,4454026.0,2.4,1.46,0.2,0.9,SZ000703
572,1999-08-03,13.91,13.78,13.96,13.61,3440,3655188.25,2.51,-1.15,-0.16,0.74,SZ000703
573,1999-08-04,13.91,13.99,14.01,13.77,4691,4999706.0,1.74,1.52,0.21,1.0,SZ000703
574,1999-08-05,13.98,14.33,14.4,13.72,8543,9297592.0,4.86,2.43,0.34,1.83,SZ000703
575,1999-08-06,14.3,14.33,14.43,13.88,9762,10680470.0,3.84,0.0,0.0,2.09,SZ000703
576,1999-08-09,14.4,14.48,14.79,14.34,6878,7706192.0,3.14,1.05,0.15,1.47,SZ000703
577,1999-08-10,14.5,14.16,14.5,14.05,3572,3908586.25,3.11,-2.21,-0.32,0.76,SZ000703
578,1999-08-11,14.11,13.69,14.11,13.59,2851,3042388.75,3.67,-3.32,-0.47,0.61,SZ000703
579,1999-08-12,13.78,13.9,13.98,13.62,2435,2583415.5,2.63,1.53,0.21,0.52,SZ000703
580,1999-08-13,13.66,14.14,14.17,13.66,3311,3562837.5,3.67,1.73,0.24,0.71,SZ000703
581,1999-08-16,14.31,14.11,14.31,13.83,2300,2470464.5,3.39,-0.21,-0.03,0.49,SZ000703
582,1999-08-17,14.03,14.29,14.38,14.03,5843,6397035.0,2.48,1.28,0.18,1.25,SZ000703
583,1999-08-18,14.29,14.31,14.38,13.98,5667,6179238.0,2.8,0.14,0.02,1.21,SZ000703
584,1999-08-19,14.43,14.91,15.25,14.43,35670,40581704.0,5.73,4.19,0.6,7.63,SZ000703
585,1999-08-20,14.9,14.64,15.05,14.56,11086,12582094.0,3.29,-1.81,-0.27,2.37,SZ000703
586,1999-08-23,14.27,14.69,14.95,14.11,8556,9632841.0,5.74,0.34,0.05,1.83,SZ000703
587,1999-08-24,14.82,14.52,14.82,14.43,5830,6533188.0,2.65,-1.16,-0.17,1.25,SZ000703
588,1999-08-25,14.5,15.13,15.2,14.43,9839,11202880.0,5.3,4.2,0.61,2.1,SZ000703
589,1999-08-26,15.15,15.05,15.21,14.76,7783,9003115.0,2.97,-0.53,-0.08,1.66,SZ000703
590,1999-08-27,15.05,15.3,15.46,14.95,9664,11314946.0,3.39,1.66,0.25,2.07,SZ000703
591,1999-08-30,15.34,14.94,15.46,14.92,6469,7556713.0,3.53,-2.35,-0.36,1.38,SZ000703
592,1999-08-31,14.94,14.87,15.03,14.66,4600,5236690.5,2.48,-0.47,-0.07,0.98,SZ000703
593,1999-09-01,14.82,14.65,14.82,14.57,3936,4446582.0,1.68,-1.48,-0.22,0.84,SZ000703
594,1999-09-02,14.57,14.82,14.89,14.42,3633,4065552.0,3.21,1.16,0.17,0.78,SZ000703
595,1999-09-03,14.76,14.53,14.76,14.43,2470,2777849.0,2.23,-1.96,-0.29,0.53,SZ000703
596,1999-09-06,14.63,14.13,14.63,14.05,2981,3266749.25,3.99,-2.75,-0.4,0.64,SZ000703
597,1999-09-07,13.92,14.04,14.17,13.92,2070,2243694.0,1.77,-0.64,-0.09,0.44,SZ000703
598,1999-09-08,14.04,14.24,14.3,13.79,2008,2190187.5,3.63,1.42,0.2,0.43,SZ000703
599,1999-09-09,14.3,14.91,14.91,14.3,4375,4953993.0,4.28,4.71,0.67,0.94,SZ000703
600,1999-09-10,15.02,14.5,15.05,14.43,5978,6730793.5,4.16,-2.75,-0.41,1.28,SZ000703
601,1999-09-13,14.43,14.77,14.94,14.43,5066,5712722.0,3.52,1.86,0.27,1.08,SZ000703
602,1999-09-14,14.89,15.18,15.21,14.77,9316,10786709.0,2.98,2.78,0.41,1.99,SZ000703
603,1999-09-15,15.3,14.94,15.31,14.82,4029,4650356.0,3.23,-1.58,-0.24,0.86,SZ000703
604,1999-09-16,15.04,14.82,15.08,14.61,3348,3842577.75,3.15,-0.8,-0.12,0.72,SZ000703
605,1999-09-17,14.91,14.86,15.03,14.76,2615,2992863.0,1.82,0.27,0.04,0.56,SZ000703
606,1999-09-20,15.12,15.05,15.41,14.99,8227,9615714.0,2.83,1.28,0.19,1.76,SZ000703
607,1999-09-21,14.95,14.86,15.11,14.82,1989,2286460.0,1.93,-1.26,-0.19,0.43,SZ000703
608,1999-09-22,15.31,14.89,15.34,14.82,1462,1684800.75,3.5,0.2,0.03,0.31,SZ000703
609,1999-09-23,14.95,14.52,14.96,14.5,2553,2883590.0,3.09,-2.48,-0.37,0.55,SZ000703
610,1999-09-24,14.85,14.56,14.85,14.53,1659,1867136.25,2.2,0.28,0.04,0.35,SZ000703
611,1999-09-27,14.77,14.56,14.83,14.33,1475,1664149.0,3.43,0.0,0.0,0.32,SZ000703
612,1999-09-28,14.69,14.35,14.69,14.34,1480,1647193.88,2.4,-1.44,-0.21,0.32,SZ000703
613,1999-09-29,14.38,14.37,14.63,14.35,1698,1884508.0,1.95,0.14,0.02,0.36,SZ000703
614,1999-09-30,14.48,14.17,14.48,14.16,1588,1745892.75,2.23,-1.39,-0.2,0.34,SZ000703
615,1999-10-08,14.04,14.17,14.24,13.85,1373,1484678.12,2.75,0.0,0.0,0.29,SZ000703
616,1999-10-11,14.05,14.25,14.46,13.94,1109,1214447.12,3.67,0.56,0.08,0.24,SZ000703
617,1999-10-12,14.33,14.34,14.5,14.3,858,948220.19,1.4,0.63,0.09,0.18,SZ000703
618,1999-10-13,14.47,13.92,14.63,13.91,1272,1382440.88,5.02,-2.93,-0.42,0.27,SZ000703
619,1999-10-14,13.91,13.73,14.14,13.65,1281,1361501.38,3.52,-1.36,-0.19,0.27,SZ000703
620,1999-10-15,13.91,14.01,14.17,13.91,1902,2050992.38,1.89,2.04,0.28,0.41,SZ000703
621,1999-10-18,14.16,13.81,14.16,13.65,1146,1222074.88,3.64,-1.43,-0.2,0.25,SZ000703
622,1999-10-19,13.81,13.44,14.03,13.39,1174,1226500.25,4.63,-2.68,-0.37,0.25,SZ000703
623,1999-10-20,13.52,13.72,13.73,13.36,1031,1075988.75,2.75,2.08,0.28,0.22,SZ000703
624,1999-10-22,14.11,13.73,14.16,13.72,1835,1959454.62,3.21,0.07,0.01,0.39,SZ000703
625,1999-10-25,13.78,13.6,13.91,13.55,1291,1355337.38,2.62,-0.95,-0.13,0.28,SZ000703
626,1999-10-26,13.61,14.07,14.11,13.61,4549,4874978.0,3.68,3.46,0.47,0.97,SZ000703
627,1999-10-27,14.17,14.39,14.47,14.04,4369,4808557.0,3.06,2.27,0.32,0.93,SZ000703
628,1999-10-28,14.39,14.21,14.39,14.05,3075,3346249.0,2.36,-1.25,-0.18,0.66,SZ000703
629,1999-10-29,14.4,14.2,14.4,14.09,1994,2180243.75,2.18,-0.07,-0.01,0.43,SZ000703
630,1999-11-01,14.14,14.13,14.2,13.88,3375,3638842.5,2.25,-0.49,-0.07,0.72,SZ000703
631,1999-11-02,14.14,14.4,14.61,14.12,5128,5691281.5,3.47,1.91,0.27,1.1,SZ000703
632,1999-11-03,14.33,14.53,14.61,14.17,3195,3539168.25,3.06,0.9,0.13,0.68,SZ000703
633,1999-11-04,14.43,14.59,14.76,14.2,4937,5531865.5,3.85,0.41,0.06,1.06,SZ000703
634,1999-11-05,14.59,14.6,14.79,14.56,6424,7251093.0,1.58,0.07,0.01,1.37,SZ000703
635,1999-11-08,14.69,14.51,14.69,14.37,2622,2923642.0,2.19,-0.62,-0.09,0.56,SZ000703
636,1999-11-09,14.56,14.31,14.73,14.29,2406,2671555.0,3.03,-1.38,-0.2,0.51,SZ000703
637,1999-11-10,14.24,13.98,14.24,13.9,3061,3311308.25,2.38,-2.31,-0.33,0.65,SZ000703
638,1999-11-11,13.92,14.0,14.17,13.78,998,1077191.12,2.79,0.14,0.02,0.21,SZ000703
639,1999-11-12,13.92,13.95,14.04,13.91,769,825960.19,0.93,-0.36,-0.05,0.16,SZ000703
640,1999-11-15,13.92,13.83,13.96,13.72,1121,1189773.88,1.72,-0.86,-0.12,0.24,SZ000703
641,1999-11-16,13.94,13.7,13.98,13.7,1176,1246320.75,2.02,-0.94,-0.13,0.25,SZ000703
642,1999-11-17,13.87,14.17,14.24,13.73,1251,1344902.62,3.72,3.43,0.47,0.27,SZ000703
643,1999-11-18,14.0,14.18,14.39,13.98,2242,2457325.0,2.89,0.07,0.01,0.48,SZ000703
644,1999-11-19,14.11,14.17,14.37,13.98,932,1014351.5,2.75,-0.07,-0.01,0.2,SZ000703
645,1999-11-22,14.04,14.44,14.52,14.04,2015,2224581.75,3.39,1.91,0.27,0.43,SZ000703
646,1999-11-23,14.56,14.35,14.56,14.3,1212,1342636.25,1.8,-0.62,-0.09,0.26,SZ000703
647,1999-11-24,14.24,14.11,14.33,14.04,851,929432.38,2.02,-1.67,-0.24,0.18,SZ000703
648,1999-11-25,14.05,14.04,14.2,13.98,653,706799.44,1.56,-0.5,-0.07,0.14,SZ000703
649,1999-11-26,13.92,14.01,14.17,13.88,880,946779.12,2.07,-0.21,-0.03,0.19,SZ000703
650,1999-11-29,13.87,13.9,14.12,13.86,1028,1101256.62,1.86,-0.79,-0.11,0.22,SZ000703
651,1999-11-30,13.87,13.9,14.14,13.86,609,653046.0,2.01,0.0,0.0,0.13,SZ000703
652,1999-12-01,13.92,14.14,14.25,13.92,756,822236.88,2.37,1.73,0.24,0.16,SZ000703
653,1999-12-02,14.25,14.12,14.27,14.05,762,826801.0,1.56,-0.14,-0.02,0.16,SZ000703
654,1999-12-03,14.05,14.3,14.48,14.05,1637,1807919.25,3.05,1.27,0.18,0.35,SZ000703
655,1999-12-06,14.31,14.33,14.42,14.29,1574,1734025.75,0.91,0.21,0.03,0.34,SZ000703
656,1999-12-07,14.37,14.43,14.48,14.05,1349,1483794.62,3.0,0.7,0.1,0.29,SZ000703
657,1999-12-08,14.3,14.3,14.65,14.17,1827,2029308.62,3.33,-0.9,-0.13,0.39,SZ000703
658,1999-12-09,14.25,14.16,14.3,14.13,1048,1142826.12,1.19,-0.98,-0.14,0.22,SZ000703
659,1999-12-10,14.08,14.24,14.29,13.91,767,834621.62,2.68,0.56,0.08,0.16,SZ000703
660,1999-12-13,13.94,13.99,14.3,13.94,1130,1222972.88,2.53,-1.76,-0.25,0.24,SZ000703
661,1999-12-14,13.96,14.04,14.14,13.91,1679,1804193.25,1.64,0.36,0.05,0.36,SZ000703
662,1999-12-15,14.11,14.24,14.5,14.04,1947,2139079.75,3.28,1.42,0.2,0.42,SZ000703
663,1999-12-16,13.91,13.96,14.29,13.91,1184,1279742.5,2.67,-1.97,-0.28,0.25,SZ000703
664,1999-12-17,13.96,14.09,14.24,13.95,1112,1200674.0,2.08,0.93,0.13,0.24,SZ000703
665,1999-12-21,13.94,13.52,13.94,13.51,1674,1756988.25,3.05,-4.05,-0.57,0.36,SZ000703
666,1999-12-22,13.64,13.46,13.64,13.36,1131,1169629.88,2.07,-0.44,-0.06,0.24,SZ000703
667,1999-12-23,13.39,13.0,13.39,12.99,1708,1722300.25,2.97,-3.42,-0.46,0.37,SZ000703
668,1999-12-24,13.0,12.91,13.23,12.87,777,777282.88,2.77,-0.69,-0.09,0.17,SZ000703
669,1999-12-27,12.79,12.42,13.0,12.35,1574,1526575.0,5.03,-3.8,-0.49,0.34,SZ000703
670,1999-12-28,12.45,12.48,12.73,12.42,838,804900.88,2.5,0.48,0.06,0.18,SZ000703
671,1999-12-29,12.36,12.61,12.68,12.19,655,632695.75,3.93,1.04,0.13,0.14,SZ000703
672,1999-12-30,12.64,12.69,12.74,12.49,858,834213.88,1.98,0.63,0.08,0.18,SZ000703
673,2000-01-04,12.78,12.91,12.96,12.3,2035,1988661.25,5.2,1.73,0.22,0.44,SZ000703
674,2000-01-05,12.62,12.87,13.26,12.55,2413,2406633.0,5.5,-0.31,-0.04,0.52,SZ000703
675,2000-01-06,12.87,13.23,13.23,12.81,2046,2057185.25,3.26,2.8,0.36,0.44,SZ000703
676,2000-01-07,13.39,13.59,13.72,13.14,4039,4164574.0,4.38,2.72,0.36,0.86,SZ000703
677,2000-01-10,13.62,13.44,13.64,13.22,6519,6708616.0,3.09,-1.1,-0.15,1.39,SZ000703
678,2000-01-11,13.62,13.09,13.7,13.0,3228,3273041.0,5.21,-2.6,-0.35,0.69,SZ000703
679,2000-01-12,13.0,13.46,13.65,12.87,7849,8081632.5,5.96,2.83,0.37,1.68,SZ000703
680,2000-01-13,13.39,13.01,13.47,13.0,1751,1776699.5,3.49,-3.34,-0.45,0.37,SZ000703
681,2000-01-14,13.0,12.69,13.2,12.64,1650,1620544.0,4.3,-2.46,-0.32,0.35,SZ000703
682,2000-01-17,12.49,12.61,12.71,12.49,1763,1705676.5,1.73,-0.63,-0.08,0.38,SZ000703
683,2000-01-18,12.58,12.58,12.97,12.56,1033,1012502.62,3.25,-0.24,-0.03,0.22,SZ000703
684,2000-01-19,12.51,12.65,12.82,12.51,1370,1330740.75,2.46,0.56,0.07,0.29,SZ000703
685,2000-01-20,12.61,12.84,12.86,12.55,2747,2676848.0,2.45,1.5,0.19,0.59,SZ000703
686,2000-01-21,12.88,12.61,12.96,12.49,4185,4058475.5,3.66,-1.79,-0.23,0.9,SZ000703
687,2000-01-24,12.83,12.38,12.83,12.18,4397,4184229.5,5.15,-1.82,-0.23,0.94,SZ000703
688,2000-01-25,12.57,12.47,12.75,12.35,3396,3279417.0,3.23,0.73,0.09,0.73,SZ000703
689,2000-01-26,12.61,13.07,13.26,12.35,4774,4729525.5,7.3,4.81,0.6,1.02,SZ000703
690,2000-01-27,13.07,13.36,13.56,12.88,5993,6097969.0,5.2,2.22,0.29,1.28,SZ000703
691,2000-01-28,13.42,13.18,13.56,13.13,5631,5770422.5,3.22,-1.35,-0.18,1.2,SZ000703
692,2000-02-14,13.36,14.47,14.5,13.36,15252,16584736.0,8.65,9.79,1.29,3.26,SZ000703
693,2000-02-15,14.47,14.17,15.51,13.95,16735,18868332.0,10.78,-2.07,-0.3,3.58,SZ000703
694,2000-02-16,14.17,14.64,14.98,13.98,12329,13842803.0,7.06,3.32,0.47,2.64,SZ000703
695,2000-02-17,14.89,13.73,15.21,13.61,13198,14550061.0,10.93,-6.22,-0.91,2.82,SZ000703
696,2000-02-18,13.65,13.49,13.65,13.13,7153,7338370.0,3.79,-1.75,-0.24,1.53,SZ000703
697,2000-02-21,13.39,14.05,14.11,13.16,10304,10793344.0,7.04,4.15,0.56,2.2,SZ000703
698,2000-02-22,14.17,13.55,14.2,13.52,4481,4754147.5,4.84,-3.56,-0.5,0.96,SZ000703
699,2000-02-23,13.46,13.51,13.59,13.26,4231,4352083.5,2.44,-0.3,-0.04,0.91,SZ000703
700,2000-02-24,13.52,13.7,13.88,13.44,3673,3858111.75,3.26,1.41,0.19,0.79,SZ000703
701,2000-02-25,13.7,13.42,13.85,13.39,3251,3375322.0,3.36,-2.04,-0.28,0.7,SZ000703
702,2000-02-28,13.27,14.01,14.04,13.27,6925,7246130.0,5.74,4.4,0.59,1.48,SZ000703
703,2000-02-29,14.01,13.75,14.04,13.52,5426,5741245.0,3.71,-1.86,-0.26,1.16,SZ000703
704,2000-03-01,13.78,15.13,15.13,13.72,23133,26048434.0,10.25,10.04,1.38,4.95,SZ000703
705,2000-03-02,15.31,15.42,16.21,15.21,52548,63296972.0,6.61,1.92,0.29,11.24,SZ000703
706,2000-03-03,15.6,15.59,15.74,15.16,22509,26860798.0,3.76,1.1,0.17,4.81,SZ000703
707,2000-03-06,15.6,15.08,16.51,15.07,26725,32805834.0,9.24,-3.27,-0.51,5.72,SZ000703
708,2000-03-07,14.94,14.94,15.59,14.53,9035,10402188.0,7.03,-0.93,-0.14,1.93,SZ000703
709,2000-03-08,14.82,15.68,15.86,14.82,12326,14673778.0,6.96,4.95,0.74,2.64,SZ000703
710,2000-03-09,15.76,15.08,15.83,15.05,9938,11636258.0,4.97,-3.83,-0.6,2.13,SZ000703
711,2000-03-10,15.09,14.82,15.42,14.77,6042,6953298.5,4.31,-1.72,-0.26,1.29,SZ000703
712,2000-03-13,14.82,15.09,15.15,14.56,6146,6990856.5,3.98,1.82,0.27,1.31,SZ000703
713,2000-03-14,14.69,14.55,14.82,14.09,7561,8422491.0,4.84,-3.58,-0.54,1.62,SZ000703
714,2000-03-15,14.55,14.6,14.94,14.55,5775,6534563.5,2.68,0.34,0.05,1.24,SZ000703
715,2000-03-16,14.18,14.29,14.83,14.0,4975,5512002.0,5.68,-2.12,-0.31,1.06,SZ000703
716,2000-03-17,13.98,14.55,14.57,13.98,6616,7326027.5,4.13,1.82,0.26,1.42,SZ000703
717,2000-03-20,14.3,15.39,15.56,14.3,9933,11647926.0,8.66,5.77,0.84,2.12,SZ000703
718,2000-03-21,15.47,15.5,15.96,15.25,12295,14761587.0,4.61,0.71,0.11,2.63,SZ000703
719,2000-03-22,15.5,15.86,15.89,15.34,13491,16259400.0,3.55,2.32,0.36,2.89,SZ000703
720,2000-03-23,15.99,16.24,16.25,15.74,20997,25964370.0,3.22,2.4,0.38,4.49,SZ000703
721,2000-03-24,16.37,15.67,16.5,15.6,22232,27566456.0,5.54,-3.51,-0.57,4.76,SZ000703
722,2000-03-27,15.73,17.24,17.24,15.73,40712,52998656.0,9.64,10.02,1.57,8.71,SZ000703
723,2000-03-28,17.68,17.39,18.72,17.0,39074,53518788.0,9.98,0.87,0.15,8.36,SZ000703
724,2000-03-29,17.39,16.9,17.55,16.55,15201,19677224.0,5.75,-2.82,-0.49,3.25,SZ000703
725,2000-03-30,16.91,17.03,17.36,16.77,9881,12966355.0,3.49,0.77,0.13,2.11,SZ000703
726,2000-03-31,16.9,16.71,17.03,16.58,10789,13887229.0,2.64,-1.88,-0.32,2.31,SZ000703
727,2000-04-03,16.84,16.67,17.47,16.65,9454,12401249.0,4.91,-0.24,-0.04,2.02,SZ000703
728,2000-04-04,16.25,15.85,16.51,15.8,9933,12311382.0,4.26,-4.92,-0.82,2.12,SZ000703
729,2000-04-05,15.82,16.12,16.19,15.6,7391,9077467.0,3.72,1.7,0.27,1.58,SZ000703
730,2000-04-06,16.12,17.08,17.36,16.12,14785,19111882.0,7.69,5.96,0.96,3.16,SZ000703
731,2000-04-07,17.16,17.02,17.26,16.78,7268,9488039.0,2.81,-0.35,-0.06,1.55,SZ000703
732,2000-04-10,17.06,17.33,17.78,17.06,10964,14656508.0,4.23,1.82,0.31,2.35,SZ000703
733,2000-04-11,17.36,16.81,17.42,16.78,7850,10265191.0,3.69,-3.0,-0.52,1.68,SZ000703
734,2000-04-12,16.9,16.89,17.28,16.46,7076,9156305.0,4.88,0.48,0.08,1.51,SZ000703
735,2000-04-13,16.91,17.47,17.71,16.9,18498,24897180.0,4.8,3.43,0.58,3.96,SZ000703
736,2000-04-14,17.47,18.02,18.19,17.26,29351,40495172.0,5.32,3.15,0.55,6.28,SZ000703
737,2000-04-17,18.02,17.55,18.02,17.03,16057,21682542.0,5.49,-2.61,-0.47,3.43,SZ000703
738,2000-04-18,17.51,18.47,18.86,17.42,30718,43506292.0,8.21,5.24,0.92,6.57,SZ000703
739,2000-04-19,18.46,18.43,18.46,18.04,11455,16099428.0,2.27,-0.22,-0.04,2.45,SZ000703
740,2000-04-20,18.46,18.06,18.68,18.01,15431,21695658.0,3.64,-2.01,-0.37,3.3,SZ000703
741,2000-04-21,17.94,17.72,18.11,17.63,7568,10360065.0,2.66,-1.88,-0.34,1.62,SZ000703
742,2000-04-24,17.42,17.69,18.2,17.16,7766,10667170.0,5.87,-0.17,-0.03,1.66,SZ000703
743,2000-04-25,17.75,17.71,18.07,17.62,6598,9020607.0,2.54,0.11,0.02,1.41,SZ000703
744,2000-04-26,17.94,17.45,17.94,17.32,7585,10241032.0,3.5,-1.47,-0.26,1.62,SZ000703
745,2000-04-27,17.42,16.99,17.55,16.93,9885,13091979.0,3.55,-2.64,-0.46,2.11,SZ000703
746,2000-04-28,16.98,17.34,17.42,16.85,7968,10457811.0,3.35,2.06,0.35,1.7,SZ000703
747,2000-05-08,17.55,17.28,17.68,16.97,4385,5772955.0,4.09,-0.35,-0.06,0.94,SZ000703
748,2000-05-09,17.36,17.36,17.41,17.12,3467,4593677.0,1.68,0.46,0.08,0.74,SZ000703
749,2000-05-10,17.1,16.56,17.36,16.51,6350,8268771.5,4.9,-4.61,-0.8,1.36,SZ000703
750,2000-05-11,16.55,16.07,16.55,15.96,7574,9424018.0,3.56,-2.96,-0.49,1.62,SZ000703
751,2000-05-12,16.12,16.08,16.25,15.99,4820,5982181.0,1.62,0.06,0.01,1.03,SZ000703
752,2000-05-15,15.99,15.99,16.38,15.6,5462,6732544.0,4.85,-0.56,-0.09,1.17,SZ000703
753,2000-05-16,15.9,17.02,17.03,15.9,10219,13115875.0,7.07,6.44,1.03,2.19,SZ000703
754,2000-05-17,17.02,16.89,17.1,16.71,3980,5182455.0,2.29,-0.76,-0.13,0.85,SZ000703
755,2000-05-18,16.84,17.08,17.16,16.74,3496,4566053.5,2.49,1.12,0.19,0.75,SZ000703
756,2000-05-19,17.24,17.02,17.29,16.9,3649,4779509.5,2.28,-0.35,-0.06,0.78,SZ000703
757,2000-05-22,17.04,17.51,17.68,17.04,6352,8531001.0,3.76,2.88,0.49,1.36,SZ000703
758,2000-05-23,17.55,17.55,17.75,17.26,4397,5892473.0,2.8,0.23,0.04,0.94,SZ000703
759,2000-05-24,17.65,17.46,17.69,17.42,8978,12132936.0,1.54,-0.51,-0.09,1.92,SZ000703
760,2000-05-25,17.46,17.64,17.75,17.24,7909,10648060.0,2.92,1.03,0.18,1.69,SZ000703
761,2000-05-26,17.62,18.2,18.27,17.39,13054,17974224.0,4.99,3.17,0.56,2.79,SZ000703
762,2000-05-29,18.33,18.06,18.5,17.94,11235,15645226.0,3.08,-0.77,-0.14,2.4,SZ000703
763,2000-05-30,18.2,17.28,18.25,17.2,11571,15709005.0,5.81,-4.32,-0.78,2.48,SZ000703
764,2000-05-31,17.29,17.41,17.75,17.16,7937,10616701.0,3.41,0.75,0.13,1.7,SZ000703
765,2000-06-01,17.55,17.12,17.68,17.03,7035,9321308.0,3.73,-1.67,-0.29,1.5,SZ000703
766,2000-06-02,17.13,17.24,17.42,17.03,6938,9184718.0,2.28,0.7,0.12,1.48,SZ000703
767,2000-06-05,17.16,17.0,17.23,16.9,6192,8099196.0,1.91,-1.39,-0.24,1.32,SZ000703
768,2000-06-06,17.1,17.71,17.78,17.1,6609,8918162.0,4.0,4.18,0.71,1.41,SZ000703
769,2000-06-07,17.81,17.65,17.81,17.29,7400,9984901.0,2.94,-0.34,-0.06,1.58,SZ000703
770,2000-06-08,17.68,17.47,17.85,17.43,5329,7238067.0,2.38,-1.02,-0.18,1.14,SZ000703
771,2000-06-09,17.47,17.72,18.01,17.43,7688,10490680.0,3.32,1.43,0.25,1.64,SZ000703
772,2000-06-12,17.8,17.68,17.88,17.36,8109,10954485.0,2.93,-0.23,-0.04,1.73,SZ000703
773,2000-06-13,17.68,18.03,18.04,17.55,10937,14952480.0,2.77,1.98,0.35,2.34,SZ000703
774,2000-06-14,18.14,17.8,18.17,17.69,8060,11105313.0,2.66,-1.28,-0.23,1.72,SZ000703
775,2000-06-15,17.84,17.55,17.84,17.26,7262,9742643.0,3.26,-1.4,-0.25,1.55,SZ000703
776,2000-06-16,17.62,17.23,17.67,17.16,5134,6860178.0,2.91,-1.82,-0.32,1.1,SZ000703
777,2000-06-19,17.02,17.23,17.45,17.02,2857,3784322.5,2.5,0.0,0.0,0.61,SZ000703
778,2000-06-20,17.29,17.03,17.39,16.97,3538,4656531.0,2.44,-1.16,-0.2,0.76,SZ000703
779,2000-06-21,17.04,17.06,17.19,16.98,3209,4205500.0,1.23,0.18,0.03,0.69,SZ000703
780,2000-06-22,17.49,17.16,17.55,17.12,2793,3724771.5,2.52,0.59,0.1,0.6,SZ000703
781,2000-06-23,17.16,17.28,17.29,16.98,3765,4962000.5,1.81,0.7,0.12,0.81,SZ000703
782,2000-06-26,17.1,17.23,17.36,17.1,4144,5506654.0,1.5,-0.29,-0.05,0.89,SZ000703
783,2000-06-27,17.29,17.43,17.67,17.0,4375,5849140.5,3.89,1.16,0.2,0.94,SZ000703
784,2000-06-29,17.3,16.61,17.3,16.58,9020,11657636.0,4.13,-4.7,-0.82,1.93,SZ000703
785,2000-06-30,16.58,16.67,17.0,16.47,7368,9469528.0,3.19,0.36,0.06,1.58,SZ000703
786,2000-07-03,16.56,16.17,16.72,16.12,6086,7630109.0,3.6,-3.0,-0.5,1.3,SZ000703
787,2000-07-04,16.25,16.09,16.38,15.7,13234,16226948.0,4.21,-0.49,-0.08,2.83,SZ000703
788,2000-07-05,16.26,16.56,16.56,16.03,10624,13260664.0,3.29,2.92,0.47,2.27,SZ000703
789,2000-07-06,16.51,16.47,16.64,16.25,2907,3681223.25,2.36,-0.54,-0.09,0.62,SZ000703
790,2000-07-07,16.46,16.69,16.74,16.39,4781,6088767.5,2.13,1.34,0.22,1.02,SZ000703
791,2000-07-10,16.91,16.94,17.1,16.67,3902,5048250.0,2.58,1.5,0.25,0.83,SZ000703
792,2000-07-11,16.9,16.86,17.08,16.68,3082,3975688.0,2.36,-0.47,-0.08,0.66,SZ000703
793,2000-07-12,16.71,16.64,16.97,16.58,3572,4597329.5,2.31,-1.3,-0.22,0.76,SZ000703
794,2000-07-13,16.61,17.43,17.55,15.6,8349,10770422.0,11.72,4.75,0.79,1.79,SZ000703
795,2000-07-14,17.42,17.65,17.84,17.19,13486,18266702.0,3.73,1.26,0.22,2.88,SZ000703
796,2000-07-17,17.75,17.5,17.91,17.42,5326,7235748.5,2.78,-0.85,-0.15,1.14,SZ000703
797,2000-07-18,17.45,17.29,17.68,17.26,3568,4782619.0,2.4,-1.2,-0.21,0.76,SZ000703
798,2000-07-19,17.42,17.24,17.54,17.11,4241,5621495.0,2.49,-0.29,-0.05,0.91,SZ000703
799,2000-07-20,17.17,17.1,17.42,16.9,3216,4244004.5,3.02,-0.81,-0.14,0.69,SZ000703
800,2000-07-21,17.13,17.19,17.26,17.0,4138,5454249.5,1.52,0.53,0.09,0.89,SZ000703
801,2000-07-24,17.45,17.16,17.45,16.98,4047,5363696.0,2.73,-0.17,-0.03,0.87,SZ000703
802,2000-07-25,16.9,16.99,17.16,16.25,7416,9636415.0,5.3,-0.99,-0.17,1.59,SZ000703
803,2000-07-26,16.77,16.8,16.95,16.64,5739,7402158.0,1.82,-1.12,-0.19,1.23,SZ000703
804,2000-07-27,16.74,16.9,16.9,16.69,5921,7643794.0,1.25,0.6,0.1,1.27,SZ000703
805,2000-07-28,16.77,17.52,17.67,16.77,8747,11658882.0,5.33,3.67,0.62,1.87,SZ000703
806,2000-07-31,17.3,17.95,18.04,17.3,16709,22877148.0,4.22,2.45,0.43,3.57,SZ000703
807,2000-08-01,18.01,17.85,18.17,17.69,12215,16926446.0,2.67,-0.56,-0.1,2.61,SZ000703
808,2000-08-02,17.81,18.15,18.46,17.71,14127,19648290.0,4.2,1.68,0.3,3.02,SZ000703
809,2000-08-03,18.15,18.75,19.16,18.07,25925,37330960.0,6.01,3.31,0.6,5.55,SZ000703
810,2000-08-04,18.85,18.59,19.18,18.46,16774,24314500.0,3.84,-0.85,-0.16,3.59,SZ000703
811,2000-08-07,18.59,18.68,18.98,18.4,9753,13996488.0,3.12,0.48,0.09,2.09,SZ000703
812,2000-08-08,18.79,18.5,18.85,18.2,7796,11054293.0,3.48,-0.96,-0.18,1.67,SZ000703
813,2000-08-09,18.6,18.41,18.6,18.34,5085,7217578.0,1.41,-0.49,-0.09,1.09,SZ000703
814,2000-08-10,18.43,18.07,18.45,18.04,6629,9301276.0,2.23,-1.85,-0.34,1.42,SZ000703
815,2000-08-11,18.02,17.93,18.2,17.82,4389,6072298.0,2.1,-0.77,-0.14,0.94,SZ000703
816,2000-08-14,17.93,18.16,18.51,17.86,6103,8554441.0,3.63,1.28,0.23,1.31,SZ000703
817,2000-08-15,18.23,18.19,18.33,18.04,4823,6730677.0,1.6,0.17,0.03,1.03,SZ000703
818,2000-08-16,18.2,18.3,18.4,18.04,5307,7432466.5,1.98,0.6,0.11,1.14,SZ000703
819,2000-08-17,18.33,18.68,18.8,18.29,7374,10508125.0,2.79,2.08,0.38,1.58,SZ000703
820,2000-08-18,18.77,18.38,18.79,18.3,4784,6791321.5,2.62,-1.61,-0.3,1.02,SZ000703
821,2000-08-21,18.49,18.42,18.59,18.24,8735,12352186.0,1.9,0.22,0.04,1.87,SZ000703
822,2000-08-22,18.47,18.08,18.82,18.07,6202,8788699.0,4.07,-1.85,-0.34,1.33,SZ000703
823,2000-08-23,17.94,17.82,18.07,17.03,10119,13745639.0,5.75,-1.44,-0.26,2.16,SZ000703
824,2000-08-24,17.81,17.76,18.02,17.55,4077,5581265.5,2.64,-0.34,-0.06,0.87,SZ000703
825,2000-08-25,17.75,18.36,18.58,17.75,8872,12440758.0,4.67,3.38,0.6,1.9,SZ000703
826,2000-08-28,18.46,18.68,18.69,18.2,10579,15033759.0,2.67,1.74,0.32,2.26,SZ000703
827,2000-08-29,18.68,19.45,19.7,18.54,26824,39759700.0,6.21,4.12,0.77,5.74,SZ000703
828,2000-08-30,19.45,19.77,20.14,19.08,27139,41161968.0,5.45,1.65,0.32,5.81,SZ000703
829,2000-08-31,19.54,19.37,19.89,19.19,20641,31038924.0,3.54,-2.02,-0.4,4.42,SZ000703
830,2000-09-01,19.24,18.71,19.32,18.69,13086,19081542.0,3.25,-3.41,-0.66,2.8,SZ000703
831,2000-09-04,18.95,19.5,19.76,18.73,13070,19477764.0,5.51,4.22,0.79,2.8,SZ000703
832,2000-09-05,19.76,20.12,20.77,19.7,35836,55824224.0,5.49,3.18,0.62,7.67,SZ000703
833,2000-09-06,20.12,19.59,20.54,19.58,22948,35493380.0,4.77,-2.63,-0.53,4.91,SZ000703
834,2000-09-07,19.6,19.72,20.1,19.6,13116,19965824.0,2.55,0.66,0.13,2.81,SZ000703
835,2000-09-08,19.76,19.36,20.14,19.27,8242,12426937.0,4.41,-1.83,-0.36,1.76,SZ000703
836,2000-09-11,19.84,19.67,19.84,19.19,5922,8907649.0,3.36,1.6,0.31,1.27,SZ000703
837,2000-09-12,19.68,20.35,20.41,19.68,12404,19241700.0,3.71,3.46,0.68,2.65,SZ000703
838,2000-09-13,20.35,20.09,20.51,20.05,5705,8889504.0,2.26,-1.28,-0.26,1.22,SZ000703
839,2000-09-14,20.15,19.86,20.28,19.77,5574,8566012.0,2.54,-1.14,-0.23,1.19,SZ000703
840,2000-09-15,19.79,20.67,20.8,19.79,16041,25283072.0,5.09,4.08,0.81,3.43,SZ000703
841,2000-09-18,20.75,20.38,21.06,20.38,9199,14617603.0,3.29,-1.4,-0.29,1.97,SZ000703
842,2000-09-19,20.12,19.59,20.28,19.37,8978,13704892.0,4.47,-3.88,-0.79,1.92,SZ000703
843,2000-09-20,19.5,19.76,19.88,19.25,6200,9317599.0,3.22,0.87,0.17,1.33,SZ000703
844,2000-09-22,19.76,19.49,19.96,19.21,3624,5464347.5,3.8,-1.37,-0.27,0.78,SZ000703
845,2000-09-25,19.37,18.46,19.6,18.43,8254,12042008.0,6.0,-5.28,-1.03,1.77,SZ000703
846,2000-09-26,18.34,18.54,18.85,18.34,3541,5062245.5,2.76,0.43,0.08,0.76,SZ000703
847,2000-09-27,18.66,19.1,19.11,18.46,2083,3009289.5,3.51,3.02,0.56,0.45,SZ000703
848,2000-09-28,19.05,18.67,19.05,18.53,1763,2539862.5,2.72,-2.25,-0.43,0.38,SZ000703
849,2000-09-29,18.62,18.86,18.86,18.62,2245,3249085.5,1.29,1.02,0.19,0.48,SZ000703
850,2000-10-09,18.92,19.4,19.53,18.73,2929,4290137.0,4.24,2.86,0.54,0.63,SZ000703
851,2000-10-10,19.58,20.11,20.12,19.41,7043,10772233.0,3.66,3.66,0.71,1.51,SZ000703
852,2000-10-11,20.15,19.89,20.24,19.63,4593,7073949.0,3.03,-1.09,-0.22,0.98,SZ000703
853,2000-10-12,19.63,20.06,20.22,19.63,4277,6584725.0,2.97,0.85,0.17,0.91,SZ000703
854,2000-10-13,20.02,20.02,20.37,19.97,4631,7190653.0,1.99,-0.2,-0.04,0.99,SZ000703
855,2000-10-16,20.02,20.22,20.25,19.63,3780,5832154.0,3.1,1.0,0.2,0.81,SZ000703
856,2000-10-17,20.09,20.45,20.51,20.05,4493,7010585.0,2.27,1.14,0.23,0.96,SZ000703
857,2000-10-18,20.41,20.31,20.55,19.66,5034,7887649.5,4.35,-0.68,-0.14,1.08,SZ000703
858,2000-10-19,20.51,19.7,20.51,19.64,5691,8722951.0,4.28,-3.0,-0.61,1.22,SZ000703
859,2000-10-20,19.5,19.6,19.7,19.14,6523,9712579.0,2.84,-0.51,-0.1,1.4,SZ000703
860,2000-10-23,19.86,20.31,20.44,19.77,6805,10598143.0,3.42,3.62,0.71,1.46,SZ000703
861,2000-10-24,20.25,20.12,20.41,19.96,3456,5355416.0,2.22,-0.94,-0.19,0.74,SZ000703
862,2000-10-25,20.22,20.41,20.5,19.99,6262,9741405.0,2.53,1.44,0.29,1.34,SZ000703
863,2000-10-26,20.28,20.62,20.89,20.15,8986,14226645.0,3.63,1.03,0.21,1.92,SZ000703
864,2000-10-27,20.58,20.93,20.93,20.54,7694,12289307.0,1.89,1.5,0.31,1.65,SZ000703
865,2000-10-30,21.19,21.63,22.07,21.02,20281,33696220.0,5.02,3.34,0.7,4.34,SZ000703
866,2000-10-31,21.84,20.98,22.06,20.92,12792,21132938.0,5.27,-3.01,-0.65,2.74,SZ000703
867,2000-11-01,20.9,21.1,21.16,20.68,8207,13209040.0,2.29,0.57,0.12,1.76,SZ000703
868,2000-11-02,21.03,20.98,21.45,20.81,6183,10039528.0,3.03,-0.57,-0.12,1.32,SZ000703
869,2000-11-03,21.03,20.87,21.41,20.81,4387,7095080.5,2.86,-0.52,-0.11,0.94,SZ000703
870,2000-11-06,20.83,20.66,21.24,20.54,5142,8237359.0,3.35,-1.01,-0.21,1.1,SZ000703
871,2000-11-07,20.67,20.76,21.0,20.58,3265,5209883.5,2.03,0.48,0.1,0.7,SZ000703
872,2000-11-08,20.83,20.8,21.06,20.64,3902,6250907.5,2.02,0.19,0.04,0.83,SZ000703
873,2000-11-09,20.8,20.88,21.06,20.77,5095,8178418.5,1.39,0.38,0.08,1.09,SZ000703
874,2000-11-10,20.85,20.92,21.18,20.81,4679,7550615.0,1.77,0.19,0.04,1.0,SZ000703
875,2000-11-13,21.0,21.26,21.32,20.92,6999,11365082.0,1.91,1.63,0.34,1.5,SZ000703
876,2000-11-14,21.31,21.01,21.32,20.88,6098,9840499.0,2.07,-1.18,-0.25,1.3,SZ000703
877,2000-11-15,20.93,21.28,21.45,20.9,6151,10003156.0,2.62,1.29,0.27,1.32,SZ000703
878,2000-11-16,21.33,21.58,21.94,21.19,8869,14800269.0,3.52,1.41,0.3,1.9,SZ000703
879,2000-11-17,21.57,21.03,21.59,20.61,9676,15655909.0,4.54,-2.55,-0.55,2.07,SZ000703
880,2000-11-20,21.0,21.15,21.44,20.83,4237,6896175.0,2.9,0.57,0.12,0.91,SZ000703
881,2000-11-21,21.09,20.94,21.39,20.93,5083,8251683.0,2.17,-0.99,-0.21,1.09,SZ000703
882,2000-11-22,20.93,21.05,21.16,20.92,3199,5168944.5,1.15,0.53,0.11,0.68,SZ000703
883,2000-11-23,21.03,21.35,21.57,21.0,5778,9459755.0,2.71,1.43,0.3,1.24,SZ000703
884,2000-11-24,21.32,21.55,22.1,21.06,17705,29565836.0,4.87,0.94,0.2,3.79,SZ000703
885,2000-11-27,21.58,22.7,22.75,21.58,24342,41830616.0,5.43,5.34,1.15,5.21,SZ000703
886,2000-11-28,22.72,22.8,22.85,22.37,11289,19657176.0,2.11,0.44,0.1,2.41,SZ000703
887,2000-11-29,22.8,22.19,22.8,22.04,8829,15141824.0,3.33,-2.68,-0.61,1.89,SZ000703
888,2000-11-30,22.36,22.49,22.5,21.78,5606,9543214.0,3.24,1.35,0.3,1.2,SZ000703
889,2000-12-01,22.53,22.1,22.69,21.97,6022,10295098.0,3.2,-1.73,-0.39,1.29,SZ000703
890,2000-12-04,22.07,22.3,22.49,22.05,4116,7062328.5,1.99,0.9,0.2,0.88,SZ000703
891,2000-12-05,22.36,21.97,22.59,21.94,4824,8210787.0,2.91,-1.48,-0.33,1.03,SZ000703
892,2000-12-06,22.04,21.59,22.18,21.39,9772,16294820.0,3.6,-1.73,-0.38,2.09,SZ000703
893,2000-12-07,21.58,21.22,21.78,21.15,5417,8895296.0,2.92,-1.71,-0.37,1.16,SZ000703
894,2000-12-08,21.23,21.29,21.65,21.18,6602,10827264.0,2.21,0.33,0.07,1.41,SZ000703
895,2000-12-11,21.32,20.83,21.45,20.8,4565,7353768.5,3.05,-2.16,-0.46,0.98,SZ000703
896,2000-12-12,20.93,21.28,21.31,20.83,2942,4756250.5,2.3,2.16,0.45,0.63,SZ000703
897,2000-12-13,21.31,21.2,21.42,21.13,2301,3756793.5,1.36,-0.38,-0.08,0.49,SZ000703
898,2000-12-14,21.2,20.9,21.29,20.8,3517,5670504.5,2.31,-1.42,-0.3,0.75,SZ000703
899,2000-12-15,20.9,20.93,21.03,20.74,2166,3479925.0,1.39,0.14,0.03,0.46,SZ000703
900,2000-12-18,20.93,20.61,20.97,20.44,3943,6248791.5,2.53,-1.53,-0.32,0.84,SZ000703
901,2000-12-19,20.58,20.93,21.31,20.57,3010,4881474.0,3.59,1.55,0.32,0.64,SZ000703
902,2000-12-20,20.93,21.18,21.31,20.83,1635,2662264.75,2.29,1.19,0.25,0.35,SZ000703
903,2000-12-21,21.19,21.46,21.8,21.19,3338,5523739.0,2.88,1.32,0.28,0.71,SZ000703
904,2000-12-22,21.42,21.13,21.45,21.07,2313,3772077.0,1.77,-1.54,-0.33,0.49,SZ000703
905,2000-12-25,21.13,21.14,21.58,21.0,2168,3534900.25,2.74,0.05,0.01,0.46,SZ000703
906,2000-12-26,21.13,21.22,21.39,20.81,2054,3342854.0,2.74,0.38,0.08,0.44,SZ000703
907,2000-12-27,21.22,21.33,21.58,21.06,2356,3871434.25,2.45,0.52,0.11,0.5,SZ000703
908,2000-12-28,21.57,21.26,21.58,21.22,1570,2577559.5,1.69,-0.33,-0.07,0.34,SZ000703
909,2000-12-29,21.32,21.63,21.71,21.2,2801,4643175.5,2.4,1.74,0.37,0.6,SZ000703
910,2001-01-02,21.58,22.23,22.35,21.55,7597,12912156.0,3.7,2.77,0.6,1.63,SZ000703
911,2001-01-03,22.26,21.96,22.31,21.84,4767,8075214.5,2.11,-1.21,-0.27,1.02,SZ000703
912,2001-01-04,22.05,21.91,22.14,21.71,3179,5346292.5,1.96,-0.23,-0.05,0.68,SZ000703
913,2001-01-05,21.91,21.79,22.07,21.59,4138,6943674.5,2.19,-0.55,-0.12,0.89,SZ000703
914,2001-01-08,21.85,21.06,21.91,20.89,5869,9566795.0,4.68,-3.35,-0.73,1.26,SZ000703
915,2001-01-09,21.42,21.19,21.42,20.89,2954,4781294.5,2.52,0.62,0.13,0.63,SZ000703
916,2001-01-10,21.26,21.15,21.42,21.03,3483,5663482.0,1.84,-0.19,-0.04,0.75,SZ000703
917,2001-01-11,21.26,20.67,21.31,20.64,7953,12773489.0,3.17,-2.27,-0.48,1.7,SZ000703
918,2001-01-12,20.67,20.76,20.83,20.49,3630,5772541.5,1.64,0.44,0.09,0.78,SZ000703
919,2001-01-15,20.67,19.68,20.75,19.54,4699,7284508.0,5.83,-5.2,-1.08,1.01,SZ000703
920,2001-01-16,19.63,20.01,20.09,19.38,3450,5259935.5,3.61,1.68,0.33,0.74,SZ000703
921,2001-01-17,20.06,19.42,20.06,19.41,3619,5485928.0,3.25,-2.95,-0.59,0.77,SZ000703
922,2001-01-18,19.37,19.15,19.63,18.85,5831,8614326.0,4.02,-1.39,-0.27,1.25,SZ000703
923,2001-01-19,19.23,19.58,19.7,19.18,2502,3756964.5,2.72,2.25,0.43,0.54,SZ000703
924,2001-02-05,19.7,18.92,19.71,18.79,2249,3333690.75,4.7,-3.37,-0.66,0.48,SZ000703
925,2001-02-06,18.69,18.85,18.94,18.28,2149,3090671.25,3.49,-0.37,-0.07,0.46,SZ000703
926,2001-02-07,18.85,18.34,18.85,18.2,3905,5546348.5,3.45,-2.71,-0.51,0.84,SZ000703
927,2001-02-08,18.4,17.94,18.45,17.76,4620,6418615.0,3.76,-2.18,-0.4,0.99,SZ000703
928,2001-02-09,18.01,18.47,18.75,18.01,2231,3144391.0,4.12,2.95,0.53,0.48,SZ000703
929,2001-02-12,18.23,18.45,18.56,18.23,1213,1711686.5,1.79,-0.11,-0.02,0.26,SZ000703
930,2001-02-13,18.67,18.37,18.69,18.32,1084,1541014.38,2.01,-0.43,-0.08,0.23,SZ000703
931,2001-02-14,18.38,18.5,18.59,18.23,833,1181121.0,1.96,0.71,0.13,0.18,SZ000703
932,2001-02-15,18.29,18.32,18.59,18.27,563,794862.62,1.73,-0.97,-0.18,0.12,SZ000703
933,2001-02-16,18.33,18.12,18.34,17.68,1813,2516775.0,3.6,-1.09,-0.2,0.39,SZ000703
934,2001-02-19,18.2,18.43,18.49,18.02,1312,1849144.88,2.59,1.71,0.31,0.28,SZ000703
935,2001-02-20,18.53,18.71,18.79,18.4,6194,8848553.0,2.12,1.52,0.28,1.32,SZ000703
936,2001-02-21,18.66,18.16,18.66,18.08,3885,5441019.0,3.1,-2.94,-0.55,0.83,SZ000703
937,2001-02-22,18.08,18.11,18.33,18.08,5312,7438875.5,1.38,-0.28,-0.05,1.14,SZ000703
938,2001-02-23,18.27,18.06,18.27,17.78,2330,3228751.25,2.71,-0.28,-0.05,0.5,SZ000703
939,2001-02-26,18.07,18.32,18.33,17.55,1878,2624465.5,4.32,1.44,0.26,0.4,SZ000703
940,2001-02-27,18.46,18.51,19.1,18.33,1810,2596694.5,4.2,1.04,0.19,0.39,SZ000703
941,2001-02-28,18.59,18.23,18.59,18.17,2308,3247235.5,2.27,-1.51,-0.28,0.49,SZ000703
942,2001-03-01,18.24,18.33,18.4,18.2,1660,2336813.5,1.1,0.55,0.1,0.36,SZ000703
943,2001-03-02,18.4,18.51,18.55,18.21,4396,6232893.0,1.85,0.98,0.18,0.94,SZ000703
944,2001-03-05,18.79,18.56,18.79,18.43,3541,5050469.5,1.94,0.27,0.05,0.76,SZ000703
945,2001-03-06,18.6,18.49,18.66,18.2,2317,3281588.75,2.48,-0.38,-0.07,0.5,SZ000703
946,2001-03-07,18.5,18.38,18.53,18.33,1466,2075582.0,1.08,-0.59,-0.11,0.31,SZ000703
947,2001-03-08,18.4,18.67,18.76,18.38,2942,4207909.5,2.07,1.58,0.29,0.63,SZ000703
948,2001-03-09,18.85,18.98,19.06,18.69,5239,7631984.0,1.98,1.66,0.31,1.12,SZ000703
949,2001-03-12,18.99,19.03,19.27,18.98,4397,6465137.0,1.53,0.26,0.05,0.94,SZ000703
950,2001-03-13,19.06,18.46,19.06,18.43,5435,7762620.5,3.31,-3.0,-0.57,1.16,SZ000703
951,2001-03-14,18.43,18.67,18.79,18.4,1659,2378133.25,2.11,1.14,0.21,0.35,SZ000703
952,2001-03-15,18.66,18.49,18.8,18.46,2940,4214496.0,1.82,-0.96,-0.18,0.63,SZ000703
953,2001-03-16,18.5,18.79,18.8,18.49,2114,3035235.25,1.68,1.62,0.3,0.45,SZ000703
954,2001-03-19,18.79,18.92,18.92,18.63,5333,7683062.5,1.54,0.69,0.13,1.14,SZ000703
955,2001-03-20,18.92,19.21,19.44,18.92,8002,11793428.0,2.75,1.53,0.29,1.71,SZ000703
956,2001-03-21,19.34,19.18,19.34,19.11,3970,5856504.0,1.2,-0.16,-0.03,0.85,SZ000703
957,2001-03-22,19.24,19.47,19.5,19.11,5633,8370604.0,2.03,1.51,0.29,1.2,SZ000703
958,2001-03-23,19.5,18.86,19.53,18.85,4999,7351378.0,3.49,-3.13,-0.61,1.07,SZ000703
959,2001-03-26,18.85,19.2,19.21,18.85,2974,4358211.5,1.91,1.8,0.34,0.64,SZ000703
960,2001-03-27,19.31,19.42,19.63,19.21,3364,5019169.5,2.19,1.15,0.22,0.72,SZ000703
961,2001-03-28,19.42,19.25,19.55,19.14,3891,5763739.0,2.11,-0.88,-0.17,0.83,SZ000703
962,2001-03-29,19.37,19.63,19.79,19.18,7162,10773238.0,3.17,1.97,0.38,1.53,SZ000703
963,2001-03-30,19.76,19.71,19.79,19.6,3786,5725098.5,0.97,0.41,0.08,0.81,SZ000703
964,2001-04-02,20.02,19.8,20.06,19.72,3674,5601119.5,1.73,0.46,0.09,0.79,SZ000703
965,2001-04-03,19.89,19.58,19.89,19.45,3457,5209372.0,2.22,-1.11,-0.22,0.74,SZ000703
966,2001-04-04,19.63,19.38,20.02,19.37,5459,8254765.0,3.32,-1.02,-0.2,1.17,SZ000703
967,2001-04-05,19.47,20.31,20.31,19.47,9026,13906914.0,4.33,4.8,0.93,1.93,SZ000703
968,2001-04-06,20.38,20.48,20.5,20.15,8495,13287623.0,1.72,0.84,0.17,1.82,SZ000703
969,2001-04-09,20.61,20.83,20.94,20.41,10888,17359678.0,2.59,1.71,0.35,2.33,SZ000703
970,2001-04-10,20.83,20.58,20.93,20.54,5988,9541144.0,1.87,-1.2,-0.25,1.28,SZ000703
971,2001-04-11,20.67,21.26,21.4,20.59,9090,14757778.0,3.94,3.3,0.68,1.94,SZ000703
972,2001-04-12,21.58,21.35,21.58,21.16,9744,16041207.0,1.98,0.42,0.09,2.08,SZ000703
973,2001-04-13,21.39,21.18,21.52,21.03,5830,9514627.0,2.3,-0.8,-0.17,1.25,SZ000703
974,2001-04-16,21.06,21.09,21.44,20.87,7110,11570215.0,2.69,-0.42,-0.09,1.52,SZ000703
975,2001-04-17,21.13,21.16,21.4,20.93,7205,11709478.0,2.23,0.33,0.07,1.54,SZ000703
976,2001-04-18,21.19,20.94,21.32,20.93,4015,6499355.0,1.84,-1.04,-0.22,0.86,SZ000703
977,2001-04-19,21.13,20.72,21.14,20.49,5275,8386305.0,3.1,-1.05,-0.22,1.13,SZ000703
978,2001-04-20,20.68,20.36,20.9,20.35,5378,8557678.0,2.65,-1.74,-0.36,1.15,SZ000703
979,2001-04-23,20.36,21.16,21.2,20.36,6546,10481222.0,4.13,3.93,0.8,1.4,SZ000703
980,2001-04-24,21.16,21.19,21.32,20.96,3260,5299447.0,1.7,0.14,0.03,0.7,SZ000703
981,2001-04-25,21.26,20.51,21.32,20.42,5465,8753960.0,4.25,-3.21,-0.68,1.17,SZ000703
982,2001-04-26,20.41,20.51,20.77,20.4,5225,8251951.5,1.8,0.0,0.0,1.12,SZ000703
983,2001-04-27,20.72,21.0,21.05,20.57,3085,4934407.0,2.34,2.39,0.49,0.66,SZ000703
984,2001-04-30,21.16,20.97,21.26,20.93,5037,8170357.5,1.57,-0.14,-0.03,1.08,SZ000703
985,2001-05-09,21.67,21.19,21.97,21.16,3935,6469223.0,3.86,1.05,0.22,0.84,SZ000703
986,2001-05-10,21.16,21.45,21.52,21.13,4328,7111637.5,1.84,1.23,0.26,0.93,SZ000703
987,2001-05-11,21.58,21.76,22.23,21.48,10704,18065766.0,3.5,1.45,0.31,2.29,SZ000703
988,2001-05-14,21.84,22.44,22.45,21.84,11849,20321720.0,2.8,3.13,0.68,2.53,SZ000703
989,2001-05-15,22.62,22.27,22.69,22.18,10024,17256960.0,2.27,-0.76,-0.17,2.14,SZ000703
990,2001-05-16,22.3,22.04,22.36,22.01,6795,11574740.0,1.57,-1.03,-0.23,1.45,SZ000703
991,2001-05-17,22.05,21.96,22.17,21.87,8843,14984704.0,1.36,-0.36,-0.08,1.89,SZ000703
992,2001-05-18,21.96,22.66,22.72,21.84,10606,18247640.0,4.01,3.19,0.7,2.27,SZ000703
993,2001-05-21,22.75,23.0,23.37,22.75,9705,17232270.0,2.74,1.5,0.34,2.08,SZ000703
994,2001-05-22,23.01,22.72,23.06,22.49,5727,10026804.0,2.48,-1.22,-0.28,1.23,SZ000703
995,2001-05-23,22.72,22.33,22.95,22.1,6301,10878259.0,3.74,-1.72,-0.39,1.35,SZ000703
996,2001-05-24,22.33,22.22,22.7,22.13,6376,11003803.0,2.55,-0.49,-0.11,1.36,SZ000703
997,2001-05-25,22.3,22.28,22.46,22.17,5664,9718445.0,1.31,0.27,0.06,1.21,SZ000703
998,2001-05-28,22.23,21.81,22.4,21.72,7580,12855235.0,3.05,-2.11,-0.47,1.62,SZ000703
999,2001-05-29,21.84,21.87,22.07,21.72,5282,8914696.0,1.6,0.28,0.06,1.13,SZ000703
1000,2001-05-30,22.04,22.24,22.49,22.04,5547,9522239.0,2.06,1.69,0.37,1.19,SZ000703
1001,2001-05-31,22.49,22.26,22.53,22.13,5633,9654689.0,1.8,0.09,0.02,1.2,SZ000703
1002,2001-06-01,22.3,22.46,22.75,22.3,5107,8869259.0,2.02,0.9,0.2,1.09,SZ000703
1003,2001-06-04,22.46,22.74,22.92,22.46,5794,10098102.0,2.05,1.25,0.28,1.24,SZ000703
1004,2001-06-05,22.79,22.49,22.89,22.46,5058,8806206.0,1.89,-1.1,-0.25,1.08,SZ000703
1005,2001-06-06,22.5,22.36,22.62,22.05,8489,14514681.0,2.53,-0.58,-0.13,1.82,SZ000703
1006,2001-06-07,22.46,22.17,22.49,22.15,3712,6346558.0,1.52,-0.85,-0.19,0.79,SZ000703
1007,2001-06-08,22.17,21.89,22.23,21.58,9870,16575394.0,2.93,-1.26,-0.28,2.11,SZ000703
1008,2001-06-11,21.89,22.04,22.18,21.71,4325,7296602.0,2.15,0.69,0.15,0.93,SZ000703
1009,2001-06-12,21.84,22.1,22.43,21.84,3702,6325423.0,2.68,0.27,0.06,0.79,SZ000703
1010,2001-06-13,22.43,22.31,22.43,22.15,4106,7025032.0,1.27,0.95,0.21,0.88,SZ000703
1011,2001-06-14,22.33,21.62,22.36,21.58,7133,12000783.0,3.5,-3.09,-0.69,1.53,SZ000703
1012,2001-06-15,21.58,21.59,21.81,21.36,5812,9641375.0,2.08,-0.14,-0.03,1.24,SZ000703
1013,2001-06-18,21.84,21.03,21.97,20.9,6016,9831736.0,4.96,-2.59,-0.56,1.29,SZ000703
1014,2001-06-19,20.93,21.06,21.15,20.83,2657,4295461.0,1.52,0.14,0.03,0.57,SZ000703
1015,2001-06-20,21.06,21.03,21.26,20.93,2079,3371671.0,1.57,-0.14,-0.03,0.44,SZ000703
1016,2001-06-21,21.07,21.39,21.45,21.06,1587,2593517.0,1.85,1.71,0.36,0.34,SZ000703
1017,2001-06-22,21.39,21.63,21.87,21.39,2698,4489020.0,2.24,1.12,0.24,0.58,SZ000703
1018,2001-06-25,21.61,21.71,21.81,21.45,2400,3996015.0,1.66,0.37,0.08,0.51,SZ000703
1019,2001-06-26,21.74,21.74,21.78,21.58,3110,5188638.5,0.92,0.14,0.03,0.67,SZ000703
1020,2001-06-27,21.72,22.06,22.2,21.65,2749,4629181.0,2.53,1.47,0.32,0.59,SZ000703
1021,2001-06-28,22.06,21.66,22.17,21.58,2559,4296243.0,2.67,-1.81,-0.4,0.55,SZ000703
1022,2001-06-29,21.59,21.67,21.84,21.55,1530,2551797.0,1.34,0.05,0.01,0.33,SZ000703
1023,2001-07-02,21.67,21.49,22.11,21.45,1631,2713600.0,3.05,-0.83,-0.18,0.35,SZ000703
1024,2001-07-03,21.46,21.52,21.58,21.33,1267,2091715.0,1.16,0.14,0.03,0.27,SZ000703
1025,2001-07-04,21.61,21.61,21.71,21.52,843,1391817.0,0.88,0.42,0.09,0.18,SZ000703
1026,2001-07-05,21.53,21.18,21.62,21.13,2554,4153410.5,2.27,-1.99,-0.43,0.55,SZ000703
1027,2001-07-06,21.14,21.14,21.57,21.05,1376,2231715.25,2.46,-0.19,-0.04,0.29,SZ000703
1028,2001-07-09,21.06,21.18,21.32,21.06,1300,2105285.5,1.23,0.19,0.04,0.28,SZ000703
1029,2001-07-10,21.19,21.55,21.65,21.18,2396,3913956.25,2.22,1.75,0.37,0.51,SZ000703
1030,2001-07-11,21.58,21.19,21.58,21.18,1261,2051067.38,1.86,-1.67,-0.36,0.27,SZ000703
1031,2001-07-12,21.13,21.14,21.24,21.0,1203,1941061.62,1.13,-0.24,-0.05,0.26,SZ000703
1032,2001-07-13,21.19,21.18,21.4,21.13,1108,1803422.0,1.28,0.19,0.04,0.24,SZ000703
1033,2001-07-16,21.26,20.93,21.42,20.93,1822,2934192.75,2.31,-1.18,-0.25,0.39,SZ000703
1034,2001-07-17,20.93,20.75,20.93,20.64,2104,3331966.5,1.39,-0.86,-0.18,0.45,SZ000703
1035,2001-07-18,20.83,20.84,20.93,20.76,938,1494282.5,0.82,0.43,0.09,0.2,SZ000703
1036,2001-07-19,20.93,21.06,21.06,20.81,729,1164375.38,1.2,1.06,0.22,0.16,SZ000703
1037,2001-07-20,21.06,21.55,21.71,21.01,2242,3674087.5,3.32,2.33,0.49,0.48,SZ000703
1038,2001-07-23,21.65,21.84,22.01,21.36,3924,6555701.0,3.02,1.35,0.29,0.84,SZ000703
1039,2001-07-24,21.84,21.84,21.97,21.45,5551,9238939.0,2.38,0.0,0.0,1.19,SZ000703
1040,2001-07-25,21.84,21.39,21.97,21.2,3295,5444069.5,3.53,-2.06,-0.45,0.7,SZ000703
1041,2001-07-26,21.39,21.07,21.45,21.05,1603,2599760.0,1.87,-1.5,-0.32,0.34,SZ000703
1042,2001-07-27,21.42,21.06,21.49,21.05,1523,2465487.25,2.09,-0.05,-0.01,0.33,SZ000703
1043,2001-07-30,20.93,19.63,20.93,19.54,3168,4897612.5,6.6,-6.79,-1.43,0.68,SZ000703
1044,2001-07-31,19.63,18.94,19.89,18.73,3065,4505391.5,5.91,-3.52,-0.69,0.66,SZ000703
1045,2001-08-01,18.94,19.72,19.72,18.94,2080,3084082.0,4.12,4.12,0.78,0.44,SZ000703
1046,2001-08-02,19.73,19.57,19.84,18.99,2023,2989889.0,4.31,-0.76,-0.15,0.43,SZ000703
1047,2001-08-03,19.24,19.27,19.37,18.98,1030,1514571.12,1.99,-1.53,-0.3,0.22,SZ000703
1048,2001-08-06,19.11,18.36,19.11,18.25,2259,3211944.0,4.46,-4.72,-0.91,0.48,SZ000703
1049,2001-08-07,18.59,18.92,19.02,18.33,2786,3990140.0,3.76,3.05,0.56,0.6,SZ000703
1050,2001-08-08,18.85,18.88,18.98,18.59,997,1435726.25,2.06,-0.21,-0.04,0.21,SZ000703
1051,2001-08-09,18.86,19.59,19.66,18.86,2462,3657489.5,4.24,3.76,0.71,0.53,SZ000703
1052,2001-08-10,19.64,19.54,19.8,19.49,1952,2928376.25,1.58,-0.26,-0.05,0.42,SZ000703
1053,2001-08-13,19.63,19.5,19.63,19.42,1192,1777746.12,1.07,-0.2,-0.04,0.25,SZ000703
1054,2001-08-14,19.5,19.16,19.5,19.01,1499,2205917.0,2.51,-1.74,-0.34,0.32,SZ000703
1055,2001-08-15,19.21,19.38,19.42,19.21,606,895361.19,1.1,1.15,0.22,0.13,SZ000703
1056,2001-08-16,19.21,19.19,19.49,19.12,735,1081655.75,1.91,-0.98,-0.19,0.16,SZ000703
1057,2001-08-17,19.1,18.99,19.28,18.85,725,1054109.0,2.24,-1.04,-0.2,0.16,SZ000703
1058,2001-08-20,18.98,19.21,19.46,18.92,365,533560.12,2.84,1.16,0.22,0.08,SZ000703
1059,2001-08-21,19.21,19.47,19.57,19.21,866,1287261.75,1.87,1.35,0.26,0.19,SZ000703
1060,2001-08-22,19.38,19.01,19.38,18.97,959,1396976.5,2.11,-2.36,-0.46,0.21,SZ000703
1061,2001-08-23,18.79,19.12,19.23,18.79,832,1211505.0,2.31,0.58,0.11,0.18,SZ000703
1062,2001-08-24,19.01,19.03,19.42,19.01,490,719015.0,2.14,-0.47,-0.09,0.1,SZ000703
1063,2001-08-27,18.73,18.51,19.08,18.41,1828,2620271.5,3.52,-2.73,-0.52,0.39,SZ000703
1064,2001-08-28,18.49,18.72,18.72,18.21,858,1215532.38,2.76,1.13,0.21,0.18,SZ000703
1065,2001-08-29,18.82,18.85,18.98,18.81,723,1044522.62,0.91,0.69,0.13,0.15,SZ000703
1066,2001-08-30,18.85,18.98,19.08,18.63,484,700164.12,2.39,0.69,0.13,0.1,SZ000703
1067,2001-08-31,18.93,18.85,18.98,18.68,613,884330.94,1.58,-0.68,-0.13,0.13,SZ000703
1068,2001-09-03,18.79,18.67,18.94,18.59,808,1153339.5,1.86,-0.95,-0.18,0.17,SZ000703
1069,2001-09-04,18.62,19.55,19.57,18.62,5203,7697500.0,5.09,4.71,0.88,1.11,SZ000703
1070,2001-09-05,19.5,19.28,19.6,19.25,1260,1871991.0,1.79,-1.38,-0.27,0.27,SZ000703
1071,2001-09-06,19.37,19.36,19.5,19.24,728,1077258.38,1.35,0.41,0.08,0.16,SZ000703
1072,2001-09-07,19.37,18.72,19.37,18.71,788,1138616.0,3.41,-3.31,-0.64,0.17,SZ000703
1073,2001-09-10,18.34,19.19,19.24,18.34,947,1367392.0,4.81,2.51,0.47,0.2,SZ000703
1074,2001-09-11,19.2,19.12,19.34,19.11,545,800235.88,1.2,-0.36,-0.07,0.12,SZ000703
1075,2001-09-12,18.69,18.79,18.94,18.46,2184,3116335.75,2.51,-1.73,-0.33,0.47,SZ000703
1076,2001-09-13,18.98,18.93,19.37,18.64,1969,2885799.0,3.89,0.75,0.14,0.42,SZ000703
1077,2001-09-14,18.98,18.6,18.98,18.46,609,871670.0,2.75,-1.74,-0.33,0.13,SZ000703
1078,2001-09-17,18.59,18.38,18.59,18.34,1411,1989388.5,1.34,-1.18,-0.22,0.3,SZ000703
1079,2001-09-18,18.33,18.46,18.79,18.33,848,1198060.0,2.5,0.44,0.08,0.18,SZ000703
1080,2001-09-19,18.46,18.46,18.5,18.12,1488,2078304.0,2.06,0.0,0.0,0.32,SZ000703
1081,2001-09-20,18.6,18.38,18.66,18.33,745,1048862.25,1.79,-0.43,-0.08,0.16,SZ000703
1082,2001-09-21,18.25,18.34,18.66,18.23,1077,1516094.75,2.34,-0.22,-0.04,0.23,SZ000703
1083,2001-09-24,18.45,18.17,18.45,18.14,794,1106943.5,1.69,-0.93,-0.17,0.17,SZ000703
1084,2001-09-25,18.47,18.01,18.47,17.98,666,922026.0,2.7,-0.88,-0.16,0.14,SZ000703
1085,2001-09-26,17.99,17.21,18.19,16.81,2918,3911707.0,7.66,-4.44,-0.8,0.62,SZ000703
1086,2001-09-27,17.23,17.49,17.63,16.87,1761,2323083.0,4.42,1.63,0.28,0.38,SZ000703
1087,2001-09-28,17.58,17.55,17.68,17.15,872,1161891.75,3.03,0.34,0.06,0.19,SZ000703
1088,2001-10-08,17.3,17.3,17.72,16.87,342,446838.91,4.84,-1.42,-0.25,0.07,SZ000703
1089,2001-10-09,17.1,17.41,17.45,17.1,404,535146.81,2.02,0.64,0.11,0.09,SZ000703
1090,2001-10-10,17.46,16.77,17.49,16.56,3764,4932223.5,5.34,-3.68,-0.64,0.81,SZ000703
1091,2001-10-11,16.39,15.91,16.97,15.86,1152,1414630.5,6.62,-5.13,-0.86,0.25,SZ000703
1092,2001-10-12,15.86,16.32,16.38,15.54,1439,1755594.62,5.28,2.58,0.41,0.31,SZ000703
1093,2001-10-15,16.32,16.37,16.54,15.96,734,911692.44,3.55,0.31,0.05,0.16,SZ000703
1094,2001-10-16,16.35,16.07,16.64,16.0,644,794470.31,3.91,-1.83,-0.3,0.14,SZ000703
1095,2001-10-17,16.07,16.06,16.32,16.06,585,722262.62,1.62,-0.06,-0.01,0.13,SZ000703
1096,2001-10-18,16.46,16.28,16.46,15.6,1283,1570485.0,5.35,1.37,0.22,0.27,SZ000703
1097,2001-10-19,16.19,15.43,16.19,15.21,1263,1496984.0,6.02,-5.22,-0.85,0.27,SZ000703
1098,2001-10-22,15.21,15.28,15.47,14.79,2097,2425962.75,4.41,-0.97,-0.15,0.45,SZ000703
1099,2001-10-23,16.09,16.8,16.8,16.09,5259,6702419.5,4.65,9.95,1.52,1.12,SZ000703
1100,2001-10-24,17.06,17.13,17.54,16.64,13201,17152160.0,5.36,1.96,0.33,2.82,SZ000703
1101,2001-10-25,16.71,16.47,16.95,16.45,2305,2930629.5,2.92,-3.85,-0.66,0.49,SZ000703
1102,2001-10-26,16.32,16.32,16.64,16.0,1529,1895804.75,3.89,-0.91,-0.15,0.33,SZ000703
1103,2001-10-29,16.33,16.51,16.74,16.29,877,1107998.75,2.76,1.16,0.19,0.19,SZ000703
1104,2001-10-30,16.51,16.47,16.54,16.28,9633,12093023.0,1.57,-0.24,-0.04,2.06,SZ000703
1105,2001-10-31,16.12,16.38,16.41,16.12,453,561339.31,1.76,-0.55,-0.09,0.1,SZ000703
1106,2001-11-01,16.58,16.76,16.85,16.21,1155,1460944.12,3.91,2.32,0.38,0.25,SZ000703
1107,2001-11-02,16.74,16.37,16.74,16.35,733,923169.5,2.33,-2.33,-0.39,0.16,SZ000703
1108,2001-11-05,16.45,16.19,16.45,16.12,596,737006.0,2.02,-1.1,-0.18,0.13,SZ000703
1109,2001-11-06,16.2,15.99,16.2,15.99,808,990677.62,1.3,-1.24,-0.2,0.17,SZ000703
1110,2001-11-07,15.93,15.09,16.22,15.08,1535,1812140.75,7.13,-5.63,-0.9,0.33,SZ000703
1111,2001-11-08,14.82,14.9,15.18,14.5,1276,1438186.62,4.51,-1.26,-0.19,0.27,SZ000703
1112,2001-11-09,14.96,15.17,15.28,14.7,966,1104885.25,3.89,1.81,0.27,0.21,SZ000703
1113,2001-11-12,14.9,14.9,15.28,14.57,1067,1219989.62,4.68,-1.78,-0.27,0.23,SZ000703
1114,2001-11-13,14.66,14.69,15.15,14.59,1268,1426836.62,3.76,-1.41,-0.21,0.27,SZ000703
1115,2001-11-14,14.69,14.82,14.92,14.69,340,385472.59,1.57,0.88,0.13,0.07,SZ000703
1116,2001-11-15,14.83,15.08,15.15,14.83,1104,1266814.5,2.16,1.75,0.26,0.24,SZ000703
1117,2001-11-16,16.5,15.51,16.51,15.34,3039,3659685.25,7.76,2.85,0.43,0.65,SZ000703
1118,2001-11-19,15.28,15.72,15.73,15.28,3039,3659685.0,2.9,1.35,0.21,0.65,SZ000703
1119,2001-11-20,15.73,16.09,16.19,15.57,1488,1761644.0,3.94,2.35,0.37,0.32,SZ000703
1120,2001-11-21,16.06,16.09,16.25,15.9,1713,2099842.5,2.18,0.0,0.0,0.37,SZ000703
1121,2001-11-22,15.99,16.15,16.2,15.99,1650,2029734.75,1.31,0.37,0.06,0.35,SZ000703
1122,2001-11-23,16.15,16.11,16.25,15.96,1240,1523078.0,1.8,-0.25,-0.04,0.27,SZ000703
1123,2001-11-26,16.12,15.96,16.12,15.9,813,992255.81,1.37,-0.93,-0.15,0.17,SZ000703
1124,2001-11-27,16.06,16.19,16.2,15.93,896,1098554.5,1.69,1.44,0.23,0.19,SZ000703
1125,2001-11-28,16.19,16.65,16.77,16.19,2739,3463456.0,3.58,2.84,0.46,0.59,SZ000703
1126,2001-11-29,16.58,16.84,16.86,16.47,3278,4192462.25,2.34,1.14,0.19,0.7,SZ000703
1127,2001-11-30,16.82,16.84,16.87,16.51,2773,3522980.0,2.14,0.0,0.0,0.59,SZ000703
1128,2001-12-03,16.9,16.9,17.0,16.84,2196,2836195.25,0.95,0.36,0.06,0.47,SZ000703
1129,2001-12-04,16.9,16.95,16.97,16.71,1480,1901407.0,1.54,0.3,0.05,0.32,SZ000703
1130,2001-12-05,16.89,16.52,17.1,16.51,2034,2594847.0,3.48,-2.54,-0.43,0.44,SZ000703
1131,2001-12-06,16.46,16.54,16.64,16.34,1633,2049985.25,1.82,0.12,0.02,0.35,SZ000703
1132,2001-12-07,16.63,16.38,16.63,16.3,1106,1387862.75,2.0,-0.97,-0.16,0.24,SZ000703
1133,2001-12-10,16.41,16.41,16.51,16.28,847,1056833.25,1.4,0.18,0.03,0.18,SZ000703
1134,2001-12-11,16.51,16.32,16.84,16.25,988,1242107.0,3.6,-0.55,-0.09,0.21,SZ000703
1135,2001-12-12,16.28,16.3,16.47,16.25,1092,1360593.5,1.35,-0.12,-0.02,0.23,SZ000703
1136,2001-12-13,16.32,16.03,16.51,16.02,1294,1608205.5,3.01,-1.66,-0.27,0.28,SZ000703
1137,2001-12-14,15.96,15.9,16.12,15.9,884,1076222.12,1.37,-0.81,-0.13,0.19,SZ000703
1138,2001-12-17,15.86,15.68,15.86,15.52,595,711226.0,2.14,-1.38,-0.22,0.13,SZ000703
1139,2001-12-18,15.67,15.86,15.86,15.47,787,938542.12,2.49,1.15,0.18,0.17,SZ000703
1140,2001-12-20,15.47,15.12,15.47,15.05,1397,1614533.75,2.65,-4.67,-0.74,0.3,SZ000703
1141,2001-12-21,16.38,15.13,16.38,14.92,3969,4686774.0,9.66,0.07,0.01,0.85,SZ000703
1142,2001-12-24,15.2,14.76,15.2,14.7,856,969931.0,3.3,-2.45,-0.37,0.18,SZ000703
1143,2001-12-25,14.82,14.95,14.98,14.66,610,691556.0,2.17,1.29,0.19,0.13,SZ000703
1144,2001-12-26,14.81,15.28,15.31,14.77,403,463015.81,3.61,2.21,0.33,0.09,SZ000703
1145,2001-12-27,15.22,15.16,15.34,15.11,597,694872.0,1.51,-0.79,-0.12,0.13,SZ000703
1146,2001-12-28,15.04,15.21,15.37,15.04,417,480670.62,2.18,0.33,0.05,0.09,SZ000703
1147,2001-12-31,15.34,15.24,15.34,15.18,499,580129.0,1.05,0.2,0.03,0.11,SZ000703
1148,2002-01-04,15.47,15.12,15.5,15.05,2346,2712417.0,2.95,-0.79,-0.12,0.5,SZ000703
1149,2002-01-07,14.85,14.77,15.04,14.72,563,637018.31,2.12,-2.31,-0.35,0.12,SZ000703
1150,2002-01-08,15.0,14.69,15.0,14.69,378,426479.0,2.1,-0.54,-0.08,0.08,SZ000703
1151,2002-01-09,14.66,14.3,14.81,14.11,981,1085948.0,4.77,-2.65,-0.39,0.21,SZ000703
1152,2002-01-10,14.27,14.29,14.39,13.6,1386,1470660.5,5.52,-0.07,-0.01,0.3,SZ000703
1153,2002-01-11,14.3,13.55,14.3,13.53,791,834029.0,5.39,-5.18,-0.74,0.17,SZ000703
1154,2002-01-14,13.39,12.91,13.39,12.87,1536,1535075.5,3.84,-4.72,-0.64,0.33,SZ000703
1155,2002-01-15,12.91,12.95,13.22,12.75,956,944134.62,3.64,0.31,0.04,0.2,SZ000703
1156,2002-01-16,12.95,13.1,13.26,12.81,904,897597.88,3.47,1.16,0.15,0.19,SZ000703
1157,2002-01-17,13.0,12.22,13.0,12.08,1155,1108051.5,7.02,-6.72,-0.88,0.25,SZ000703
1158,2002-01-18,12.05,11.8,12.22,11.58,1680,1521568.5,5.24,-3.44,-0.42,0.36,SZ000703
1159,2002-01-21,11.51,10.65,11.57,10.63,2468,2041196.5,7.97,-9.75,-1.15,0.53,SZ000703
1160,2002-01-22,10.4,10.6,10.88,10.34,3477,2814744.5,5.07,-0.47,-0.05,0.74,SZ000703
1161,2002-01-23,10.5,11.65,11.65,10.28,3976,3326741.0,12.92,9.91,1.05,0.85,SZ000703
1162,2002-01-24,11.51,11.83,12.04,11.05,6272,5595746.5,8.5,1.55,0.18,1.34,SZ000703
1163,2002-01-25,11.83,11.66,11.83,11.57,2821,2514929.0,2.2,-1.44,-0.17,0.6,SZ000703
1164,2002-01-28,11.73,10.54,11.8,10.54,2710,2283326.0,10.81,-9.61,-1.12,0.58,SZ000703
1165,2002-01-29,10.65,11.0,11.15,10.34,4203,3410889.0,7.69,4.36,0.46,0.9,SZ000703
1166,2002-01-30,11.0,11.15,11.23,10.83,2793,2355475.0,3.64,1.36,0.15,0.6,SZ000703
1167,2002-01-31,11.31,12.23,12.26,11.31,5835,5309068.5,8.52,9.69,1.08,1.25,SZ000703
1168,2002-02-01,12.22,12.14,12.48,12.03,3858,3596734.75,3.68,-0.74,-0.09,0.83,SZ000703
1169,2002-02-04,12.14,12.66,12.68,11.88,3514,3311485.0,6.59,4.28,0.52,0.75,SZ000703
1170,2002-02-05,12.68,12.71,12.81,12.49,3215,3094774.5,2.53,0.39,0.05,0.69,SZ000703
1171,2002-02-06,12.61,12.17,12.62,12.16,2978,2795927.25,3.62,-4.25,-0.54,0.64,SZ000703
1172,2002-02-07,12.25,12.79,12.97,12.22,3267,3154390.75,6.16,5.09,0.62,0.7,SZ000703
1173,2002-02-08,12.75,12.65,12.92,12.61,2526,2460253.75,2.42,-1.09,-0.14,0.54,SZ000703
1174,2002-02-25,12.99,13.05,13.12,12.82,3094,3059060.0,2.37,3.16,0.4,0.66,SZ000703
1175,2002-02-26,12.94,12.92,12.97,12.65,2087,2037409.25,2.45,-1.0,-0.13,0.45,SZ000703
1176,2002-02-27,12.92,13.09,13.3,12.87,3607,3609037.75,3.33,1.32,0.17,0.77,SZ000703
1177,2002-02-28,13.13,12.99,13.26,12.9,1970,1960040.75,2.75,-0.76,-0.1,0.42,SZ000703
1178,2002-03-01,12.99,12.6,12.99,12.58,1958,1893343.25,3.16,-3.0,-0.39,0.42,SZ000703
1179,2002-03-04,12.58,12.99,12.99,12.48,1758,1705291.5,4.05,3.1,0.39,0.38,SZ000703
1180,2002-03-05,13.03,13.42,13.47,13.03,4075,4120510.75,3.39,3.31,0.43,0.87,SZ000703
1181,2002-03-06,13.68,13.46,13.98,13.44,7198,7533057.5,4.02,0.3,0.04,1.54,SZ000703
1182,2002-03-07,13.48,13.82,13.91,13.46,4280,4453654.0,3.34,2.67,0.36,0.92,SZ000703
1183,2002-03-08,13.91,14.42,14.5,13.83,9566,10356234.0,4.85,4.34,0.6,2.05,SZ000703
1184,2002-03-11,14.51,14.66,14.68,14.17,5234,5763734.0,3.54,1.66,0.24,1.12,SZ000703
1185,2002-03-12,14.56,14.25,14.66,14.17,5616,6163386.5,3.34,-2.8,-0.41,1.2,SZ000703
1186,2002-03-13,14.12,13.79,14.3,13.78,3383,3616892.0,3.65,-3.23,-0.46,0.72,SZ000703
1187,2002-03-14,13.85,14.5,14.55,13.78,3348,3577666.25,5.58,5.15,0.71,0.72,SZ000703
1188,2002-03-15,14.51,13.9,14.53,13.78,4259,4627976.0,5.17,-4.14,-0.6,0.91,SZ000703
1189,2002-03-18,14.17,13.96,14.3,13.77,2130,2270724.0,3.81,0.43,0.06,0.46,SZ000703
1190,2002-03-19,13.98,14.43,14.43,13.92,2341,2541434.75,3.65,3.37,0.47,0.5,SZ000703
1191,2002-03-20,14.43,14.68,14.79,14.43,4840,5395450.0,2.49,1.73,0.25,1.04,SZ000703
1192,2002-03-21,14.69,14.69,14.95,14.53,3489,3905598.75,2.86,0.07,0.01,0.75,SZ000703
1193,2002-03-22,14.69,14.26,14.72,14.2,2523,2777272.0,3.54,-2.93,-0.43,0.54,SZ000703
1194,2002-03-25,14.25,14.52,14.55,14.16,2590,2854586.0,2.73,1.82,0.26,0.55,SZ000703
1195,2002-03-26,14.64,14.26,14.64,14.11,1855,2025497.12,3.65,-1.79,-0.26,0.4,SZ000703
1196,2002-03-27,14.29,14.38,14.42,14.17,1284,1402066.62,1.75,0.84,0.12,0.27,SZ000703
1197,2002-03-28,14.38,14.57,14.7,14.17,3264,3606568.0,3.69,1.32,0.19,0.7,SZ000703
1198,2002-03-29,14.56,14.07,14.56,14.04,2534,2750233.25,3.57,-3.43,-0.5,0.54,SZ000703
1199,2002-04-01,14.03,14.04,14.17,13.85,1799,1917889.75,2.27,-0.21,-0.03,0.38,SZ000703
1200,2002-04-02,14.07,14.07,14.14,13.81,5178,5524374.5,2.35,0.21,0.03,1.11,SZ000703
1201,2002-04-03,14.24,15.46,15.46,14.24,31467,36253372.0,8.67,9.88,1.39,6.73,SZ000703
1202,2002-04-04,15.47,15.81,15.9,15.21,31559,37649568.0,4.46,2.26,0.35,6.75,SZ000703
1203,2002-04-05,15.81,15.44,15.85,15.34,11427,13541354.0,3.23,-2.34,-0.37,2.44,SZ000703
1204,2002-04-08,15.47,15.41,15.47,15.03,8626,10025236.0,2.85,-0.19,-0.03,1.85,SZ000703
1205,2002-04-10,15.68,15.43,15.86,15.39,10330,12241636.0,3.05,0.13,0.02,2.21,SZ000703
1206,2002-04-11,15.44,15.59,15.67,15.08,7329,8574331.0,3.82,1.04,0.16,1.57,SZ000703
1207,2002-04-12,15.57,15.46,15.65,15.35,3064,3626815.0,1.92,-0.83,-0.13,0.66,SZ000703
1208,2002-04-15,15.46,15.18,15.46,15.05,4244,4918782.5,2.65,-1.81,-0.28,0.91,SZ000703
1209,2002-04-16,15.13,15.35,15.43,15.11,1817,2113948.25,2.11,1.12,0.17,0.39,SZ000703
1210,2002-04-17,15.21,15.26,15.35,15.05,1564,1810173.38,1.95,-0.59,-0.09,0.33,SZ000703
1211,2002-04-18,15.26,14.83,15.26,14.83,2755,3159930.0,2.82,-2.82,-0.43,0.59,SZ000703
1212,2002-04-19,14.72,14.95,15.02,14.46,3531,3961332.0,3.78,0.81,0.12,0.76,SZ000703
1213,2002-04-22,14.92,14.74,14.92,14.66,2150,2418453.75,1.74,-1.4,-0.21,0.46,SZ000703
1214,2002-04-23,14.63,14.69,14.89,14.63,1450,1631473.0,1.76,-0.34,-0.05,0.31,SZ000703
1215,2002-04-24,14.76,14.69,14.87,14.63,1844,2072616.62,1.63,0.0,0.0,0.39,SZ000703
1216,2002-04-25,14.72,14.77,14.77,14.59,1244,1394246.0,1.23,0.54,0.08,0.27,SZ000703
1217,2002-04-26,14.9,15.28,15.39,14.5,3103,3589673.5,6.03,3.45,0.51,0.66,SZ000703
1218,2002-04-29,15.57,15.55,15.6,15.29,4283,5062096.0,2.03,1.77,0.27,0.92,SZ000703
1219,2002-04-30,15.54,15.46,15.63,15.38,3393,4010127.0,1.61,-0.58,-0.09,0.73,SZ000703
1220,2002-05-08,15.33,15.16,15.47,15.09,2142,2491082.75,2.46,-1.94,-0.3,0.46,SZ000703
1221,2002-05-09,15.08,15.11,15.31,14.85,998,1154221.0,3.03,-0.33,-0.05,0.21,SZ000703
1222,2002-05-10,15.12,14.85,15.12,14.82,1651,1883334.0,1.99,-1.72,-0.26,0.35,SZ000703
1223,2002-05-13,14.76,14.92,14.94,14.76,1394,1576260.25,1.21,0.47,0.07,0.3,SZ000703
1224,2002-05-14,14.82,14.9,15.04,14.82,1128,1283182.5,1.47,-0.13,-0.02,0.24,SZ000703
1225,2002-05-15,14.85,14.69,14.9,14.63,1242,1399093.38,1.81,-1.41,-0.21,0.27,SZ000703
1226,2002-05-16,14.69,13.99,14.69,13.94,3147,3437473.5,5.11,-4.77,-0.7,0.67,SZ000703
1227,2002-05-17,13.99,14.12,14.34,13.6,2504,2668372.0,5.29,0.93,0.13,0.54,SZ000703
1228,2002-05-20,14.01,13.62,14.01,13.52,1931,2005054.25,3.47,-3.54,-0.5,0.41,SZ000703
1229,2002-05-21,14.17,14.3,14.66,13.85,3821,4144644.5,5.95,4.99,0.68,0.82,SZ000703
1230,2002-05-22,14.3,14.09,14.4,14.08,2555,2775958.75,2.24,-1.47,-0.21,0.55,SZ000703
1231,2002-05-23,14.14,14.2,14.43,14.14,1323,1439407.75,2.06,0.78,0.11,0.28,SZ000703
1232,2002-05-24,14.24,13.85,14.25,13.81,1186,1262532.0,3.1,-2.46,-0.35,0.25,SZ000703
1233,2002-05-27,14.05,13.85,14.17,13.62,1496,1568737.5,3.97,0.0,0.0,0.32,SZ000703
1234,2002-05-28,14.01,13.81,14.05,13.78,1316,1391860.12,1.95,-0.29,-0.04,0.28,SZ000703
1235,2002-05-29,13.9,13.44,13.9,13.4,4187,4323543.0,3.62,-2.68,-0.37,0.9,SZ000703
1236,2002-05-30,13.75,13.56,13.75,13.4,1680,1732270.12,2.6,0.89,0.12,0.36,SZ000703
1237,2002-05-31,13.52,13.46,13.7,13.39,981,1010647.69,2.29,-0.74,-0.1,0.21,SZ000703
1238,2002-06-03,13.46,13.07,13.46,13.0,1537,1536782.0,3.42,-2.9,-0.39,0.33,SZ000703
1239,2002-06-04,13.1,13.16,13.33,13.03,1245,1247174.75,2.3,0.69,0.09,0.27,SZ000703
1240,2002-06-05,13.08,12.74,13.2,12.74,1230,1203684.88,3.5,-3.19,-0.42,0.26,SZ000703
1241,2002-06-06,12.51,13.39,13.75,12.51,2341,2337432.25,9.73,5.1,0.65,0.5,SZ000703
1242,2002-06-07,13.4,13.61,13.72,13.26,2824,2899760.75,3.44,1.64,0.22,0.6,SZ000703
1243,2002-06-10,13.31,13.36,13.52,13.31,1004,1023397.19,1.54,-1.84,-0.25,0.21,SZ000703
1244,2002-06-11,13.46,13.48,13.59,13.29,1079,1109350.0,2.25,0.9,0.12,0.23,SZ000703
1245,2002-06-12,13.52,13.3,13.52,13.21,1040,1058709.0,2.3,-1.34,-0.18,0.22,SZ000703
1246,2002-06-13,13.33,13.07,13.38,13.07,977,985228.0,2.33,-1.73,-0.23,0.21,SZ000703
1247,2002-06-14,13.05,12.74,13.07,12.71,1072,1053253.0,2.75,-2.52,-0.33,0.23,SZ000703
1248,2002-06-17,12.71,12.71,12.84,12.58,768,747130.94,2.04,-0.24,-0.03,0.16,SZ000703
1249,2002-06-18,12.87,13.2,13.26,12.87,1358,1354593.25,3.07,3.86,0.49,0.29,SZ000703
1250,2002-06-19,13.2,12.95,13.2,12.92,586,580940.0,2.12,-1.89,-0.25,0.13,SZ000703
1251,2002-06-20,13.03,13.18,13.36,13.03,1679,1693135.25,2.55,1.78,0.23,0.36,SZ000703
1252,2002-06-21,13.26,14.04,14.17,13.26,4760,4994630.5,6.9,6.53,0.86,1.02,SZ000703
1253,2002-06-24,15.43,15.43,15.43,14.79,15449,18011640.0,4.56,9.9,1.39,3.3,SZ000703
1254,2002-06-25,15.43,15.03,15.6,14.98,9962,11627768.0,4.02,-2.59,-0.4,2.13,SZ000703
1255,2002-06-26,14.85,15.08,15.28,14.72,4838,5532504.5,3.73,0.33,0.05,1.03,SZ000703
1256,2002-06-27,15.21,14.89,15.21,14.83,2427,2771687.0,2.52,-1.26,-0.19,0.52,SZ000703
1257,2002-06-28,14.89,14.66,15.08,14.61,4298,4851846.5,3.16,-1.54,-0.23,0.92,SZ000703
1258,2002-07-01,14.73,14.66,14.89,14.66,1671,1880072.25,1.57,0.0,0.0,0.36,SZ000703
1259,2002-07-02,14.66,14.81,14.82,14.53,1508,1691225.0,1.98,1.02,0.15,0.32,SZ000703
1260,2002-07-03,14.77,14.83,14.89,14.69,1327,1497203.62,1.35,0.14,0.02,0.28,SZ000703
1261,2002-07-04,14.92,14.64,14.95,14.63,1980,2223895.25,2.16,-1.28,-0.19,0.42,SZ000703
1262,2002-07-05,14.64,14.73,14.74,14.56,1306,1461175.75,1.23,0.61,0.09,0.28,SZ000703
1263,2002-07-08,14.73,14.91,14.91,14.66,1576,1780565.88,1.7,1.22,0.18,0.34,SZ000703
1264,2002-07-09,14.92,14.79,14.95,14.77,1278,1446750.25,1.21,-0.8,-0.12,0.27,SZ000703
1265,2002-07-10,14.89,14.57,14.89,14.56,1237,1379891.38,2.23,-1.49,-0.22,0.26,SZ000703
1266,2002-07-11,14.5,14.55,14.66,14.5,1062,1181155.12,1.1,-0.14,-0.02,0.23,SZ000703
1267,2002-07-12,14.53,14.64,14.66,14.53,1034,1150049.25,0.89,0.62,0.09,0.22,SZ000703
1268,2002-07-15,14.55,14.56,14.63,14.46,673,746261.19,1.16,-0.55,-0.08,0.14,SZ000703
1269,2002-07-16,14.51,14.56,14.79,14.51,719,802766.69,1.92,0.0,0.0,0.15,SZ000703
1270,2002-07-17,14.57,14.6,14.61,14.46,625,692580.19,1.03,0.27,0.04,0.13,SZ000703
1271,2002-07-18,14.63,14.69,14.76,14.39,850,951661.5,2.53,0.62,0.09,0.18,SZ000703
1272,2002-07-19,14.68,14.89,14.89,14.68,959,1079935.5,1.43,1.36,0.2,0.21,SZ000703
1273,2002-07-22,14.76,14.56,14.76,14.5,1236,1376860.0,1.75,-2.22,-0.33,0.26,SZ000703
1274,2002-07-23,14.56,14.39,14.56,14.34,1008,1108092.12,1.51,-1.17,-0.17,0.22,SZ000703
1275,2002-07-24,14.31,14.25,14.43,14.24,908,991745.5,1.32,-0.97,-0.14,0.19,SZ000703
1276,2002-07-25,14.27,14.08,14.37,14.04,1232,1333697.0,2.32,-1.19,-0.17,0.26,SZ000703
1277,2002-07-26,14.08,14.13,14.27,14.08,600,646598.69,1.35,0.36,0.05,0.13,SZ000703
1278,2002-07-29,14.04,14.26,14.27,13.95,561,602932.75,2.26,0.92,0.13,0.12,SZ000703
1279,2002-07-30,14.29,14.26,14.3,14.11,434,470426.5,1.33,0.0,0.0,0.09,SZ000703
1280,2002-07-31,14.25,14.21,14.38,14.18,658,716249.88,1.4,-0.35,-0.05,0.14,SZ000703
1281,2002-08-01,14.11,14.14,14.24,14.04,508,547578.31,1.41,-0.49,-0.07,0.11,SZ000703
1282,2002-08-02,14.14,13.9,14.24,13.86,4320,4578221.5,2.69,-1.7,-0.24,0.92,SZ000703
1283,2002-08-05,13.91,13.74,13.96,13.66,945,992562.0,2.16,-1.15,-0.16,0.2,SZ000703
1284,2002-08-06,13.73,13.95,14.0,13.72,2141,2264255.75,2.04,1.53,0.21,0.46,SZ000703
1285,2002-08-07,13.94,13.82,13.95,13.78,747,788960.19,1.22,-0.93,-0.13,0.16,SZ000703
1286,2002-08-08,13.78,13.85,13.96,13.78,1187,1255260.75,1.3,0.22,0.03,0.25,SZ000703
1287,2002-08-09,13.85,13.95,13.96,13.85,1090,1153941.88,0.79,0.72,0.1,0.23,SZ000703
1288,2002-08-12,13.94,13.81,13.94,13.72,1347,1417040.0,1.58,-1.0,-0.14,0.29,SZ000703
1289,2002-08-13,13.73,13.83,13.98,13.73,472,498041.0,1.81,0.14,0.02,0.1,SZ000703
1290,2002-08-14,13.78,13.96,13.98,13.73,592,627748.31,1.81,0.94,0.13,0.13,SZ000703
1291,2002-08-15,13.91,13.9,13.95,13.85,304,322343.41,0.72,-0.43,-0.06,0.07,SZ000703
1292,2002-08-16,13.81,13.87,14.0,13.75,943,998876.0,1.8,-0.22,-0.03,0.2,SZ000703
1293,2002-08-19,13.87,13.91,13.95,13.78,547,578676.38,1.23,0.29,0.04,0.12,SZ000703
1294,2002-08-20,14.04,14.16,14.17,13.92,2479,2658132.0,1.8,1.8,0.25,0.53,SZ000703
1295,2002-08-21,14.16,14.07,14.17,14.01,1366,1465110.38,1.13,-0.64,-0.09,0.29,SZ000703
1296,2002-08-22,14.2,14.27,14.43,14.17,2207,2409325.75,1.85,1.42,0.2,0.47,SZ000703
1297,2002-08-23,14.18,14.22,14.3,14.16,618,669931.12,0.98,-0.35,-0.05,0.13,SZ000703
1298,2002-08-26,14.24,14.47,14.5,14.2,2142,2346788.5,2.11,1.76,0.25,0.46,SZ000703
1299,2002-08-27,14.31,14.76,14.95,14.3,5291,5952086.0,4.49,2.0,0.29,1.13,SZ000703
1300,2002-08-28,14.82,14.59,14.89,14.53,1720,1920854.0,2.44,-1.15,-0.17,0.37,SZ000703
1301,2002-08-29,14.56,14.34,14.63,14.25,1558,1711979.25,2.6,-1.71,-0.25,0.33,SZ000703
1302,2002-08-30,14.43,14.3,14.43,14.25,461,502907.03,1.26,-0.28,-0.04,0.1,SZ000703
1303,2002-09-02,14.25,14.34,14.4,14.21,703,767141.81,1.33,0.28,0.04,0.15,SZ000703
1304,2002-09-03,14.4,14.37,14.55,14.35,823,907951.88,1.39,0.21,0.03,0.18,SZ000703
1305,2002-09-04,14.4,14.43,14.43,14.22,706,770415.62,1.46,0.42,0.06,0.15,SZ000703
1306,2002-09-05,14.37,14.16,14.37,14.14,1344,1454853.0,1.59,-1.87,-0.27,0.29,SZ000703
1307,2002-09-06,14.04,13.98,14.17,13.91,855,913551.88,1.84,-1.27,-0.18,0.18,SZ000703
1308,2002-09-09,13.99,13.79,13.99,13.75,835,879192.0,1.72,-1.36,-0.19,0.18,SZ000703
1309,2002-09-10,13.85,13.92,14.04,13.74,610,642881.56,2.18,0.94,0.13,0.13,SZ000703
1310,2002-09-11,13.91,13.88,13.91,13.74,684,720813.38,1.22,-0.29,-0.04,0.15,SZ000703
1311,2002-09-12,13.88,13.94,14.07,13.85,520,554201.31,1.59,0.43,0.06,0.11,SZ000703
1312,2002-09-13,14.04,14.14,14.18,13.94,750,801667.0,1.72,1.43,0.2,0.16,SZ000703
1313,2002-09-16,13.94,13.77,14.14,13.69,1250,1312243.25,3.18,-2.62,-0.37,0.27,SZ000703
1314,2002-09-17,13.98,13.72,13.99,13.52,999,1041790.44,3.41,-0.36,-0.05,0.21,SZ000703
1315,2002-09-18,13.72,13.59,13.72,13.52,439,454673.72,1.46,-0.95,-0.13,0.09,SZ000703
1316,2002-09-19,13.62,13.65,13.91,13.39,1229,1274239.88,3.83,0.44,0.06,0.26,SZ000703
1317,2002-09-20,13.65,13.65,13.65,13.53,581,603174.0,0.88,0.0,0.0,0.12,SZ000703
1318,2002-09-23,13.74,13.56,13.74,13.52,376,389506.25,1.61,-0.66,-0.09,0.08,SZ000703
1319,2002-09-24,13.56,13.51,13.68,13.46,1072,1103353.12,1.62,-0.37,-0.05,0.23,SZ000703
1320,2002-09-25,13.52,13.52,13.64,13.43,460,474865.28,1.55,0.07,0.01,0.1,SZ000703
1321,2002-09-26,13.51,13.42,13.65,13.42,691,710208.56,1.7,-0.74,-0.1,0.15,SZ000703
1322,2002-09-27,13.42,13.26,13.43,13.26,710,721760.0,1.27,-1.19,-0.16,0.15,SZ000703
1323,2002-10-08,13.17,13.05,13.17,13.0,497,495639.56,1.28,-1.58,-0.21,0.11,SZ000703
1324,2002-10-09,13.26,13.07,13.26,12.97,821,816405.44,2.22,0.15,0.02,0.18,SZ000703
1325,2002-10-10,13.07,12.87,13.12,12.87,629,621753.0,1.91,-1.53,-0.2,0.13,SZ000703
1326,2002-10-11,12.95,12.84,12.97,12.81,459,450421.12,1.24,-0.23,-0.03,0.1,SZ000703
1327,2002-10-14,12.7,12.97,13.0,12.7,440,431454.25,2.34,1.01,0.13,0.09,SZ000703
1328,2002-10-15,12.78,12.87,13.0,12.78,286,281700.91,1.7,-0.77,-0.1,0.06,SZ000703
1329,2002-10-16,12.95,13.0,13.13,12.95,750,742522.44,1.4,1.01,0.13,0.16,SZ000703
1330,2002-10-17,13.07,12.81,13.07,12.81,489,479478.0,2.0,-1.46,-0.19,0.1,SZ000703
1331,2002-10-18,12.81,12.78,12.87,12.74,374,364605.88,1.01,-0.23,-0.03,0.08,SZ000703
1332,2002-10-21,12.73,12.81,12.81,12.61,276,266924.69,1.56,0.23,0.03,0.06,SZ000703
1333,2002-10-22,12.64,13.05,13.13,12.61,1206,1191105.25,4.06,1.87,0.24,0.26,SZ000703
1334,2002-10-23,12.86,13.07,13.1,12.86,301,298329.44,1.84,0.15,0.02,0.06,SZ000703
1335,2002-10-24,13.08,12.96,13.12,12.88,459,453587.75,1.84,-0.84,-0.11,0.1,SZ000703
1336,2002-10-25,12.96,12.68,12.97,12.68,908,885301.0,2.24,-2.16,-0.28,0.19,SZ000703
1337,2002-10-28,12.86,12.32,12.86,12.18,1320,1244727.62,5.36,-2.84,-0.36,0.28,SZ000703
1338,2002-10-29,12.21,12.34,12.34,11.96,748,692520.62,3.08,0.16,0.02,0.16,SZ000703
1339,2002-10-30,12.09,12.18,12.31,12.09,213,197783.41,1.78,-1.3,-0.16,0.05,SZ000703
1340,2002-10-31,12.22,12.18,12.3,12.12,580,538993.0,1.48,0.0,0.0,0.12,SZ000703
1341,2002-11-01,12.18,12.09,12.22,11.83,597,547623.81,3.2,-0.74,-0.09,0.13,SZ000703
1342,2002-11-04,13.12,12.38,13.12,12.08,1559,1459202.38,8.6,2.4,0.29,0.33,SZ000703
1343,2002-11-05,12.38,12.65,12.7,12.17,1207,1156291.0,4.28,2.18,0.27,0.26,SZ000703
1344,2002-11-06,12.78,12.55,12.78,12.49,615,589095.0,2.29,-0.79,-0.1,0.13,SZ000703
1345,2002-11-07,12.66,12.55,12.66,12.49,577,551231.0,1.35,0.0,0.0,0.12,SZ000703
1346,2002-11-08,12.55,12.09,12.73,12.09,962,902187.31,5.1,-3.67,-0.46,0.21,SZ000703
1347,2002-11-11,12.09,11.87,12.14,11.83,467,425552.41,2.56,-1.82,-0.22,0.1,SZ000703
1348,2002-11-12,11.87,11.52,11.96,11.44,1435,1266376.38,4.38,-2.95,-0.35,0.31,SZ000703
1349,2002-11-13,11.51,11.57,11.61,11.32,1364,1190943.5,2.52,0.43,0.05,0.29,SZ000703
1350,2002-11-14,11.57,11.36,11.62,11.36,660,576991.88,2.25,-1.82,-0.21,0.14,SZ000703
1351,2002-11-15,11.31,11.31,11.58,11.26,690,601667.0,2.82,-0.44,-0.05,0.15,SZ000703
1352,2002-11-18,11.32,11.1,11.38,11.08,882,752878.19,2.65,-1.86,-0.21,0.19,SZ000703
1353,2002-11-19,11.06,11.36,11.36,10.87,1983,1669491.88,4.41,2.34,0.26,0.42,SZ000703
1354,2002-11-20,11.31,10.95,11.31,10.92,1148,962664.0,3.43,-3.61,-0.41,0.25,SZ000703
1355,2002-11-21,10.87,10.65,11.01,10.6,1498,1227124.75,3.74,-2.74,-0.3,0.32,SZ000703
1356,2002-11-22,10.74,10.79,10.95,10.53,1407,1148103.75,3.94,1.31,0.14,0.3,SZ000703
1357,2002-11-25,10.79,10.8,10.88,10.61,696,569252.69,2.5,0.09,0.01,0.15,SZ000703
1358,2002-11-26,10.8,10.49,10.91,10.47,928,751177.88,4.07,-2.87,-0.31,0.2,SZ000703
1359,2002-11-27,10.36,10.56,10.63,10.28,1565,1239895.0,3.34,0.67,0.07,0.33,SZ000703
1360,2002-11-28,10.56,10.96,10.99,10.54,2194,1787248.25,4.26,3.79,0.4,0.47,SZ000703
1361,2002-11-29,10.96,11.05,11.3,10.95,3008,2540467.0,3.19,0.82,0.09,0.64,SZ000703
1362,2002-12-02,10.88,10.74,11.01,10.66,1647,1359876.62,3.17,-2.81,-0.31,0.35,SZ000703
1363,2002-12-03,10.84,10.96,10.96,10.66,963,792518.5,2.79,2.05,0.22,0.21,SZ000703
1364,2002-12-04,10.99,11.01,11.18,10.86,1223,1030040.25,2.92,0.46,0.05,0.26,SZ000703
1365,2002-12-05,10.82,10.86,11.0,10.66,544,447402.44,3.09,-1.36,-0.15,0.12,SZ000703
1366,2002-12-06,10.96,10.88,11.18,10.79,917,769414.38,3.59,0.18,0.02,0.2,SZ000703
1367,2002-12-09,10.86,10.89,11.15,10.78,504,416377.09,3.4,0.09,0.01,0.11,SZ000703
1368,2002-12-10,10.86,10.78,11.12,10.73,798,664798.69,3.58,-1.01,-0.11,0.17,SZ000703
1369,2002-12-11,10.7,10.73,10.84,10.66,639,521631.41,1.67,-0.46,-0.05,0.14,SZ000703
1370,2002-12-12,11.15,10.87,11.15,10.76,663,551141.38,3.63,1.3,0.14,0.14,SZ000703
1371,2002-12-13,10.76,11.21,11.27,10.73,2012,1684279.75,4.97,3.13,0.34,0.43,SZ000703
1372,2002-12-16,11.21,11.3,11.35,11.13,1434,1227823.12,1.96,0.8,0.09,0.31,SZ000703
1373,2002-12-17,11.28,11.39,11.41,11.18,1315,1132767.75,2.04,0.8,0.09,0.28,SZ000703
1374,2002-12-18,11.41,11.28,11.51,11.25,1442,1248040.62,2.28,-0.97,-0.11,0.31,SZ000703
1375,2002-12-19,11.26,11.23,11.3,11.05,1324,1126547.62,2.22,-0.44,-0.05,0.28,SZ000703
1376,2002-12-20,11.41,11.43,11.47,11.23,1239,1073807.38,2.14,1.78,0.2,0.27,SZ000703
1377,2002-12-23,11.49,11.28,11.51,11.25,1574,1367094.5,2.27,-1.31,-0.15,0.34,SZ000703
1378,2002-12-24,11.3,11.34,11.34,11.19,976,834426.5,1.33,0.53,0.06,0.21,SZ000703
1379,2002-12-25,11.38,11.44,11.7,11.28,2221,1945687.38,3.7,0.88,0.1,0.48,SZ000703
1380,2002-12-26,11.44,11.05,11.44,11.05,4354,3722281.25,3.41,-3.41,-0.39,0.93,SZ000703
1381,2002-12-27,11.01,11.05,11.25,10.78,1136,946024.75,4.25,0.0,0.0,0.24,SZ000703
1382,2002-12-30,11.13,10.84,11.13,10.7,1297,1065563.0,3.89,-1.9,-0.21,0.28,SZ000703
1383,2002-12-31,10.56,10.67,10.92,10.54,707,576352.31,3.51,-1.57,-0.17,0.15,SZ000703
1384,2003-01-02,10.58,10.47,10.73,10.41,1111,886664.88,3.0,-1.87,-0.2,0.24,SZ000703
1385,2003-01-03,10.53,10.44,10.57,10.37,627,498962.19,1.91,-0.29,-0.03,0.13,SZ000703
1386,2003-01-06,10.52,10.8,10.89,10.28,1146,926701.94,5.84,3.45,0.36,0.25,SZ000703
1387,2003-01-07,10.69,10.73,10.93,10.54,694,568917.38,3.61,-0.65,-0.07,0.15,SZ000703
1388,2003-01-08,10.57,11.01,11.08,10.57,1271,1053258.25,4.75,2.61,0.28,0.27,SZ000703
1389,2003-01-09,10.89,11.21,11.28,10.89,2344,1985192.38,3.54,1.82,0.2,0.5,SZ000703
1390,2003-01-10,11.08,11.0,11.26,10.99,2164,1832327.0,2.41,-1.87,-0.21,0.46,SZ000703
1391,2003-01-13,11.02,11.04,11.18,10.89,812,678909.25,2.64,0.36,0.04,0.17,SZ000703
1392,2003-01-14,11.04,11.53,11.69,11.04,4156,3605846.75,5.89,4.44,0.49,0.89,SZ000703
1393,2003-01-15,11.44,11.49,11.73,11.44,4114,3625319.5,2.52,-0.35,-0.04,0.88,SZ000703
1394,2003-01-16,11.45,11.84,11.87,11.39,4133,3675559.5,4.18,3.05,0.35,0.88,SZ000703
1395,2003-01-17,11.93,11.8,12.04,11.66,3218,2892558.25,3.21,-0.34,-0.04,0.69,SZ000703
1396,2003-01-20,11.7,11.73,11.82,11.54,2676,2371777.75,2.37,-0.59,-0.07,0.57,SZ000703
1397,2003-01-21,11.82,11.43,11.82,11.38,2075,1825289.38,3.75,-2.56,-0.3,0.44,SZ000703
1398,2003-01-22,11.57,11.48,11.57,11.28,1314,1142939.88,2.54,0.44,0.05,0.28,SZ000703
1399,2003-01-23,11.48,11.44,11.7,11.43,2089,1831770.38,2.35,-0.35,-0.04,0.45,SZ000703
1400,2003-01-24,11.44,11.57,11.58,11.31,1288,1125307.5,2.36,1.14,0.13,0.28,SZ000703
1401,2003-01-27,11.58,11.78,11.78,11.53,2490,2207477.75,2.16,1.82,0.21,0.53,SZ000703
1402,2003-01-28,11.79,11.75,11.79,11.64,1190,1060149.38,1.27,-0.25,-0.03,0.25,SZ000703
1403,2003-01-29,11.7,11.67,11.79,11.67,1797,1605022.88,1.02,-0.68,-0.08,0.38,SZ000703
1404,2003-02-10,11.69,11.47,11.69,11.41,879,770341.0,2.4,-1.71,-0.2,0.19,SZ000703
1405,2003-02-11,11.43,11.65,11.65,11.43,1043,914874.5,1.92,1.57,0.18,0.22,SZ000703
1406,2003-02-12,11.65,11.88,11.92,11.57,2325,2090934.25,3.0,1.97,0.23,0.5,SZ000703
1407,2003-02-13,11.96,11.84,12.09,11.83,2576,2339392.5,2.19,-0.34,-0.04,0.55,SZ000703
1408,2003-02-14,11.83,11.88,11.92,11.78,2660,2398861.75,1.18,0.34,0.04,0.57,SZ000703
1409,2003-02-17,11.9,11.75,12.05,11.7,2355,2133065.5,2.95,-1.09,-0.13,0.5,SZ000703
1410,2003-02-18,11.77,11.77,11.87,11.66,1932,1729984.38,1.79,0.17,0.02,0.41,SZ000703
1411,2003-02-19,11.75,12.01,12.01,11.67,3897,3503616.25,2.89,2.04,0.24,0.83,SZ000703
1412,2003-02-20,12.03,11.9,12.04,11.87,2398,2179076.5,1.42,-0.92,-0.11,0.51,SZ000703
1413,2003-02-21,11.9,11.54,11.91,11.52,2580,2285801.25,3.28,-3.03,-0.36,0.55,SZ000703
1414,2003-02-24,11.44,11.48,11.62,11.44,1039,911538.38,1.56,-0.52,-0.06,0.22,SZ000703
1415,2003-02-25,11.45,11.82,11.83,11.45,2201,1959275.5,3.31,2.96,0.34,0.47,SZ000703
1416,2003-02-26,11.71,11.93,12.0,11.71,2627,2379175.25,2.45,0.93,0.11,0.56,SZ000703
1417,2003-02-27,11.84,11.9,11.99,11.79,1654,1496470.25,1.68,-0.25,-0.03,0.35,SZ000703
1418,2003-02-28,11.88,11.8,11.92,11.67,774,693823.12,2.1,-0.84,-0.1,0.17,SZ000703
1419,2003-03-03,11.7,11.9,11.9,11.7,1078,966407.31,1.69,0.85,0.1,0.23,SZ000703
1420,2003-03-04,11.96,11.84,11.96,11.8,969,875920.75,1.34,-0.5,-0.06,0.21,SZ000703
1421,2003-03-05,11.83,11.75,11.83,11.64,2329,2071470.0,1.6,-0.76,-0.09,0.5,SZ000703
1422,2003-03-06,11.74,11.51,11.74,11.49,2385,2099395.0,2.13,-2.04,-0.24,0.51,SZ000703
1423,2003-03-07,11.52,11.49,11.6,11.47,1256,1101522.38,1.13,-0.17,-0.02,0.27,SZ000703
1424,2003-03-10,11.47,11.19,11.48,11.18,1572,1351967.88,2.61,-2.61,-0.3,0.34,SZ000703
1425,2003-03-11,11.22,11.22,11.3,11.15,1840,1566921.75,1.34,0.27,0.03,0.39,SZ000703
1426,2003-03-12,11.38,11.57,11.58,11.18,6347,5530777.5,3.57,3.12,0.35,1.36,SZ000703
1427,2003-03-13,11.58,11.6,11.62,11.44,1608,1412899.12,1.56,0.26,0.03,0.34,SZ000703
1428,2003-03-14,11.51,11.7,11.83,11.51,5922,5276276.0,2.76,0.86,0.1,1.27,SZ000703
1429,2003-03-17,11.67,11.7,11.73,11.48,2180,1922883.75,2.14,0.0,0.0,0.47,SZ000703
1430,2003-03-18,11.71,11.7,11.86,11.62,4366,3897127.0,2.05,0.0,0.0,0.93,SZ000703
1431,2003-03-19,11.64,11.38,11.67,11.31,2039,1779735.0,3.08,-2.74,-0.32,0.44,SZ000703
1432,2003-03-20,11.51,11.28,11.51,11.18,2590,2223643.75,2.9,-0.88,-0.1,0.55,SZ000703
1433,2003-03-21,11.05,11.69,11.7,11.05,3403,2985343.25,5.76,3.63,0.41,0.73,SZ000703
1434,2003-03-24,11.69,11.71,11.75,11.57,1231,1090550.75,1.54,0.17,0.02,0.26,SZ000703
1435,2003-03-25,11.64,11.61,11.67,11.56,1518,1339459.25,0.94,-0.85,-0.1,0.32,SZ000703
1436,2003-03-26,11.69,11.83,12.03,11.64,10728,9646700.0,3.36,1.89,0.22,2.29,SZ000703
1437,2003-03-27,11.83,12.01,12.06,11.51,7303,6595703.5,4.65,1.52,0.18,1.56,SZ000703
1438,2003-03-28,11.99,11.82,12.19,11.77,5616,5130350.5,3.5,-1.58,-0.19,1.2,SZ000703
1439,2003-03-31,11.84,11.9,11.95,11.71,2009,1812394.5,2.03,0.68,0.08,0.43,SZ000703
1440,2003-04-01,11.87,11.93,11.99,11.77,2668,2408744.5,1.85,0.25,0.03,0.57,SZ000703
1441,2003-04-02,11.92,11.73,11.93,11.69,2774,2491162.75,2.01,-1.68,-0.2,0.59,SZ000703
1442,2003-04-03,11.77,11.66,11.77,11.58,2016,1789517.25,1.62,-0.6,-0.07,0.43,SZ000703
1443,2003-04-04,11.64,11.74,11.75,11.6,1270,1129176.25,1.29,0.69,0.08,0.27,SZ000703
1444,2003-04-07,11.77,11.48,11.8,11.45,2296,2029665.25,2.98,-2.21,-0.26,0.49,SZ000703
1445,2003-04-08,11.44,11.27,11.54,11.25,2098,1813282.62,2.53,-1.83,-0.21,0.45,SZ000703
1446,2003-04-09,11.27,11.32,11.47,11.12,2808,2397106.5,3.11,0.44,0.05,0.6,SZ000703
1447,2003-04-10,11.44,11.3,11.44,11.08,4217,3592196.25,3.18,-0.18,-0.02,0.9,SZ000703
1448,2003-04-11,11.31,11.38,11.39,11.19,3355,2872433.75,1.77,0.71,0.08,0.72,SZ000703
1449,2003-04-14,11.41,11.7,11.77,11.19,4683,4116401.5,5.1,2.81,0.32,1.0,SZ000703
1450,2003-04-15,11.73,11.92,11.93,11.64,5941,5335906.5,2.48,1.88,0.22,1.27,SZ000703
1451,2003-04-16,11.96,11.54,12.03,11.48,4342,3877902.25,4.61,-3.19,-0.38,0.93,SZ000703
1452,2003-04-17,11.44,11.57,11.64,11.31,3416,2978343.25,2.86,0.26,0.03,0.73,SZ000703
1453,2003-04-18,11.57,11.74,11.75,11.57,3037,2699939.5,1.56,1.47,0.17,0.65,SZ000703
1454,2003-04-21,11.71,11.44,11.73,11.38,2395,2090286.12,2.98,-2.56,-0.3,0.51,SZ000703
1455,2003-04-22,11.38,11.39,11.57,11.32,1023,886771.5,2.19,-0.44,-0.05,0.22,SZ000703
1456,2003-04-23,11.43,11.18,11.43,11.15,3232,2758967.5,2.46,-1.84,-0.21,0.69,SZ000703
1457,2003-04-24,11.06,10.93,11.36,10.79,2879,2407479.0,5.1,-2.24,-0.25,0.62,SZ000703
1458,2003-04-25,10.92,10.6,10.92,10.58,3311,2695802.25,3.11,-3.02,-0.33,0.71,SZ000703
1459,2003-04-28,10.56,10.61,10.66,10.23,3605,2866477.5,4.06,0.09,0.01,0.77,SZ000703
1460,2003-04-29,10.67,10.3,10.67,10.3,2487,1965205.62,3.49,-2.92,-0.31,0.53,SZ000703
1461,2003-04-30,10.28,10.1,10.45,10.06,3737,2893877.5,3.79,-1.94,-0.2,0.8,SZ000703
1462,2003-05-13,9.91,9.35,10.13,9.26,5729,4128086.75,8.61,-7.43,-0.75,1.23,SZ000703
1463,2003-05-14,9.35,9.67,9.69,9.28,3213,2332507.5,4.39,3.42,0.32,0.69,SZ000703
1464,2003-05-15,9.69,10.06,10.17,9.46,4550,3402807.75,7.34,4.03,0.39,0.97,SZ000703
1465,2003-05-16,9.89,9.88,10.14,9.88,3004,2267994.0,2.58,-1.79,-0.18,0.64,SZ000703
1466,2003-05-19,9.91,10.14,10.26,9.88,5454,4182928.75,3.85,2.63,0.26,1.17,SZ000703
1467,2003-05-20,10.14,10.18,10.22,10.04,4304,3316430.0,1.78,0.39,0.04,0.92,SZ000703
1468,2003-05-21,10.18,10.21,10.24,10.04,2782,2146311.0,1.96,0.29,0.03,0.6,SZ000703
1469,2003-05-22,10.21,10.32,10.36,10.08,1961,1523264.5,2.74,1.08,0.11,0.42,SZ000703
1470,2003-05-23,10.24,10.3,10.37,10.17,2765,2158110.25,1.94,-0.19,-0.02,0.59,SZ000703
1471,2003-05-26,10.4,10.35,10.4,10.23,2595,2032396.38,1.65,0.49,0.05,0.56,SZ000703
1472,2003-05-27,10.35,10.36,10.43,10.24,2976,2338925.0,1.84,0.1,0.01,0.64,SZ000703
1473,2003-05-28,10.41,10.58,10.6,10.28,5139,4071587.75,3.09,2.12,0.22,1.1,SZ000703
1474,2003-05-29,10.53,11.08,11.09,10.53,10946,9030321.0,5.29,4.73,0.5,2.34,SZ000703
1475,2003-05-30,11.05,11.15,11.17,10.82,6063,5098503.5,3.16,0.63,0.07,1.3,SZ000703
1476,2003-06-02,11.15,11.0,11.15,10.92,2272,1900368.62,2.06,-1.35,-0.15,0.49,SZ000703
1477,2003-06-03,10.99,10.95,10.99,10.84,8656,7171027.5,1.36,-0.45,-0.05,1.85,SZ000703
1478,2003-06-04,10.91,11.47,11.52,10.75,10243,8786289.0,7.03,4.75,0.52,2.19,SZ000703
1479,2003-06-05,11.47,11.25,11.54,11.18,1882,1618302.25,3.14,-1.92,-0.22,0.4,SZ000703
1480,2003-06-06,11.18,11.12,11.25,11.02,2757,2330515.75,2.04,-1.16,-0.13,0.59,SZ000703
1481,2003-06-09,10.99,11.01,11.1,10.89,1171,980142.94,1.89,-0.99,-0.11,0.25,SZ000703
1482,2003-06-10,11.02,11.1,11.25,11.02,1099,928434.75,2.09,0.82,0.09,0.24,SZ000703
1483,2003-06-11,11.13,11.3,11.3,11.13,1435,1225370.0,1.53,1.8,0.2,0.31,SZ000703
1484,2003-06-12,11.05,11.18,11.28,11.05,1327,1129634.25,2.04,-1.06,-0.12,0.28,SZ000703
1485,2003-06-13,11.02,11.05,11.21,11.01,792,666560.44,1.79,-1.16,-0.13,0.17,SZ000703
1486,2003-06-16,11.05,11.01,11.12,10.95,701,585411.38,1.54,-0.36,-0.04,0.15,SZ000703
1487,2003-06-17,10.95,11.05,11.1,10.95,430,360425.31,1.36,0.36,0.04,0.09,SZ000703
1488,2003-06-18,11.02,11.0,11.09,10.99,801,671632.5,0.9,-0.45,-0.05,0.17,SZ000703
1489,2003-06-19,10.93,10.96,11.05,10.86,1104,917205.19,1.73,-0.36,-0.04,0.24,SZ000703
1490,2003-06-20,10.92,10.91,10.96,10.86,647,536236.75,0.91,-0.46,-0.05,0.14,SZ000703
1491,2003-06-23,10.79,10.91,10.95,10.76,890,736797.06,1.74,0.0,0.0,0.19,SZ000703
1492,2003-06-24,10.8,10.93,10.99,10.8,645,535351.0,1.74,0.18,0.02,0.14,SZ000703
1493,2003-06-25,10.91,10.89,11.0,10.84,791,654273.0,1.46,-0.37,-0.04,0.17,SZ000703
1494,2003-06-26,10.83,11.08,11.09,10.56,1435,1189617.75,4.87,1.74,0.19,0.31,SZ000703
1495,2003-06-27,11.05,11.02,11.15,10.63,964,803894.44,4.69,-0.54,-0.06,0.21,SZ000703
1496,2003-06-30,10.92,10.97,10.99,10.76,2268,1867397.75,2.09,-0.45,-0.05,0.49,SZ000703
1497,2003-07-01,10.96,11.01,11.05,10.89,918,765458.94,1.46,0.36,0.04,0.2,SZ000703
1498,2003-07-02,10.93,10.95,10.99,10.73,600,494406.03,2.36,-0.54,-0.06,0.13,SZ000703
1499,2003-07-03,10.8,10.83,10.95,10.71,1094,899009.88,2.19,-1.1,-0.12,0.23,SZ000703
1500,2003-07-04,10.73,10.7,10.76,10.66,1089,885578.25,0.92,-1.2,-0.13,0.23,SZ000703
1501,2003-07-07,10.7,10.27,10.7,10.26,1377,1082487.5,4.11,-4.02,-0.43,0.29,SZ000703
1502,2003-07-08,10.27,10.34,10.4,10.27,1261,990877.62,1.27,0.68,0.07,0.27,SZ000703
1503,2003-07-09,10.21,10.32,10.4,9.88,2040,1573057.88,5.03,-0.19,-0.02,0.44,SZ000703
1504,2003-07-10,10.02,10.44,10.45,10.02,1335,1047170.81,4.17,1.16,0.12,0.29,SZ000703
1505,2003-07-11,10.47,10.43,10.53,10.37,766,608748.81,1.53,-0.1,-0.01,0.16,SZ000703
1506,2003-07-14,10.43,10.36,10.43,10.28,283,221934.98,1.44,-0.67,-0.07,0.06,SZ000703
1507,2003-07-15,10.4,10.34,10.43,10.28,260,204532.09,1.45,-0.19,-0.02,0.06,SZ000703
1508,2003-07-16,10.4,10.6,10.7,10.28,802,637727.81,4.06,2.51,0.26,0.17,SZ000703
1509,2003-07-17,10.44,10.45,10.61,10.44,534,425464.94,1.6,-1.42,-0.15,0.11,SZ000703
1510,2003-07-18,10.6,10.52,10.6,10.3,1384,1098737.5,2.87,0.67,0.07,0.3,SZ000703
1511,2003-07-21,10.41,10.41,10.41,10.15,1279,998530.38,2.47,-1.05,-0.11,0.27,SZ000703
1512,2003-07-22,10.52,10.8,10.86,10.28,1276,1024634.81,5.57,3.75,0.39,0.27,SZ000703
1513,2003-07-23,10.79,10.96,11.01,10.63,9483,7812943.5,3.52,1.48,0.16,2.03,SZ000703
1514,2003-07-24,11.04,11.1,11.31,11.04,18296,15509360.0,2.46,1.28,0.14,3.91,SZ000703
1515,2003-07-25,11.13,10.88,11.19,10.79,4770,4003392.0,3.6,-1.98,-0.22,1.02,SZ000703
1516,2003-07-28,10.87,10.91,10.92,10.61,3439,2821858.5,2.85,0.28,0.03,0.74,SZ000703
1517,2003-07-29,10.93,11.02,11.02,10.83,1811,1504634.12,1.74,1.01,0.11,0.39,SZ000703
1518,2003-07-30,10.93,10.88,10.97,10.8,1323,1093438.62,1.54,-1.27,-0.14,0.28,SZ000703
1519,2003-07-31,10.86,11.0,11.01,10.79,1875,1552561.25,2.02,1.1,0.12,0.4,SZ000703
1520,2003-08-01,11.02,11.27,11.3,11.02,13062,11103345.0,2.55,2.45,0.27,2.79,SZ000703
1521,2003-08-04,11.27,11.31,11.38,11.25,6545,5621689.0,1.15,0.35,0.04,1.4,SZ000703
1522,2003-08-05,11.35,11.17,11.35,11.09,2872,2439226.75,2.3,-1.24,-0.14,0.61,SZ000703
1523,2003-08-06,10.87,11.05,11.18,10.87,1535,1291549.12,2.78,-1.07,-0.12,0.33,SZ000703
1524,2003-08-07,10.99,11.02,11.06,10.78,3718,3089092.25,2.53,-0.27,-0.03,0.8,SZ000703
1525,2003-08-08,11.06,10.87,11.06,10.87,1041,866606.5,1.72,-1.36,-0.15,0.22,SZ000703
1526,2003-08-11,10.53,10.69,10.76,10.53,2537,2049713.25,2.12,-1.66,-0.18,0.54,SZ000703
1527,2003-08-12,10.63,10.7,10.74,10.57,947,766121.44,1.59,0.09,0.01,0.2,SZ000703
1528,2003-08-13,10.8,10.6,10.8,10.6,758,613186.5,1.87,-0.93,-0.1,0.16,SZ000703
1529,2003-08-14,10.76,10.7,10.86,10.54,1589,1295479.0,3.02,0.94,0.1,0.34,SZ000703
1530,2003-08-15,10.63,10.75,10.79,10.58,1063,862821.75,1.96,0.47,0.05,0.23,SZ000703
1531,2003-08-18,10.66,10.43,10.75,10.31,2047,1637734.75,4.09,-2.98,-0.32,0.44,SZ000703
1532,2003-08-19,10.43,10.63,10.65,10.15,3046,2413221.25,4.79,1.92,0.2,0.65,SZ000703
1533,2003-08-20,10.62,10.47,10.63,10.34,931,740678.5,2.73,-1.51,-0.16,0.2,SZ000703
1534,2003-08-21,10.58,10.37,10.58,10.34,693,546896.25,2.29,-0.96,-0.1,0.15,SZ000703
1535,2003-08-22,10.22,10.5,10.53,10.22,835,660943.88,2.99,1.25,0.13,0.18,SZ000703
1536,2003-08-25,10.48,10.49,10.65,10.34,4203,3356471.5,2.95,-0.1,-0.01,0.9,SZ000703
1537,2003-08-26,10.65,10.52,10.65,10.35,973,776388.0,2.86,0.29,0.03,0.21,SZ000703
1538,2003-08-27,10.58,10.63,10.7,10.58,2071,1673886.38,1.14,1.05,0.11,0.44,SZ000703
1539,2003-08-28,10.66,10.71,10.76,10.4,4266,3450767.25,3.39,0.75,0.08,0.91,SZ000703
1540,2003-08-29,10.73,10.92,11.02,10.71,29954,24818084.0,2.89,1.96,0.21,6.41,SZ000703
1541,2003-09-01,10.89,11.09,11.18,10.61,18953,15635756.0,5.22,1.56,0.17,4.05,SZ000703
1542,2003-09-02,10.79,11.08,11.09,10.76,35045,28998092.0,2.98,-0.09,-0.01,7.5,SZ000703
1543,2003-09-03,10.91,10.73,10.91,10.63,14831,12133235.0,2.53,-3.16,-0.35,3.17,SZ000703
1544,2003-09-04,10.71,10.62,10.87,10.57,6518,5314789.0,2.8,-1.03,-0.11,1.39,SZ000703
1545,2003-09-05,10.66,10.4,10.66,10.37,6870,5448883.5,2.73,-2.07,-0.22,1.47,SZ000703
1546,2003-09-08,10.4,10.49,10.54,10.28,2865,2273029.0,2.5,0.87,0.09,0.61,SZ000703
1547,2003-09-09,10.48,10.31,10.49,10.28,2688,2113959.75,2.0,-1.72,-0.18,0.57,SZ000703
1548,2003-09-10,10.34,10.47,10.56,10.34,2252,1789181.0,2.13,1.55,0.16,0.48,SZ000703
1549,2003-09-11,10.48,10.41,10.5,10.37,1130,894615.31,1.24,-0.57,-0.06,0.24,SZ000703
1550,2003-09-12,10.37,10.13,10.48,10.08,2184,1704980.75,3.84,-2.69,-0.28,0.47,SZ000703
1551,2003-09-15,10.09,9.88,10.09,9.62,6071,4562337.0,4.64,-2.47,-0.25,1.3,SZ000703
1552,2003-09-16,9.88,9.91,10.01,9.76,2070,1550519.62,2.53,0.3,0.03,0.44,SZ000703
1553,2003-09-17,9.91,9.72,9.91,9.59,2185,1607672.12,3.23,-1.92,-0.19,0.47,SZ000703
1554,2003-09-18,9.69,9.65,9.74,9.62,539,396440.75,1.23,-0.72,-0.07,0.12,SZ000703
1555,2003-09-19,9.65,9.75,9.75,9.56,1162,850507.38,1.97,1.04,0.1,0.25,SZ000703
1556,2003-09-22,9.63,9.78,9.82,9.63,744,549507.31,1.95,0.31,0.03,0.16,SZ000703
1557,2003-09-23,9.78,9.82,9.82,9.66,700,517095.88,1.64,0.41,0.04,0.15,SZ000703
1558,2003-09-24,9.78,9.75,9.82,9.63,1408,1038363.0,1.93,-0.71,-0.07,0.3,SZ000703
1559,2003-09-25,9.79,9.74,9.87,9.59,1596,1179124.5,2.87,-0.1,-0.01,0.34,SZ000703
1560,2003-09-26,9.7,9.7,9.74,9.49,1668,1215429.5,2.57,-0.41,-0.04,0.36,SZ000703
1561,2003-09-29,9.49,9.49,9.62,9.46,940,677954.0,1.65,-2.16,-0.21,0.2,SZ000703
1562,2003-09-30,9.5,9.4,9.5,9.33,1061,757101.0,1.79,-0.95,-0.09,0.23,SZ000703
1563,2003-10-08,9.35,9.43,9.56,9.3,1070,765314.88,2.77,0.32,0.03,0.23,SZ000703
1564,2003-10-09,9.46,9.43,9.53,9.37,648,464404.5,1.7,0.0,0.0,0.14,SZ000703
1565,2003-10-10,9.33,9.59,9.69,9.3,1819,1302364.25,4.14,1.7,0.16,0.39,SZ000703
1566,2003-10-13,9.46,9.62,9.62,9.46,1247,904299.25,1.67,0.31,0.03,0.27,SZ000703
1567,2003-10-14,9.49,9.46,9.59,9.41,692,497562.41,1.87,-1.66,-0.16,0.15,SZ000703
1568,2003-10-15,9.37,9.35,9.56,9.35,864,619035.0,2.22,-1.16,-0.11,0.18,SZ000703
1569,2003-10-16,9.35,9.32,9.36,9.2,1083,762182.19,1.71,-0.32,-0.03,0.23,SZ000703
1570,2003-10-17,9.28,9.2,9.31,9.15,772,539945.19,1.72,-1.29,-0.12,0.17,SZ000703
1571,2003-10-20,8.97,9.0,9.22,8.93,1192,811965.38,3.15,-2.17,-0.2,0.25,SZ000703
1572,2003-10-21,8.97,9.01,9.04,8.71,882,593114.0,3.67,0.11,0.01,0.19,SZ000703
1573,2003-10-22,8.98,9.04,9.17,8.89,2415,1654411.75,3.11,0.33,0.03,0.52,SZ000703
1574,2003-10-23,9.1,9.28,9.39,9.04,3147,2197042.25,3.87,2.65,0.24,0.67,SZ000703
1575,2003-10-24,9.27,9.24,9.43,9.11,2575,1807271.75,3.45,-0.43,-0.04,0.55,SZ000703
1576,2003-10-27,9.18,9.18,9.33,8.74,1339,916339.19,6.39,-0.65,-0.06,0.29,SZ000703
1577,2003-10-28,9.1,8.97,9.17,8.93,1160,793028.81,2.61,-2.29,-0.21,0.25,SZ000703
1578,2003-10-29,8.98,8.76,9.0,8.5,2756,1821968.38,5.57,-2.34,-0.21,0.59,SZ000703
1579,2003-10-30,8.58,8.39,8.58,8.26,1277,812241.5,3.65,-4.22,-0.37,0.27,SZ000703
1580,2003-10-31,8.26,8.16,8.65,8.01,1500,943125.5,7.63,-2.74,-0.23,0.32,SZ000703
1581,2003-11-03,8.14,8.18,8.24,7.96,1257,775160.12,3.43,0.25,0.02,0.27,SZ000703
1582,2003-11-04,8.22,8.28,8.39,8.07,3182,1976907.5,3.91,1.22,0.1,0.68,SZ000703
1583,2003-11-05,8.22,8.13,8.29,7.8,4249,2590788.5,5.92,-1.81,-0.15,0.91,SZ000703
1584,2003-11-06,8.06,7.66,8.06,7.59,3452,2006273.88,5.78,-5.78,-0.47,0.74,SZ000703
1585,2003-11-07,7.61,7.74,8.05,7.54,7476,4388356.5,6.66,1.04,0.08,1.6,SZ000703
1586,2003-11-10,7.63,7.53,7.64,7.41,3678,2086340.75,2.97,-2.71,-0.21,0.79,SZ000703
1587,2003-11-11,7.48,7.49,7.58,7.31,1674,942789.62,3.59,-0.53,-0.04,0.36,SZ000703
1588,2003-11-12,7.45,7.41,7.58,7.35,1224,683971.88,3.07,-1.07,-0.08,0.26,SZ000703
1589,2003-11-13,7.35,7.45,7.51,7.29,1224,686090.5,2.97,0.54,0.04,0.26,SZ000703
1590,2003-11-14,7.54,7.59,7.62,7.45,1328,757714.88,2.28,1.88,0.14,0.28,SZ000703
1591,2003-11-17,7.58,7.55,7.63,7.45,680,388595.72,2.37,-0.53,-0.04,0.15,SZ000703
1592,2003-11-18,7.58,7.54,7.58,7.38,1473,829286.0,2.65,-0.13,-0.01,0.32,SZ000703
1593,2003-11-19,7.51,7.66,7.77,7.48,2532,1467987.75,3.85,1.59,0.12,0.54,SZ000703
1594,2003-11-20,7.7,8.0,8.06,7.7,5423,3251623.75,4.7,4.44,0.34,1.16,SZ000703
1595,2003-11-21,8.06,7.75,8.16,7.71,4162,2477293.5,5.63,-3.13,-0.25,0.89,SZ000703
1596,2003-11-24,7.87,8.05,8.05,7.72,3921,2347302.25,4.26,3.87,0.3,0.84,SZ000703
1597,2003-11-25,8.06,8.2,8.53,8.01,12663,7884070.0,6.46,1.86,0.15,2.71,SZ000703
1598,2003-11-26,8.19,8.39,8.45,8.06,5579,3502819.25,4.76,2.32,0.19,1.19,SZ000703
1599,2003-11-27,8.41,8.19,8.41,8.19,5930,3693171.25,2.62,-2.38,-0.2,1.27,SZ000703
1600,2003-11-28,8.18,8.4,8.41,8.18,5630,3546658.0,2.81,2.56,0.21,1.2,SZ000703
1601,2003-12-01,8.53,8.55,8.61,8.39,4333,2787998.0,2.62,1.79,0.15,0.93,SZ000703
1602,2003-12-02,8.55,8.46,8.55,8.36,4598,2936926.75,2.22,-1.05,-0.09,0.98,SZ000703
1603,2003-12-03,9.3,8.72,9.3,8.65,41316,28349612.0,7.68,3.07,0.26,8.84,SZ000703
1604,2003-12-04,8.68,9.07,9.17,8.62,16938,11530792.0,6.31,4.01,0.35,3.62,SZ000703
1605,2003-12-05,8.91,8.94,9.0,8.8,5880,3960378.5,2.21,-1.43,-0.13,1.26,SZ000703
1606,2003-12-08,8.76,8.75,8.93,8.62,3681,2434562.75,3.47,-2.13,-0.19,0.79,SZ000703
1607,2003-12-09,8.74,8.7,8.74,8.58,3194,2085641.0,1.83,-0.57,-0.05,0.68,SZ000703
1608,2003-12-10,8.67,8.71,8.75,8.61,2401,1579210.25,1.61,0.11,0.01,0.51,SZ000703
1609,2003-12-11,8.71,8.66,8.91,8.59,3084,2019920.62,3.67,-0.57,-0.05,0.66,SZ000703
1610,2003-12-12,8.61,8.61,8.7,8.48,3098,2007181.38,2.54,-0.58,-0.05,0.66,SZ000703
1611,2003-12-15,8.61,8.46,8.61,8.45,2840,1826120.62,1.86,-1.74,-0.15,0.61,SZ000703
1612,2003-12-16,8.32,8.33,8.45,8.22,3127,1963395.38,2.72,-1.54,-0.13,0.67,SZ000703
1613,2003-12-17,8.23,8.23,8.4,8.2,3065,1924181.25,2.4,-1.2,-0.1,0.66,SZ000703
1614,2003-12-18,8.22,7.93,8.32,7.87,3597,2182355.75,5.47,-3.65,-0.3,0.77,SZ000703
1615,2003-12-19,7.9,7.42,7.93,7.42,3901,2230329.25,6.43,-6.43,-0.51,0.83,SZ000703
1616,2003-12-22,7.29,7.72,7.92,7.29,3484,1974274.5,8.49,4.04,0.3,0.75,SZ000703
1617,2003-12-23,7.77,7.72,7.8,7.61,2993,1745035.5,2.46,0.0,0.0,0.64,SZ000703
1618,2003-12-24,7.7,7.66,7.74,7.61,2728,1577308.0,1.68,-0.78,-0.06,0.58,SZ000703
1619,2003-12-25,7.66,7.66,7.67,7.55,2564,1476558.0,1.57,0.0,0.0,0.55,SZ000703
1620,2003-12-26,7.66,7.8,7.87,7.66,2123,1247631.38,2.74,1.83,0.14,0.45,SZ000703
1621,2003-12-29,7.77,7.71,7.9,7.7,1134,664095.0,2.56,-1.15,-0.09,0.24,SZ000703
1622,2003-12-30,7.71,7.59,7.74,7.44,2055,1174194.25,3.89,-1.56,-0.12,0.44,SZ000703
1623,2003-12-31,7.58,7.5,7.7,7.44,1784,1008495.06,3.43,-1.19,-0.09,0.38,SZ000703
1624,2004-01-02,7.51,7.53,7.55,7.41,2128,1204307.62,1.87,0.4,0.03,0.46,SZ000703
1625,2004-01-05,7.61,7.53,7.61,7.31,3881,2167745.0,3.98,0.0,0.0,0.83,SZ000703
1626,2004-01-06,7.51,7.14,7.51,7.02,7550,4112677.0,6.51,-5.18,-0.39,1.62,SZ000703
1627,2004-01-07,7.12,7.18,7.2,7.03,5432,2922064.25,2.38,0.56,0.04,1.16,SZ000703
1628,2004-01-08,7.18,7.36,7.38,7.14,5036,2769779.0,3.34,2.51,0.18,1.08,SZ000703
1629,2004-01-09,7.36,7.38,7.53,7.31,5239,2925546.5,2.99,0.27,0.02,1.12,SZ000703
1630,2004-01-12,7.37,7.37,7.5,7.28,3151,1764826.62,2.98,-0.14,-0.01,0.67,SZ000703
1631,2004-01-13,7.37,7.57,7.64,7.29,4582,2595523.5,4.75,2.71,0.2,0.98,SZ000703
1632,2004-01-14,7.54,7.64,7.75,7.54,4363,2520828.0,2.77,0.92,0.07,0.93,SZ000703
1633,2004-01-15,7.77,7.54,7.8,7.53,4812,2773705.75,3.53,-1.31,-0.1,1.03,SZ000703
1634,2004-01-16,7.57,7.67,7.71,7.54,4072,2355534.0,2.25,1.72,0.13,0.87,SZ000703
1635,2004-01-29,7.74,8.03,8.07,7.68,6155,3682487.25,5.08,4.69,0.36,1.32,SZ000703
1636,2004-01-30,8.09,8.1,8.26,8.03,6822,4198172.0,2.86,0.87,0.07,1.46,SZ000703
1637,2004-02-02,8.18,8.23,8.29,8.06,5987,3710798.25,2.84,1.6,0.13,1.28,SZ000703
1638,2004-02-03,8.22,8.39,8.45,8.14,5444,3442386.75,3.77,1.94,0.16,1.16,SZ000703
1639,2004-02-04,8.53,8.53,8.54,8.35,6425,4111268.25,2.26,1.67,0.14,1.37,SZ000703
1640,2004-02-05,8.54,8.85,8.94,8.53,8877,5860101.0,4.81,3.75,0.32,1.9,SZ000703
1641,2004-02-06,8.85,8.55,8.85,8.55,7501,4921004.5,3.39,-3.39,-0.3,1.6,SZ000703
1642,2004-02-09,8.55,8.75,8.75,8.45,7133,4653342.5,3.51,2.34,0.2,1.53,SZ000703
1643,2004-02-10,8.74,8.84,8.91,8.68,9980,6649074.0,2.63,1.03,0.09,2.13,SZ000703
1644,2004-02-11,8.94,9.09,9.18,8.91,14421,9866176.0,3.05,2.83,0.25,3.08,SZ000703
1645,2004-02-12,9.02,9.15,9.2,9.0,11389,7868240.0,2.2,0.66,0.06,2.44,SZ000703
1646,2004-02-13,9.15,8.78,9.2,8.74,8242,5597112.0,5.03,-4.04,-0.37,1.76,SZ000703
1647,2004-02-16,8.78,9.05,9.05,8.7,7663,5197074.0,3.99,3.08,0.27,1.64,SZ000703
1648,2004-02-17,9.09,9.44,9.48,9.09,16901,11974202.0,4.31,4.31,0.39,3.62,SZ000703
1649,2004-02-18,9.45,9.44,9.54,9.31,9029,6447644.5,2.44,0.0,0.0,1.93,SZ000703
1650,2004-02-19,9.48,9.54,9.56,9.35,9412,6736184.0,2.22,1.06,0.1,2.01,SZ000703
1651,2004-02-20,9.56,9.49,9.56,9.41,6406,4598395.0,1.57,-0.52,-0.05,1.37,SZ000703
1652,2004-02-23,9.49,9.35,9.72,9.27,8733,6324374.0,4.74,-1.48,-0.14,1.87,SZ000703
1653,2004-02-24,9.23,8.98,9.24,8.87,8853,6025700.5,3.96,-3.96,-0.37,1.89,SZ000703
1654,2004-02-25,9.02,8.62,9.13,8.61,9449,6356135.5,5.79,-4.01,-0.36,2.02,SZ000703
1655,2004-02-26,8.81,8.59,8.81,8.45,6271,4056974.5,4.18,-0.35,-0.03,1.34,SZ000703
1656,2004-02-27,8.58,8.7,8.72,8.58,4577,2998888.25,1.63,1.28,0.11,0.98,SZ000703
1657,2004-03-01,8.71,8.92,8.92,8.66,4560,3052514.5,2.99,2.53,0.22,0.98,SZ000703
1658,2004-03-02,8.97,8.97,9.02,8.79,5957,4015023.0,2.58,0.56,0.05,1.27,SZ000703
1659,2004-03-03,8.94,8.92,9.0,8.81,5344,3610355.0,2.12,-0.56,-0.05,1.14,SZ000703
1660,2004-03-04,8.92,9.31,9.33,8.91,12412,8618063.0,4.71,4.37,0.39,2.65,SZ000703
1661,2004-03-05,9.37,9.14,9.48,9.1,21489,15241044.0,4.08,-1.83,-0.17,4.6,SZ000703
1662,2004-03-08,9.11,8.7,9.11,8.7,5944,3977990.25,4.49,-4.81,-0.44,1.27,SZ000703
1663,2004-03-09,8.62,8.52,8.8,8.49,3936,2576550.5,3.56,-2.07,-0.18,0.84,SZ000703
1664,2004-03-10,8.5,8.71,8.71,8.45,2631,1709022.25,3.05,2.23,0.19,0.56,SZ000703
1665,2004-03-11,8.75,8.8,8.89,8.67,3285,2188069.0,2.53,1.03,0.09,0.7,SZ000703
1666,2004-03-12,8.8,8.72,8.81,8.65,2644,1748131.0,1.82,-0.91,-0.08,0.57,SZ000703
1667,2004-03-15,8.75,8.87,8.93,8.67,4240,2829783.75,2.98,1.72,0.15,0.91,SZ000703
1668,2004-03-16,8.91,8.87,8.91,8.76,3776,2527196.25,1.69,0.0,0.0,0.81,SZ000703
1669,2004-03-17,8.8,8.94,8.96,8.76,4871,3265634.75,2.25,0.79,0.07,1.04,SZ000703
1670,2004-03-18,8.94,9.06,9.09,8.79,7378,5006184.5,3.36,1.34,0.12,1.58,SZ000703
1671,2004-03-19,9.05,9.28,9.33,8.91,13675,9537596.0,4.64,2.43,0.22,2.93,SZ000703
1672,2004-03-22,9.28,9.28,9.31,9.1,5841,4066853.25,2.26,0.0,0.0,1.25,SZ000703
1673,2004-03-23,9.01,9.04,9.1,8.71,19889,13379831.0,4.2,-2.59,-0.24,4.25,SZ000703
1674,2004-03-24,8.94,8.81,8.97,8.74,9791,6582585.5,2.54,-2.54,-0.23,2.09,SZ000703
1675,2004-03-25,8.78,8.85,8.87,8.75,6144,4101851.25,1.36,0.45,0.04,1.31,SZ000703
1676,2004-03-26,8.78,8.75,8.87,8.71,4356,2891654.25,1.81,-1.13,-0.1,0.93,SZ000703
1677,2004-03-29,8.74,8.59,8.74,8.58,6030,3940677.5,1.83,-1.83,-0.16,1.29,SZ000703
1678,2004-03-30,8.57,8.66,8.7,8.57,3536,2311180.0,1.51,0.81,0.07,0.76,SZ000703
1679,2004-03-31,8.66,8.83,8.92,8.65,6469,4315979.0,3.12,1.96,0.17,1.38,SZ000703
1680,2004-04-01,8.83,8.87,8.88,8.79,5630,3769751.75,1.02,0.45,0.04,1.2,SZ000703
1681,2004-04-02,8.88,9.01,9.04,8.78,8991,6096925.0,2.93,1.58,0.14,1.92,SZ000703
1682,2004-04-05,9.01,9.07,9.09,8.84,9876,6742009.0,2.77,0.67,0.06,2.11,SZ000703
1683,2004-04-06,9.09,9.17,9.18,9.0,12216,8436981.0,1.98,1.1,0.1,2.61,SZ000703
1684,2004-04-07,9.24,9.02,9.3,8.92,13099,9073320.0,4.14,-1.64,-0.15,2.8,SZ000703
1685,2004-04-08,9.31,9.37,9.87,9.3,40514,29210644.0,6.32,3.88,0.35,8.67,SZ000703
1686,2004-04-09,9.22,8.91,9.3,8.87,15383,10586913.0,4.59,-4.91,-0.46,3.29,SZ000703
1687,2004-04-12,8.85,8.96,9.02,8.76,5214,3517045.75,2.92,0.56,0.05,1.12,SZ000703
1688,2004-04-13,8.97,8.79,9.01,8.76,4899,3300320.25,2.79,-1.9,-0.17,1.05,SZ000703
1689,2004-04-14,8.78,8.66,8.88,8.54,4877,3216070.0,3.87,-1.48,-0.13,1.04,SZ000703
1690,2004-04-15,8.61,8.48,8.87,8.46,3730,2435516.0,4.73,-2.08,-0.18,0.8,SZ000703
1691,2004-04-16,8.61,8.26,8.61,8.01,6646,4142709.25,7.08,-2.59,-0.22,1.42,SZ000703
1692,2004-04-19,8.26,8.0,8.26,7.98,4878,2986640.25,3.39,-3.15,-0.26,1.04,SZ000703
1693,2004-04-20,7.97,7.93,8.06,7.54,3948,2369255.0,6.5,-0.88,-0.07,0.84,SZ000703
1694,2004-04-21,8.03,7.96,8.03,7.76,2480,1482757.25,3.4,0.38,0.03,0.53,SZ000703
1695,2004-04-22,7.97,7.94,7.98,7.67,2484,1479006.25,3.89,-0.25,-0.02,0.53,SZ000703
1696,2004-04-23,7.89,7.77,7.92,7.77,2315,1368901.88,1.89,-2.14,-0.17,0.5,SZ000703
1697,2004-04-26,7.74,7.74,7.87,7.64,2078,1218955.0,2.96,-0.39,-0.03,0.44,SZ000703
1698,2004-04-27,7.7,7.45,7.71,7.44,4313,2450507.0,3.49,-3.75,-0.29,0.92,SZ000703
1699,2004-04-28,7.71,8.18,8.18,7.71,13181,8082327.0,6.31,9.8,0.73,2.82,SZ000703
1700,2004-04-29,8.26,8.66,8.97,8.26,41115,26800232.0,8.68,5.87,0.48,8.79,SZ000703
1701,2004-04-30,8.57,8.53,8.57,8.23,14860,9457764.0,3.93,-1.5,-0.13,3.18,SZ000703
1702,2004-05-10,8.5,8.16,8.5,7.93,7115,4467059.0,6.68,-4.34,-0.37,1.52,SZ000703
1703,2004-05-11,8.11,8.27,8.36,7.96,5456,3363942.25,4.9,1.35,0.11,1.17,SZ000703
1704,2004-05-12,8.22,8.58,8.63,8.07,8569,5445965.5,6.77,3.75,0.31,1.83,SZ000703
1705,2004-05-13,8.53,8.54,8.57,8.29,7006,4490831.5,3.26,-0.47,-0.04,1.5,SZ000703
1706,2004-05-14,8.54,8.85,9.35,8.4,32882,22261698.0,11.12,3.63,0.31,7.03,SZ000703
1707,2004-05-17,8.75,9.09,9.2,8.58,29056,19778828.0,7.01,2.71,0.24,6.22,SZ000703
1708,2004-05-18,9.06,9.13,9.22,8.89,19544,13476974.0,3.63,0.44,0.04,4.18,SZ000703
1709,2004-05-19,9.1,9.23,9.36,8.96,49279,34188904.0,4.38,1.1,0.1,10.54,SZ000703
1710,2004-05-20,9.2,8.83,9.2,8.79,23340,15850794.0,4.44,-4.33,-0.4,4.99,SZ000703
1711,2004-05-21,8.85,9.41,9.61,8.84,46266,32548668.0,8.72,6.57,0.58,9.9,SZ000703
1712,2004-05-24,9.43,9.44,9.71,9.26,36361,26206402.0,4.78,0.32,0.03,7.78,SZ000703
1713,2004-05-25,9.44,9.22,9.49,9.1,22007,15453771.0,4.13,-2.33,-0.22,4.71,SZ000703
1714,2004-05-26,9.17,9.33,9.41,8.93,21562,15050920.0,5.21,1.19,0.11,4.61,SZ000703
1715,2004-05-27,9.32,9.62,9.8,9.19,38710,28173890.0,6.54,3.11,0.29,8.28,SZ000703
1716,2004-05-28,9.57,9.61,9.7,9.4,21098,15240166.0,3.12,-0.1,-0.01,4.51,SZ000703
1717,2004-05-31,9.56,9.54,9.61,9.39,13699,9860932.0,2.29,-0.73,-0.07,2.93,SZ000703
1718,2004-06-01,9.53,9.63,9.7,9.43,24510,17805474.0,2.83,0.94,0.09,5.24,SZ000703
1719,2004-06-02,9.62,9.89,9.98,9.5,36684,27363814.0,4.98,2.7,0.26,7.85,SZ000703
1720,2004-06-03,9.87,9.46,9.87,9.43,22623,16486800.0,4.45,-4.35,-0.43,4.84,SZ000703
1721,2004-06-04,9.43,9.52,9.74,9.23,23858,17155984.0,5.39,0.63,0.06,5.1,SZ000703
1722,2004-06-07,9.49,9.11,9.49,9.05,14822,10320573.0,4.62,-4.31,-0.41,3.17,SZ000703
1723,2004-06-08,9.04,9.05,9.2,8.98,8417,5800000.5,2.41,-0.66,-0.06,1.8,SZ000703
1724,2004-06-09,9.0,8.44,9.04,8.28,23879,15702140.0,8.4,-6.74,-0.61,5.11,SZ000703
1725,2004-06-10,8.39,8.44,8.71,8.15,11172,7160331.0,6.64,0.0,0.0,2.39,SZ000703
1726,2004-06-11,8.44,8.44,8.75,8.42,11760,7653481.0,3.91,0.0,0.0,2.52,SZ000703
1727,2004-06-14,8.45,8.06,8.5,7.85,11890,7288817.0,7.7,-4.5,-0.38,2.54,SZ000703
1728,2004-06-15,7.93,8.28,8.31,7.93,8698,5359371.5,4.71,2.73,0.22,1.86,SZ000703
1729,2004-06-16,8.19,8.4,8.55,8.14,11778,7512881.0,4.95,1.45,0.12,2.52,SZ000703
1730,2004-06-17,8.4,8.35,8.5,8.29,9135,5797862.0,2.5,-0.6,-0.05,1.95,SZ000703
1731,2004-06-18,8.35,8.35,8.55,8.05,7045,4389319.0,5.99,0.0,0.0,1.51,SZ000703
1732,2004-06-21,8.35,8.7,8.71,8.31,11474,7422065.0,4.79,4.19,0.35,2.45,SZ000703
1733,2004-06-22,8.89,8.84,9.05,8.74,21418,14380321.0,3.56,1.61,0.14,4.58,SZ000703
1734,2004-06-23,8.83,8.74,8.84,8.52,10285,6726144.0,3.62,-1.13,-0.1,2.2,SZ000703
1735,2004-06-24,8.71,8.91,8.93,8.63,12262,8198374.0,3.43,1.95,0.17,2.62,SZ000703
1736,2004-06-25,8.89,8.31,8.89,8.29,9053,5859966.0,6.73,-6.73,-0.6,1.94,SZ000703
1737,2004-06-29,7.9,7.98,8.19,7.62,12713,7605273.5,6.86,-3.97,-0.33,2.72,SZ000703
1738,2004-06-30,7.96,7.63,8.03,7.62,6347,3747289.75,5.14,-4.39,-0.35,1.36,SZ000703
1739,2004-07-01,7.63,7.98,8.02,7.54,8423,5039194.0,6.29,4.59,0.35,1.8,SZ000703
1740,2004-07-02,7.98,8.0,8.07,7.87,5870,3540835.0,2.51,0.25,0.02,1.26,SZ000703
1741,2004-07-05,7.93,8.06,8.09,7.71,4276,2552168.0,4.75,0.75,0.06,0.91,SZ000703
1742,2004-07-06,7.97,8.15,8.24,7.97,6393,3954883.75,3.35,1.12,0.09,1.37,SZ000703
1743,2004-07-07,8.03,8.01,8.14,7.94,3688,2236295.5,2.45,-1.72,-0.14,0.79,SZ000703
1744,2004-07-08,8.24,8.44,8.65,8.19,21105,13463222.0,5.74,5.37,0.43,4.51,SZ000703
1745,2004-07-09,8.37,8.33,8.46,8.31,6945,4401800.0,1.78,-1.3,-0.11,1.49,SZ000703
1746,2004-07-12,8.32,8.05,8.32,7.93,7528,4593372.5,4.68,-3.36,-0.28,1.61,SZ000703
1747,2004-07-13,7.93,8.05,8.1,7.74,4412,2660103.5,4.47,0.0,0.0,0.94,SZ000703
1748,2004-07-14,8.09,8.18,8.19,7.83,5584,3382831.0,4.47,1.61,0.13,1.19,SZ000703
1749,2004-07-15,8.18,8.31,8.37,8.1,6652,4156255.75,3.3,1.59,0.13,1.42,SZ000703
1750,2004-07-16,8.35,8.52,8.57,8.24,14714,9417186.0,3.97,2.53,0.21,3.15,SZ000703
1751,2004-07-19,8.49,8.62,8.66,8.37,9788,6329390.0,3.4,1.17,0.1,2.09,SZ000703
1752,2004-07-20,8.62,8.54,8.63,8.42,7329,4719894.0,2.44,-0.93,-0.08,1.57,SZ000703
1753,2004-07-21,8.54,8.5,8.81,8.48,10007,6507170.5,3.86,-0.47,-0.04,2.14,SZ000703
1754,2004-07-22,8.45,8.14,8.52,8.09,7202,4511002.0,5.06,-4.24,-0.36,1.54,SZ000703
1755,2004-07-23,7.97,8.28,8.29,7.97,3551,2193478.25,3.93,1.72,0.14,0.76,SZ000703
1756,2004-07-26,8.19,8.07,8.2,7.97,4537,2777238.0,2.78,-2.54,-0.21,0.97,SZ000703
1757,2004-07-27,8.05,8.06,8.18,7.94,3791,2304819.5,2.97,-0.12,-0.01,0.81,SZ000703
1758,2004-07-28,8.01,8.15,8.18,8.0,2847,1745019.12,2.23,1.12,0.09,0.61,SZ000703
1759,2004-07-29,8.13,8.37,8.39,8.11,4673,2925232.0,3.44,2.7,0.22,1.0,SZ000703
1760,2004-07-30,8.4,8.09,8.42,8.07,3983,2489765.0,4.18,-3.35,-0.28,0.85,SZ000703
1761,2004-08-02,8.01,8.06,8.15,7.98,2787,1698036.62,2.1,-0.37,-0.03,0.6,SZ000703
1762,2004-08-03,8.06,8.14,8.18,8.06,2135,1312370.62,1.49,0.99,0.08,0.46,SZ000703
1763,2004-08-04,8.18,8.36,8.48,8.18,7176,4546578.5,3.69,2.7,0.22,1.53,SZ000703
1764,2004-08-05,8.27,8.28,8.37,8.23,3047,1911280.0,1.67,-0.96,-0.08,0.65,SZ000703
1765,2004-08-06,8.28,8.16,8.32,8.13,3690,2292578.25,2.29,-1.45,-0.12,0.79,SZ000703
1766,2004-08-09,8.09,7.92,8.1,7.74,7566,4500877.5,4.41,-2.94,-0.24,1.62,SZ000703
1767,2004-08-10,7.89,7.96,8.0,7.8,2706,1617590.75,2.53,0.51,0.04,0.58,SZ000703
1768,2004-08-11,7.96,7.79,8.02,7.68,5382,3165229.0,4.27,-2.14,-0.17,1.15,SZ000703
1769,2004-08-12,7.68,7.59,7.74,7.49,3979,2285511.25,3.21,-2.57,-0.2,0.85,SZ000703
1770,2004-08-13,7.61,7.59,7.74,7.54,2325,1345195.75,2.64,0.0,0.0,0.5,SZ000703
1771,2004-08-16,7.54,7.38,7.66,7.27,3661,2044823.5,5.14,-2.77,-0.21,0.78,SZ000703
1772,2004-08-17,7.41,7.49,7.53,7.29,2208,1241588.5,3.25,1.49,0.11,0.47,SZ000703
1773,2004-08-18,7.5,7.4,7.64,7.4,1477,841698.12,3.2,-1.2,-0.09,0.32,SZ000703
1774,2004-08-19,7.32,7.02,7.35,6.86,5578,2971220.0,6.62,-5.14,-0.38,1.19,SZ000703
1775,2004-08-20,6.93,7.03,7.09,6.88,2681,1409013.75,2.99,0.14,0.01,0.57,SZ000703
1776,2004-08-23,7.02,7.06,7.12,6.89,1550,816063.38,3.27,0.43,0.03,0.33,SZ000703
1777,2004-08-24,7.22,7.2,7.25,6.98,2868,1551413.38,3.82,1.98,0.14,0.61,SZ000703
1778,2004-08-25,7.2,7.05,7.22,7.03,1759,942958.69,2.64,-2.08,-0.15,0.38,SZ000703
1779,2004-08-26,7.14,7.02,7.14,6.94,1905,1003783.0,2.84,-0.43,-0.03,0.41,SZ000703
1780,2004-08-27,7.09,7.05,7.5,7.02,4847,2627966.5,6.84,0.43,0.03,1.04,SZ000703
1781,2004-08-30,6.94,7.01,7.11,6.89,887,467327.25,3.12,-0.57,-0.04,0.19,SZ000703
1782,2004-08-31,7.19,7.14,7.41,7.12,3286,1786382.62,4.14,1.85,0.13,0.7,SZ000703
1783,2004-09-01,7.03,7.02,7.12,6.97,1239,657471.69,2.1,-1.68,-0.12,0.26,SZ000703
1784,2004-09-02,6.96,7.12,7.14,6.96,1974,1048422.0,2.56,1.42,0.1,0.42,SZ000703
1785,2004-09-03,7.12,7.11,7.19,7.07,1716,924550.44,1.69,-0.14,-0.01,0.37,SZ000703
1786,2004-09-06,7.09,7.12,7.12,7.02,768,410840.5,1.41,0.14,0.01,0.16,SZ000703
1787,2004-09-07,7.14,7.15,7.22,7.05,924,496532.16,2.39,0.42,0.03,0.2,SZ000703
1788,2004-09-08,7.18,7.05,7.18,7.02,1675,895146.0,2.24,-1.4,-0.1,0.36,SZ000703
1789,2004-09-09,7.02,6.97,7.06,6.85,1997,1046105.19,2.98,-1.13,-0.08,0.43,SZ000703
1790,2004-09-10,6.88,6.75,6.92,6.64,3425,1744132.12,4.02,-3.16,-0.22,0.73,SZ000703
1791,2004-09-13,6.73,6.44,6.73,6.37,5362,2617480.0,5.33,-4.59,-0.31,1.15,SZ000703
1792,2004-09-14,6.49,6.67,6.75,6.49,4606,2300423.5,4.04,3.57,0.23,0.99,SZ000703
1793,2004-09-15,6.68,6.99,7.15,6.63,10499,5519084.5,7.8,4.8,0.32,2.25,SZ000703
1794,2004-09-16,6.98,7.1,7.15,6.96,7184,3826819.25,2.72,1.57,0.11,1.54,SZ000703
1795,2004-09-17,7.1,7.37,7.38,7.05,11095,6072502.0,4.65,3.8,0.27,2.37,SZ000703
1796,2004-09-20,7.49,7.63,7.64,7.28,13145,7415985.0,4.88,3.53,0.26,2.81,SZ000703
1797,2004-09-21,7.61,7.61,8.01,7.44,14979,8718143.0,7.47,-0.26,-0.02,3.2,SZ000703
1798,2004-09-22,8.19,7.8,8.26,7.79,33462,20346626.0,6.18,2.5,0.19,7.16,SZ000703
1799,2004-09-23,7.8,7.97,7.98,7.68,10284,6085269.0,3.85,2.18,0.17,2.2,SZ000703
1800,2004-09-24,8.03,7.63,8.09,7.58,16802,9990715.0,6.4,-4.27,-0.34,3.59,SZ000703
1801,2004-09-27,7.67,7.42,7.81,7.29,6573,3749675.75,6.82,-2.75,-0.21,1.41,SZ000703
1802,2004-09-28,7.48,7.48,7.53,7.36,3868,2178288.5,2.29,0.81,0.06,0.83,SZ000703
1803,2004-09-29,7.55,7.37,7.55,7.28,2927,1632274.12,3.61,-1.47,-0.11,0.63,SZ000703
1804,2004-09-30,7.37,7.32,7.41,7.28,3052,1688508.38,1.76,-0.68,-0.05,0.65,SZ000703
1805,2004-10-08,7.35,7.57,7.59,7.28,3164,1779017.62,4.23,3.42,0.25,0.68,SZ000703
1806,2004-10-11,7.57,7.66,7.87,7.48,7304,4256972.0,5.15,1.19,0.09,1.56,SZ000703
1807,2004-10-12,7.55,7.55,7.7,7.51,3347,1917049.75,2.48,-1.44,-0.11,0.72,SZ000703
1808,2004-10-13,7.61,7.76,7.84,7.53,7483,4377065.5,4.11,2.78,0.21,1.6,SZ000703
1809,2004-10-14,7.57,7.06,7.57,6.99,5846,3210130.5,7.47,-9.02,-0.7,1.25,SZ000703
1810,2004-10-15,6.84,6.9,7.09,6.72,4781,2484828.25,5.24,-2.27,-0.16,1.02,SZ000703
1811,2004-10-18,6.9,7.1,7.11,6.89,2676,1409477.88,3.19,2.9,0.2,0.57,SZ000703
1812,2004-10-19,7.24,7.01,7.27,6.98,3160,1702976.25,4.08,-1.27,-0.09,0.68,SZ000703
1813,2004-10-20,7.01,6.9,7.01,6.76,2866,1480028.0,3.57,-1.57,-0.11,0.61,SZ000703
1814,2004-10-21,6.94,6.73,6.98,6.5,4096,2090139.25,6.96,-2.46,-0.17,0.88,SZ000703
1815,2004-10-22,6.73,6.81,6.81,6.5,5476,2776671.5,4.61,1.19,0.08,1.17,SZ000703
1816,2004-10-25,6.81,6.4,6.83,6.34,7766,3813894.0,7.2,-6.02,-0.41,1.66,SZ000703
1817,2004-10-26,6.4,6.38,6.4,6.16,6143,2904837.75,3.75,-0.31,-0.02,1.31,SZ000703
1818,2004-10-27,6.38,6.58,6.58,6.19,6225,2988406.0,6.11,3.13,0.2,1.33,SZ000703
1819,2004-10-28,6.57,6.47,6.62,6.45,5088,2511947.5,2.58,-1.67,-0.11,1.09,SZ000703
1820,2004-10-29,6.37,6.28,6.37,6.12,5301,2503286.0,3.86,-2.94,-0.19,1.13,SZ000703
1821,2004-11-01,6.15,6.24,6.27,6.12,3158,1475112.25,2.39,-0.64,-0.04,0.68,SZ000703
1822,2004-11-02,6.19,6.24,6.28,6.18,2054,963071.0,1.6,0.0,0.0,0.44,SZ000703
1823,2004-11-03,6.33,6.41,6.42,6.2,2658,1266671.0,3.53,2.72,0.17,0.57,SZ000703
1824,2004-11-04,6.41,6.25,6.44,6.19,2888,1376980.0,3.9,-2.5,-0.16,0.62,SZ000703
1825,2004-11-05,6.27,6.23,6.32,6.15,1950,914775.88,2.72,-0.32,-0.02,0.42,SZ000703
1826,2004-11-08,6.14,6.31,6.31,6.12,1289,604183.25,3.05,1.28,0.08,0.28,SZ000703
1827,2004-11-09,6.31,6.33,6.37,6.29,2680,1278471.62,1.27,0.32,0.02,0.57,SZ000703
1828,2004-11-10,6.34,6.62,6.62,6.31,6415,3142187.5,4.9,4.58,0.29,1.37,SZ000703
1829,2004-11-11,6.62,6.53,6.79,6.5,9041,4549501.5,4.38,-1.36,-0.09,1.93,SZ000703
1830,2004-11-12,6.58,6.53,6.75,6.45,4043,2000373.75,4.59,0.0,0.0,0.86,SZ000703
1831,2004-11-15,6.6,6.62,6.63,6.51,4247,2100818.25,1.84,1.38,0.09,0.91,SZ000703
1832,2004-11-16,6.62,6.51,6.66,6.5,3418,1685328.5,2.42,-1.66,-0.11,0.73,SZ000703
1833,2004-11-17,6.51,6.45,6.53,6.42,2571,1253871.75,1.69,-0.92,-0.06,0.55,SZ000703
1834,2004-11-18,6.45,6.59,6.6,6.44,3064,1509099.0,2.48,2.17,0.14,0.66,SZ000703
1835,2004-11-19,6.57,6.71,6.73,6.53,5316,2656905.25,3.03,1.82,0.12,1.14,SZ000703
1836,2004-11-22,6.72,6.84,6.88,6.64,8054,4133736.0,3.58,1.94,0.13,1.72,SZ000703
1837,2004-11-23,6.84,6.77,6.84,6.71,4670,2385152.75,1.9,-1.02,-0.07,1.0,SZ000703
1838,2004-11-24,6.81,6.64,6.81,6.64,5850,2963654.0,2.51,-1.92,-0.13,1.25,SZ000703
1839,2004-11-25,6.63,6.62,6.63,6.5,4650,2302447.25,1.96,-0.3,-0.02,0.99,SZ000703
1840,2004-11-26,6.63,6.68,6.8,6.63,7579,3837680.25,2.57,0.91,0.06,1.62,SZ000703
1841,2004-11-29,6.68,6.51,6.7,6.47,2853,1410120.62,3.44,-2.54,-0.17,0.61,SZ000703
1842,2004-11-30,6.49,6.55,6.57,6.47,1749,858777.12,1.54,0.61,0.04,0.37,SZ000703
1843,2004-12-01,6.51,6.6,6.7,6.4,2389,1190581.88,4.58,0.76,0.05,0.51,SZ000703
1844,2004-12-02,6.6,6.8,6.84,6.59,7936,4042430.75,3.79,3.03,0.2,1.7,SZ000703
1845,2004-12-03,6.77,6.77,6.85,6.72,5499,2810896.0,1.91,-0.44,-0.03,1.18,SZ000703
1846,2004-12-06,6.77,6.83,6.86,6.75,4203,2162300.5,1.62,0.89,0.06,0.9,SZ000703
1847,2004-12-07,6.83,6.7,6.83,6.57,3945,1987113.5,3.81,-1.9,-0.13,0.84,SZ000703
1848,2004-12-08,6.77,6.94,6.99,6.73,14609,7596216.5,3.88,3.58,0.24,3.12,SZ000703
1849,2004-12-09,6.92,6.86,6.94,6.8,6010,3109865.25,2.02,-1.15,-0.08,1.29,SZ000703
1850,2004-12-10,6.81,6.57,6.88,6.57,4401,2222182.75,4.52,-4.23,-0.29,0.94,SZ000703
1851,2004-12-13,6.51,6.6,6.63,6.45,1703,838511.12,2.74,0.46,0.03,0.36,SZ000703
1852,2004-12-14,6.51,6.46,6.6,6.45,1597,783468.81,2.27,-2.12,-0.14,0.34,SZ000703
1853,2004-12-15,6.44,6.46,6.5,6.19,2904,1382009.12,4.8,0.0,0.0,0.62,SZ000703
1854,2004-12-16,6.27,6.28,6.38,6.25,1744,830530.0,2.01,-2.79,-0.18,0.37,SZ000703
1855,2004-12-17,6.19,6.25,6.37,6.18,1379,650396.94,3.03,-0.48,-0.03,0.29,SZ000703
1856,2004-12-20,6.16,6.21,6.32,6.12,1340,628415.0,3.2,-0.64,-0.04,0.29,SZ000703
1857,2004-12-21,6.21,6.33,6.37,6.21,1616,765336.81,2.58,1.93,0.12,0.35,SZ000703
1858,2004-12-22,6.33,6.54,6.55,6.33,3527,1713742.75,3.48,3.32,0.21,0.75,SZ000703
1859,2004-12-23,6.49,6.34,6.53,6.33,1693,817024.19,3.06,-3.06,-0.2,0.36,SZ000703
1860,2004-12-24,6.34,6.37,6.44,6.28,1006,481461.75,2.52,0.47,0.03,0.22,SZ000703
1861,2004-12-27,6.4,6.29,6.4,6.27,827,393062.0,2.04,-1.26,-0.08,0.18,SZ000703
1862,2004-12-28,6.25,6.27,6.34,6.24,894,422793.0,1.59,-0.32,-0.02,0.19,SZ000703
1863,2004-12-29,6.27,6.27,6.34,6.24,967,457867.0,1.59,0.0,0.0,0.21,SZ000703
1864,2004-12-30,6.21,6.03,6.24,5.99,2426,1110787.88,3.99,-3.83,-0.24,0.52,SZ000703
1865,2004-12-31,6.05,5.95,6.1,5.89,2771,1245843.38,3.48,-1.33,-0.08,0.59,SZ000703
1866,2005-01-04,5.98,6.01,6.02,5.79,1209,537827.94,3.87,1.01,0.06,0.26,SZ000703
1867,2005-01-05,6.11,6.11,6.21,6.03,3375,1561072.5,3.0,1.66,0.1,0.72,SZ000703
1868,2005-01-06,6.12,5.99,6.12,5.92,1921,865282.12,3.27,-1.96,-0.12,0.41,SZ000703
1869,2005-01-07,5.99,6.02,6.07,5.92,1572,710826.88,2.5,0.5,0.03,0.34,SZ000703
1870,2005-01-10,5.97,6.2,6.21,5.97,1532,705222.12,3.99,2.99,0.18,0.33,SZ000703
1871,2005-01-11,6.2,6.18,6.21,6.07,1492,690602.5,2.26,-0.32,-0.02,0.32,SZ000703
1872,2005-01-12,6.18,6.2,6.2,6.08,922,424727.19,1.94,0.32,0.02,0.2,SZ000703
1873,2005-01-13,6.1,6.19,6.28,6.06,1936,905256.25,3.55,-0.16,-0.01,0.41,SZ000703
1874,2005-01-14,6.12,6.08,6.24,6.06,1656,766583.0,2.91,-1.78,-0.11,0.35,SZ000703
1875,2005-01-17,5.97,6.01,6.05,5.92,1471,660648.38,2.14,-1.15,-0.07,0.31,SZ000703
1876,2005-01-18,6.58,6.19,6.58,6.12,4194,1983905.0,7.65,3.0,0.18,0.9,SZ000703
1877,2005-01-19,6.06,6.1,6.18,6.06,1901,871478.69,1.94,-1.45,-0.09,0.41,SZ000703
1878,2005-01-20,5.99,6.05,6.1,5.97,1495,678456.81,2.13,-0.82,-0.05,0.32,SZ000703
1879,2005-01-21,5.93,6.15,6.16,5.9,2155,979888.75,4.3,1.65,0.1,0.46,SZ000703
1880,2005-01-24,6.28,6.25,6.34,6.16,3468,1628403.0,2.93,1.63,0.1,0.74,SZ000703
1881,2005-01-25,6.25,6.2,6.25,6.14,1190,553720.0,1.76,-0.8,-0.05,0.25,SZ000703
1882,2005-01-26,6.2,6.2,6.24,6.11,1176,546026.56,2.1,0.0,0.0,0.25,SZ000703
1883,2005-01-27,6.14,6.25,6.27,6.14,2375,1108884.0,2.1,0.81,0.05,0.51,SZ000703
1884,2005-01-28,6.19,5.98,6.24,5.94,1944,885475.31,4.8,-4.32,-0.27,0.42,SZ000703
1885,2005-01-31,5.92,5.5,5.94,5.46,2913,1234722.88,8.03,-8.03,-0.48,0.62,SZ000703
1886,2005-02-02,5.46,5.69,5.8,5.46,5300,2235194.75,6.18,3.45,0.19,1.13,SZ000703
1887,2005-02-03,5.69,5.58,5.79,5.55,3773,1601874.88,4.22,-1.93,-0.11,0.81,SZ000703
1888,2005-02-04,5.46,5.56,5.62,5.46,4067,1698801.62,2.87,-0.36,-0.02,0.87,SZ000703
1889,2005-02-16,5.5,5.69,5.79,5.5,3467,1472536.12,5.22,2.34,0.13,0.74,SZ000703
1890,2005-02-17,5.63,5.69,5.69,5.55,2666,1127402.25,2.46,0.0,0.0,0.57,SZ000703
1891,2005-02-18,5.59,5.62,5.66,5.55,3002,1263555.0,1.93,-1.23,-0.07,0.64,SZ000703
1892,2005-02-21,5.56,5.71,5.71,5.56,4180,1777333.25,2.67,1.6,0.09,0.89,SZ000703
1893,2005-02-22,5.71,5.85,5.86,5.64,9574,4171064.25,3.85,2.45,0.14,2.05,SZ000703
1894,2005-02-23,5.85,6.1,6.11,5.8,15270,6889297.0,5.3,4.27,0.25,3.27,SZ000703
1895,2005-02-24,6.15,6.06,6.16,5.95,12734,5794624.5,3.44,-0.66,-0.04,2.72,SZ000703
1896,2005-02-25,6.06,6.01,6.08,6.01,7115,3241316.75,1.16,-0.83,-0.05,1.52,SZ000703
1897,2005-02-28,5.97,5.94,5.98,5.9,5221,2338266.5,1.33,-1.16,-0.07,1.12,SZ000703
1898,2005-03-01,5.92,6.02,6.05,5.92,2912,1311079.0,2.19,1.35,0.08,0.62,SZ000703
1899,2005-03-02,6.05,5.93,6.11,5.89,5595,2531689.5,3.65,-1.5,-0.09,1.2,SZ000703
1900,2005-03-03,5.89,6.03,6.03,5.85,2346,1051588.0,3.04,1.69,0.1,0.5,SZ000703
1901,2005-03-04,6.02,5.85,6.05,5.82,3846,1712459.62,3.81,-2.99,-0.18,0.82,SZ000703
1902,2005-03-07,5.82,5.86,5.95,5.82,2291,1011681.94,2.22,0.17,0.01,0.49,SZ000703
1903,2005-03-08,5.86,5.94,5.95,5.81,3980,1763390.5,2.39,1.37,0.08,0.85,SZ000703
1904,2005-03-09,5.93,6.14,6.15,5.9,11142,5081212.0,4.21,3.37,0.2,2.38,SZ000703
1905,2005-03-10,6.15,5.92,6.15,5.88,9983,4508904.5,4.4,-3.58,-0.22,2.14,SZ000703
1906,2005-03-11,5.9,6.11,6.11,5.9,7537,3423895.25,3.55,3.21,0.19,1.61,SZ000703
1907,2005-03-14,6.14,5.99,6.14,5.85,7360,3323249.5,4.75,-1.96,-0.12,1.57,SZ000703
1908,2005-03-15,6.05,5.86,6.05,5.85,4019,1788883.12,3.34,-2.17,-0.13,0.86,SZ000703
1909,2005-03-16,5.88,5.86,5.98,5.8,2620,1156520.75,3.07,0.0,0.0,0.56,SZ000703
1910,2005-03-17,5.84,5.66,5.88,5.64,4460,1922822.75,4.1,-3.41,-0.2,0.95,SZ000703
1911,2005-03-18,5.62,5.53,5.73,5.49,2093,878782.44,4.24,-2.3,-0.13,0.45,SZ000703
1912,2005-03-21,5.5,5.55,5.56,5.47,1361,564682.62,1.63,0.36,0.02,0.29,SZ000703
1913,2005-03-22,5.55,5.12,5.55,5.1,3562,1393166.25,8.11,-7.75,-0.43,0.76,SZ000703
1914,2005-03-23,5.07,5.14,5.27,5.07,2257,871362.5,3.91,0.39,0.02,0.48,SZ000703
1915,2005-03-24,5.1,5.23,5.23,5.08,1934,745372.31,2.92,1.75,0.09,0.41,SZ000703
1916,2005-03-25,5.2,5.23,5.24,5.14,1802,702591.31,1.91,0.0,0.0,0.39,SZ000703
1917,2005-03-28,5.16,5.2,5.23,4.97,3064,1170722.25,4.97,-0.57,-0.03,0.66,SZ000703
1918,2005-03-29,5.14,5.19,5.27,5.14,3818,1492241.38,2.5,-0.19,-0.01,0.82,SZ000703
1919,2005-03-30,5.19,5.03,5.19,5.01,1832,695647.0,3.47,-3.08,-0.16,0.39,SZ000703
1920,2005-03-31,4.97,4.95,4.98,4.75,1740,637113.19,4.57,-1.59,-0.08,0.37,SZ000703
1921,2005-04-01,4.94,5.14,5.19,4.78,4106,1536715.0,8.28,3.84,0.19,0.88,SZ000703
1922,2005-04-04,5.01,5.17,5.4,5.01,10591,4172387.75,7.59,0.58,0.03,2.27,SZ000703
1923,2005-04-05,5.15,5.12,5.24,5.1,3054,1178059.25,2.71,-0.97,-0.05,0.65,SZ000703
1924,2005-04-06,5.07,5.12,5.2,4.94,3113,1181532.25,5.08,0.0,0.0,0.67,SZ000703
1925,2005-04-07,5.14,5.2,5.32,5.11,5004,1961652.88,4.1,1.56,0.08,1.07,SZ000703
1926,2005-04-08,5.17,5.29,5.3,5.17,4347,1709797.12,2.5,1.73,0.09,0.93,SZ000703
1927,2005-04-11,5.27,5.29,5.36,5.2,3820,1509005.75,3.02,0.0,0.0,0.82,SZ000703
1928,2005-04-12,5.28,5.12,5.33,5.11,2389,935051.06,4.16,-3.21,-0.17,0.51,SZ000703
1929,2005-04-13,5.25,5.28,5.3,5.16,5007,1961999.38,2.73,3.13,0.16,1.07,SZ000703
1930,2005-04-14,5.28,5.08,5.32,5.08,4230,1644492.0,4.55,-3.79,-0.2,0.9,SZ000703
1931,2005-04-15,5.06,4.86,5.06,4.77,3513,1291549.38,5.71,-4.33,-0.22,0.75,SZ000703
1932,2005-04-18,4.81,4.69,4.9,4.68,2664,941549.19,4.53,-3.5,-0.17,0.57,SZ000703
1933,2005-04-19,4.49,4.34,4.49,4.24,12645,4064274.5,5.33,-7.46,-0.35,2.7,SZ000703
1934,2005-04-20,4.29,4.29,4.38,4.24,4529,1454417.25,3.23,-1.15,-0.05,0.97,SZ000703
1935,2005-04-21,4.32,4.16,4.37,4.13,4635,1450944.0,5.59,-3.03,-0.13,0.99,SZ000703
1936,2005-04-22,4.13,4.16,4.23,4.07,5274,1632235.25,3.85,0.0,0.0,1.13,SZ000703
1937,2005-04-25,4.13,4.02,4.13,3.91,3690,1094947.62,5.29,-3.37,-0.14,0.79,SZ000703
1938,2005-04-26,4.06,4.12,4.21,3.99,3882,1184328.75,5.47,2.49,0.1,0.83,SZ000703
1939,2005-04-27,4.13,3.97,4.13,3.95,3403,1022285.62,4.37,-3.64,-0.15,0.73,SZ000703
1940,2005-04-28,3.97,4.08,4.13,3.84,4262,1278348.75,7.3,2.77,0.11,0.91,SZ000703
1941,2005-04-29,4.07,3.99,4.21,3.94,5826,1781441.12,6.62,-2.21,-0.09,1.25,SZ000703
1942,2005-05-09,3.97,3.69,3.98,3.69,3833,1078558.88,7.27,-7.52,-0.3,0.82,SZ000703
1943,2005-05-10,3.68,3.69,3.72,3.46,4689,1251772.38,7.05,0.0,0.0,1.0,SZ000703
1944,2005-05-11,3.67,3.68,3.73,3.59,3289,893212.12,3.79,-0.27,-0.01,0.7,SZ000703
1945,2005-05-12,3.69,3.72,3.77,3.6,3734,1022279.0,4.62,1.09,0.04,0.8,SZ000703
1946,2005-05-16,3.78,4.08,4.08,3.78,13860,4110924.25,8.06,9.68,0.36,2.96,SZ000703
1947,2005-05-17,4.15,3.97,4.23,3.91,28604,8713955.0,7.84,-2.7,-0.11,6.12,SZ000703
1948,2005-05-18,3.97,4.15,4.16,3.9,16678,5043760.5,6.55,4.53,0.18,3.57,SZ000703
1949,2005-05-19,4.13,4.06,4.13,4.0,7531,2275030.0,3.13,-2.17,-0.09,1.61,SZ000703
1950,2005-05-20,4.06,4.21,4.29,3.98,18138,5653720.0,7.64,3.69,0.15,3.88,SZ000703
1951,2005-05-23,4.15,4.08,4.16,4.0,7885,2398322.25,3.8,-3.09,-0.13,1.69,SZ000703
1952,2005-05-24,4.06,4.21,4.24,4.06,9380,2923185.0,4.41,3.19,0.13,2.01,SZ000703
1953,2005-05-25,4.2,4.19,4.25,4.1,7851,2440180.0,3.56,-0.48,-0.02,1.68,SZ000703
1954,2005-05-26,4.21,4.08,4.21,4.04,5943,1814698.5,4.06,-2.63,-0.11,1.27,SZ000703
1955,2005-05-27,4.06,4.0,4.13,3.97,5341,1615377.25,3.92,-1.96,-0.08,1.14,SZ000703
1956,2005-05-30,4.0,4.07,4.11,3.97,4440,1338472.0,3.5,1.75,0.07,0.95,SZ000703
1957,2005-05-31,4.1,4.06,4.12,4.03,3109,939593.0,2.21,-0.25,-0.01,0.67,SZ000703
1958,2005-06-01,3.98,3.93,4.04,3.87,5932,1733621.12,4.19,-3.2,-0.13,1.27,SZ000703
1959,2005-06-02,3.89,4.12,4.16,3.89,14691,4463711.5,6.87,4.83,0.19,3.14,SZ000703
1960,2005-06-03,4.12,4.12,4.15,4.04,9168,2800037.0,2.67,0.0,0.0,1.96,SZ000703
1961,2005-06-06,4.12,4.25,4.29,4.1,14484,4540823.0,4.61,3.16,0.13,3.1,SZ000703
1962,2005-06-07,4.23,4.2,4.29,4.16,10687,3371816.0,3.06,-1.18,-0.05,2.29,SZ000703
1963,2005-06-08,4.21,4.47,4.51,4.21,19921,6492908.0,7.14,6.43,0.27,4.26,SZ000703
1964,2005-06-09,4.46,4.43,4.51,4.32,17785,5854286.0,4.25,-0.89,-0.04,3.8,SZ000703
1965,2005-06-10,4.39,4.26,4.39,4.26,8581,2760897.25,2.93,-3.84,-0.17,1.84,SZ000703
1966,2005-06-13,4.24,4.33,4.37,4.2,5376,1724511.38,3.99,1.64,0.07,1.15,SZ000703
1967,2005-06-14,4.34,4.17,4.39,4.16,5235,1678644.75,5.31,-3.7,-0.16,1.12,SZ000703
1968,2005-06-15,4.17,4.1,4.23,4.04,5033,1557771.38,4.56,-1.68,-0.07,1.08,SZ000703
1969,2005-06-16,4.06,4.02,4.13,3.89,7816,2311566.0,5.85,-1.95,-0.08,1.67,SZ000703
1970,2005-06-17,4.0,3.94,4.07,3.9,3818,1122634.12,4.23,-1.99,-0.08,0.82,SZ000703
1971,2005-06-20,3.97,4.03,4.06,3.85,5374,1588619.0,5.33,2.28,0.09,1.15,SZ000703
1972,2005-06-21,3.97,4.02,4.04,3.97,3782,1129428.88,1.74,-0.25,-0.01,0.81,SZ000703
1973,2005-06-22,4.03,4.08,4.1,3.98,3666,1101040.5,2.99,1.49,0.06,0.78,SZ000703
1974,2005-06-23,4.1,4.04,4.12,4.0,5358,1620416.5,2.94,-0.98,-0.04,1.15,SZ000703
1975,2005-06-24,4.04,3.95,4.04,3.87,6532,1910203.38,4.21,-2.23,-0.09,1.4,SZ000703
1976,2005-06-27,3.99,4.04,4.08,3.99,5878,1771230.5,2.28,2.28,0.09,1.26,SZ000703
1977,2005-06-28,4.04,3.94,4.04,3.91,2904,854068.0,3.22,-2.48,-0.1,0.62,SZ000703
1978,2005-06-29,3.98,3.94,3.98,3.91,3284,960512.0,1.78,0.0,0.0,0.7,SZ000703
1979,2005-06-30,3.89,3.69,3.89,3.64,5976,1689672.12,6.35,-6.35,-0.25,1.28,SZ000703
1980,2005-07-01,3.64,3.45,3.69,3.42,6216,1632513.12,7.32,-6.5,-0.24,1.33,SZ000703
1981,2005-07-04,3.38,3.32,3.43,3.13,5989,1451999.12,8.7,-3.77,-0.13,1.28,SZ000703
1982,2005-07-05,3.3,3.3,3.39,3.25,3762,922135.81,4.22,-0.6,-0.02,0.8,SZ000703
1983,2005-07-06,3.32,3.34,3.35,3.25,3083,753620.0,3.03,1.21,0.04,0.66,SZ000703
1984,2005-07-07,3.37,3.42,3.47,3.32,5777,1460010.62,4.49,2.4,0.08,1.24,SZ000703
1985,2005-07-08,3.38,3.22,3.39,3.21,4491,1084841.62,5.26,-5.85,-0.2,0.96,SZ000703
1986,2005-07-11,3.34,3.19,3.41,3.16,2664,648237.62,7.76,-0.93,-0.03,0.57,SZ000703
1987,2005-07-12,3.13,3.29,3.3,3.11,4421,1050066.12,5.96,3.13,0.1,0.95,SZ000703
1988,2005-07-13,3.29,3.21,3.29,3.16,3622,859794.31,3.95,-2.43,-0.08,0.77,SZ000703
1989,2005-07-14,3.52,3.52,3.52,3.52,11919,3110843.25,0.0,9.66,0.31,2.55,SZ000703
1990,2005-07-15,3.72,3.47,3.76,3.45,47281,12800998.0,8.81,-1.42,-0.05,10.11,SZ000703
1991,2005-07-18,3.37,3.13,3.37,3.13,14622,3441105.0,6.92,-9.8,-0.34,3.13,SZ000703
1992,2005-07-19,3.0,3.11,3.15,2.99,12678,2859118.75,5.11,-0.64,-0.02,2.71,SZ000703
1993,2005-07-20,3.09,3.12,3.15,3.02,7214,1646086.0,4.18,0.32,0.01,1.54,SZ000703
1994,2005-07-21,3.12,3.12,3.13,3.06,5890,1339417.75,2.24,0.0,0.0,1.26,SZ000703
1995,2005-07-22,3.07,3.21,3.25,3.07,10954,2573617.0,5.77,2.88,0.09,2.34,SZ000703
1996,2005-07-25,3.19,3.26,3.34,3.16,7618,1832229.38,5.61,1.56,0.05,1.63,SZ000703
1997,2005-07-26,3.28,3.3,3.33,3.21,10067,2450169.75,3.68,1.23,0.04,2.15,SZ000703
1998,2005-07-27,3.3,3.41,3.41,3.3,9397,2326394.5,3.33,3.33,0.11,2.01,SZ000703
1999,2005-07-28,3.39,3.46,3.54,3.34,17550,4449043.5,5.87,1.47,0.05,3.75,SZ000703
2000,2005-07-29,3.41,3.35,3.45,3.33,9161,2292674.0,3.47,-3.18,-0.11,1.96,SZ000703
2001,2005-08-01,3.35,3.43,3.45,3.35,4757,1194988.25,2.99,2.39,0.08,1.02,SZ000703
2002,2005-08-02,3.43,3.5,3.51,3.37,8042,2051606.25,4.08,2.04,0.07,1.72,SZ000703
2003,2005-08-03,3.5,3.51,3.59,3.45,11266,2955348.75,4.0,0.29,0.01,2.41,SZ000703
2004,2005-08-04,3.52,3.42,3.52,3.41,6430,1642714.88,3.13,-2.56,-0.09,1.38,SZ000703
2005,2005-08-05,3.42,3.54,3.55,3.39,6864,1780299.12,4.68,3.51,0.12,1.47,SZ000703
2006,2005-08-08,3.51,3.58,3.61,3.48,9552,2524603.0,3.67,1.13,0.04,2.04,SZ000703
2007,2005-08-09,3.58,3.64,3.67,3.52,10455,2799639.0,4.19,1.68,0.06,2.24,SZ000703
2008,2005-08-10,3.72,3.76,3.85,3.67,20102,5601974.0,4.95,3.3,0.12,4.3,SZ000703
2009,2005-08-11,3.76,3.81,3.82,3.69,10441,2902939.5,3.46,1.33,0.05,2.23,SZ000703
2010,2005-08-12,3.84,3.67,3.86,3.65,13154,3676859.0,5.51,-3.67,-0.14,2.81,SZ000703
2011,2005-08-15,3.67,3.84,3.84,3.67,11626,3236541.75,4.63,4.63,0.17,2.49,SZ000703
2012,2005-08-16,3.84,3.95,3.99,3.78,17498,5060018.5,5.47,2.86,0.11,3.74,SZ000703
2013,2005-08-17,3.95,4.02,4.04,3.84,19475,5698622.5,5.06,1.77,0.07,4.17,SZ000703
2014,2005-08-18,4.07,3.76,4.16,3.67,20901,6242173.0,12.19,-6.47,-0.26,4.47,SZ000703
2015,2005-08-19,3.77,4.12,4.12,3.72,36538,10766168.0,10.64,9.57,0.36,7.82,SZ000703
2016,2005-08-22,4.16,4.42,4.49,4.16,68133,21900528.0,8.01,7.28,0.3,14.57,SZ000703
2017,2005-08-23,4.38,4.15,4.38,4.11,22904,7190218.5,6.11,-6.11,-0.27,4.9,SZ000703
2018,2005-08-24,4.13,4.16,4.19,4.1,9768,3016968.0,2.17,0.24,0.01,2.09,SZ000703
2019,2005-08-25,4.12,4.25,4.25,4.06,11672,3614269.25,4.57,2.16,0.09,2.5,SZ000703
2020,2005-08-26,4.33,4.17,4.33,4.15,7604,2380566.0,4.24,-1.88,-0.08,1.63,SZ000703
2021,2005-08-29,4.17,4.12,4.23,4.07,7659,2357046.5,3.84,-1.2,-0.05,1.64,SZ000703
2022,2005-08-30,4.1,4.16,4.17,4.08,5882,1812854.38,2.18,0.97,0.04,1.26,SZ000703
2023,2005-08-31,4.11,4.21,4.25,4.11,7776,2426335.0,3.37,1.2,0.05,1.66,SZ000703
2024,2005-09-01,4.2,4.3,4.3,4.16,12431,3948044.5,3.33,2.14,0.09,2.66,SZ000703
2025,2005-09-02,4.3,4.36,4.38,4.25,12119,3905164.5,3.02,1.4,0.06,2.59,SZ000703
2026,2005-09-05,4.37,4.38,4.41,4.29,9943,3225526.0,2.75,0.46,0.02,2.13,SZ000703
2027,2005-09-06,4.39,4.23,4.41,4.17,12588,4062934.75,5.48,-3.42,-0.15,2.69,SZ000703
2028,2005-09-07,4.21,4.34,4.36,4.17,8265,2627149.5,4.49,2.6,0.11,1.77,SZ000703
2029,2005-09-08,4.34,4.37,4.42,4.26,7390,2405327.0,3.69,0.69,0.03,1.58,SZ000703
2030,2005-09-09,4.39,4.26,4.39,4.25,5039,1616047.38,3.2,-2.52,-0.11,1.08,SZ000703
2031,2005-09-12,4.25,4.29,4.3,4.23,4534,1442204.0,1.64,0.7,0.03,0.97,SZ000703
2032,2005-09-13,4.29,4.46,4.47,4.29,12707,4171485.0,4.2,3.96,0.17,2.72,SZ000703
2033,2005-09-14,4.49,4.56,4.56,4.39,14374,4805235.0,3.81,2.24,0.1,3.07,SZ000703
2034,2005-09-15,4.51,4.56,4.68,4.45,10528,3575356.0,5.04,0.0,0.0,2.25,SZ000703
2035,2005-09-16,4.52,4.63,4.65,4.49,9356,3218574.5,3.51,1.54,0.07,2.0,SZ000703
2036,2005-09-19,4.62,4.75,4.81,4.59,10843,3822599.5,4.75,2.59,0.12,2.32,SZ000703
2037,2005-09-20,4.75,4.71,4.77,4.56,11798,4105315.5,4.42,-0.84,-0.04,2.52,SZ000703
2038,2005-09-21,4.68,4.58,4.71,4.51,9619,3300991.5,4.25,-2.76,-0.13,2.06,SZ000703
2039,2005-09-22,4.55,4.33,4.56,4.26,10887,3598918.5,6.55,-5.46,-0.25,2.33,SZ000703
2040,2005-09-23,4.29,4.16,4.41,4.15,8498,2697197.75,6.0,-3.93,-0.17,1.82,SZ000703
2041,2005-09-26,4.13,4.21,4.24,4.1,4131,1282431.0,3.37,1.2,0.05,0.88,SZ000703
2042,2005-09-27,4.13,4.06,4.23,4.03,3918,1196493.38,4.75,-3.56,-0.15,0.84,SZ000703
2043,2005-09-28,4.08,4.1,4.23,4.07,4990,1534205.5,3.94,0.99,0.04,1.07,SZ000703
2044,2005-09-29,4.16,4.5,4.5,4.12,12757,4138604.0,9.27,9.76,0.4,2.73,SZ000703
2045,2005-09-30,4.64,4.64,4.86,4.56,42748,14876737.0,6.67,3.11,0.14,9.14,SZ000703
2046,2005-10-10,4.63,4.62,4.72,4.46,10121,3479232.25,5.6,-0.43,-0.02,2.16,SZ000703
2047,2005-10-11,4.55,4.76,4.88,4.54,14412,5093051.5,7.36,3.03,0.14,3.08,SZ000703
2048,2005-10-12,4.65,4.63,4.76,4.62,14743,5163399.5,2.94,-2.73,-0.13,3.15,SZ000703
2049,2005-10-13,4.59,4.49,4.59,4.37,13199,4388808.5,4.75,-3.02,-0.14,2.82,SZ000703
2050,2005-10-14,4.41,4.26,4.46,4.26,7430,2414482.25,4.45,-5.12,-0.23,1.59,SZ000703
2051,2005-10-17,4.24,4.32,4.36,4.2,6338,2022408.88,3.76,1.41,0.06,1.36,SZ000703
2052,2005-10-18,4.29,4.37,4.41,4.29,5386,1752906.75,2.78,1.16,0.05,1.15,SZ000703
2053,2005-10-19,4.37,4.29,4.43,4.28,6177,2015673.88,3.43,-1.83,-0.08,1.32,SZ000703
2054,2005-10-20,4.25,4.26,4.28,4.16,4525,1428886.62,2.8,-0.7,-0.03,0.97,SZ000703
2055,2005-10-21,4.26,4.36,4.38,4.26,4937,1589792.38,2.82,2.35,0.1,1.06,SZ000703
2056,2005-10-24,4.33,4.28,4.36,4.24,4768,1521016.62,2.75,-1.83,-0.08,1.02,SZ000703
2057,2005-10-25,4.28,4.3,4.39,4.2,8291,2650533.25,4.44,0.47,0.02,1.77,SZ000703
2058,2005-10-26,4.25,4.0,4.26,3.9,5842,1795378.62,8.37,-6.98,-0.3,1.25,SZ000703
2059,2005-10-27,4.0,3.84,4.0,3.78,6778,1959037.25,5.5,-4.0,-0.16,1.45,SZ000703
2060,2005-10-28,3.8,3.67,3.87,3.64,4025,1112195.0,5.99,-4.43,-0.17,0.86,SZ000703
2061,2005-10-31,3.69,3.8,3.82,3.69,3320,925135.31,3.54,3.54,0.13,0.71,SZ000703
2062,2005-11-01,3.8,3.82,3.85,3.65,3933,1094441.5,5.26,0.53,0.02,0.84,SZ000703
2063,2005-11-02,3.81,3.98,4.08,3.81,11635,3411280.75,7.07,4.19,0.16,2.49,SZ000703
2064,2005-11-03,3.95,3.89,3.97,3.82,4312,1246083.12,3.77,-2.26,-0.09,0.92,SZ000703
2065,2005-11-04,3.9,3.87,3.9,3.78,2905,829040.88,3.08,-0.51,-0.02,0.62,SZ000703
2066,2005-11-07,3.81,3.93,3.97,3.81,2030,589839.88,4.13,1.55,0.06,0.43,SZ000703
2067,2005-11-08,3.9,3.97,4.03,3.85,4032,1188199.0,4.58,1.02,0.04,0.86,SZ000703
2068,2005-11-09,3.93,4.06,4.07,3.91,6156,1834407.38,4.03,2.27,0.09,1.32,SZ000703
2069,2005-11-10,4.0,4.11,4.23,3.85,16276,4938212.5,9.36,1.23,0.05,3.48,SZ000703
2070,2005-11-11,4.07,4.12,4.2,3.99,14566,4449245.0,5.11,0.24,0.01,3.12,SZ000703
2071,2005-11-14,4.12,4.12,4.13,4.0,3932,1188387.75,3.16,0.0,0.0,0.84,SZ000703
2072,2005-11-15,4.08,3.99,4.13,3.95,4491,1347383.38,4.37,-3.16,-0.13,0.96,SZ000703
2073,2005-11-16,3.95,4.06,4.07,3.95,3285,979913.0,3.01,1.75,0.07,0.7,SZ000703
2074,2005-11-17,4.07,4.1,4.15,4.04,4064,1241286.0,2.71,0.99,0.04,0.87,SZ000703
2075,2005-11-18,4.11,4.13,4.24,4.11,11236,3508038.5,3.17,0.73,0.03,2.4,SZ000703
2076,2005-11-21,4.2,4.19,4.2,4.11,3587,1114209.88,2.18,1.45,0.06,0.77,SZ000703
2077,2005-11-22,4.15,4.11,4.2,4.04,4924,1502124.5,3.82,-1.91,-0.08,1.05,SZ000703
2078,2005-11-23,4.12,4.15,4.16,4.0,5091,1545026.38,3.89,0.97,0.04,1.09,SZ000703
2079,2005-11-24,4.13,4.12,4.15,4.06,3504,1067736.75,2.17,-0.72,-0.03,0.75,SZ000703
2080,2005-11-25,4.12,4.07,4.12,4.04,2196,667533.0,1.94,-1.21,-0.05,0.47,SZ000703
2081,2005-11-28,4.07,4.03,4.1,4.03,2513,757153.44,1.72,-0.98,-0.04,0.54,SZ000703
2082,2005-11-29,4.03,3.89,4.07,3.89,4986,1462205.75,4.47,-3.47,-0.14,1.07,SZ000703
2083,2005-11-30,3.9,3.91,3.91,3.8,3740,1074298.12,2.83,0.51,0.02,0.8,SZ000703
2084,2005-12-01,3.94,3.87,3.94,3.84,2532,728952.44,2.56,-1.02,-0.04,0.54,SZ000703
2085,2005-12-02,3.85,3.76,3.87,3.72,4285,1204832.5,3.88,-2.84,-0.11,0.92,SZ000703
2086,2005-12-05,3.74,3.73,3.76,3.67,2885,792476.44,2.39,-0.8,-0.03,0.62,SZ000703
2087,2005-12-06,3.68,3.81,3.86,3.68,3600,1013945.5,4.83,2.14,0.08,0.77,SZ000703
2088,2005-12-07,3.73,3.97,4.03,3.71,11263,3282999.25,8.4,4.2,0.16,2.41,SZ000703
2089,2005-12-08,3.97,3.97,4.0,3.85,6795,1991352.5,3.78,0.0,0.0,1.45,SZ000703
2090,2005-12-09,3.9,3.93,3.97,3.86,4377,1278448.88,2.77,-1.01,-0.04,0.94,SZ000703
2091,2005-12-12,3.87,3.93,3.94,3.86,3037,879617.56,2.04,0.0,0.0,0.65,SZ000703
2092,2005-12-13,3.6,3.89,3.9,3.6,2864,813256.25,7.63,-1.02,-0.04,0.61,SZ000703
2093,2005-12-14,3.86,3.9,3.93,3.78,2849,817115.19,3.86,0.26,0.01,0.61,SZ000703
2094,2005-12-15,3.84,3.85,3.97,3.84,2997,872614.0,3.33,-1.28,-0.05,0.64,SZ000703
2095,2005-12-16,3.81,3.9,3.93,3.81,1906,552416.62,3.12,1.3,0.05,0.41,SZ000703
2096,2005-12-19,3.93,4.02,4.02,3.89,5148,1511354.0,3.33,3.08,0.12,1.1,SZ000703
2097,2005-12-20,3.9,3.97,4.02,3.9,2654,784889.88,2.99,-1.24,-0.05,0.57,SZ000703
2098,2005-12-21,3.94,3.86,3.98,3.84,2300,667627.81,3.53,-2.77,-0.11,0.49,SZ000703
2099,2005-12-22,3.9,3.82,3.9,3.81,2277,649338.25,2.33,-1.04,-0.04,0.49,SZ000703
2100,2005-12-23,3.86,3.87,3.89,3.81,2716,775210.88,2.09,1.31,0.05,0.58,SZ000703
2101,2005-12-26,3.89,3.87,3.9,3.84,3498,1006956.0,1.55,0.0,0.0,0.75,SZ000703
2102,2005-12-27,3.87,3.9,3.95,3.85,4427,1285770.88,2.58,0.78,0.03,0.95,SZ000703
2103,2005-12-28,4.04,3.95,4.07,3.94,6684,1987987.75,3.33,1.28,0.05,1.43,SZ000703
2104,2005-12-29,3.95,4.03,4.2,3.91,10670,3225036.5,7.34,2.03,0.08,2.28,SZ000703
2105,2005-12-30,4.03,3.97,4.03,3.91,4458,1317104.75,2.98,-1.49,-0.06,0.95,SZ000703
2106,2006-01-04,4.02,4.03,4.08,3.94,4250,1271064.62,3.53,1.51,0.06,0.91,SZ000703
2107,2006-01-05,4.06,4.03,4.06,3.97,4998,1488349.25,2.23,0.0,0.0,1.07,SZ000703
2108,2006-01-06,4.02,4.1,4.11,3.98,8550,2578938.5,3.23,1.74,0.07,1.83,SZ000703
2109,2006-01-09,4.1,4.17,4.26,4.04,16308,5113907.5,5.37,1.71,0.07,3.49,SZ000703
2110,2006-01-10,4.13,4.39,4.42,4.11,18806,6040178.5,7.43,5.28,0.22,4.02,SZ000703
2111,2006-01-11,4.39,4.51,4.59,4.29,40899,13654290.0,6.83,2.73,0.12,8.75,SZ000703
2112,2006-01-12,4.49,4.38,4.51,4.29,12533,4094167.5,4.88,-2.88,-0.13,2.68,SZ000703
2113,2006-01-13,4.39,4.42,4.49,4.34,7575,2490748.5,3.42,0.91,0.04,1.62,SZ000703
2114,2006-01-16,4.37,4.23,4.37,4.23,10084,3200916.0,3.17,-4.3,-0.19,2.16,SZ000703
2115,2006-01-17,4.16,4.24,4.28,4.16,4145,1307299.12,2.84,0.24,0.01,0.89,SZ000703
2116,2006-01-18,4.26,4.3,4.32,4.24,6397,2043936.12,1.89,1.42,0.06,1.37,SZ000703
2117,2006-01-19,4.3,4.32,4.34,4.23,5742,1828004.0,2.56,0.47,0.02,1.23,SZ000703
2118,2006-01-20,4.29,4.24,4.29,4.21,4467,1414602.0,1.85,-1.85,-0.08,0.96,SZ000703
2119,2006-01-23,4.23,4.15,4.28,4.11,6372,1974880.75,4.01,-2.12,-0.09,1.36,SZ000703
2120,2006-01-24,4.16,4.16,4.2,4.12,4157,1287380.5,1.93,0.24,0.01,0.89,SZ000703
2121,2006-01-25,4.17,4.0,4.17,3.99,5035,1516700.5,4.33,-3.85,-0.16,1.08,SZ000703
2122,2006-02-06,3.99,4.1,4.12,3.89,3984,1204820.5,5.75,2.5,0.1,0.85,SZ000703
2123,2006-02-07,4.04,4.21,4.24,4.0,8542,2632474.5,5.85,2.68,0.11,1.83,SZ000703
2124,2006-02-08,4.21,4.25,4.25,4.16,3894,1226870.0,2.14,0.95,0.04,0.83,SZ000703
2125,2006-02-09,4.23,4.16,4.23,4.16,2979,928091.12,1.65,-2.12,-0.09,0.64,SZ000703
2126,2006-02-10,4.17,4.16,4.21,4.13,2620,814096.12,1.92,0.0,0.0,0.56,SZ000703
2127,2006-02-13,4.16,4.2,4.2,4.11,3915,1212830.75,2.16,0.96,0.04,0.84,SZ000703
2128,2006-02-14,4.19,4.21,4.24,4.15,4951,1549771.0,2.14,0.24,0.01,1.06,SZ000703
2129,2006-02-15,4.25,4.17,4.25,4.13,4239,1316278.88,2.85,-0.95,-0.04,0.91,SZ000703
2130,2006-02-16,4.16,4.07,4.19,4.06,3790,1155422.62,3.12,-2.4,-0.1,0.81,SZ000703
2131,2006-02-17,4.06,3.99,4.07,3.91,6401,1918097.25,3.93,-1.97,-0.08,1.37,SZ000703
2132,2006-02-20,4.03,4.02,4.03,3.97,2054,613136.0,1.5,0.75,0.03,0.44,SZ000703
2133,2006-02-21,4.06,4.08,4.08,3.95,2311,690435.0,3.23,1.49,0.06,0.49,SZ000703
2134,2006-02-22,4.08,4.08,4.12,4.07,3694,1125673.75,1.23,0.0,0.0,0.79,SZ000703
2135,2006-02-23,4.03,4.03,4.07,3.99,2309,692074.62,1.96,-1.23,-0.05,0.49,SZ000703
2136,2006-02-24,4.03,4.11,4.15,4.03,5957,1818903.75,2.98,1.99,0.08,1.27,SZ000703
2137,2006-02-27,4.12,4.13,4.17,4.07,4054,1246733.88,2.43,0.49,0.02,0.87,SZ000703
2138,2006-02-28,4.1,4.12,4.13,4.04,2682,816225.94,2.18,-0.24,-0.01,0.57,SZ000703
2139,2006-03-01,4.12,4.21,4.21,4.08,7466,2316196.75,3.16,2.18,0.09,1.6,SZ000703
2140,2006-03-02,4.21,4.11,4.23,4.1,4781,1477905.0,3.09,-2.38,-0.1,1.02,SZ000703
2141,2006-03-03,4.08,4.11,4.13,4.0,2495,757172.31,3.16,0.0,0.0,0.53,SZ000703
2142,2006-03-06,4.11,4.12,4.19,4.0,2969,914281.69,4.62,0.24,0.01,0.63,SZ000703
2143,2006-03-07,4.13,4.0,4.16,3.94,4042,1215354.62,5.34,-2.91,-0.12,0.86,SZ000703
2144,2006-03-08,3.97,3.95,4.03,3.94,1782,526925.69,2.25,-1.25,-0.05,0.38,SZ000703
2145,2006-03-09,3.97,3.97,4.02,3.93,1964,578396.75,2.28,0.51,0.02,0.42,SZ000703
2146,2006-03-10,3.99,3.95,3.99,3.94,1220,359384.0,1.26,-0.5,-0.02,0.26,SZ000703
2147,2006-03-13,3.99,3.98,3.99,3.93,1013,298365.38,1.52,0.76,0.03,0.22,SZ000703
2148,2006-03-14,3.97,3.95,3.99,3.89,2659,776167.12,2.51,-0.75,-0.03,0.57,SZ000703
2149,2006-03-15,3.91,3.97,3.98,3.9,2657,777882.81,2.03,0.51,0.02,0.57,SZ000703
2150,2006-03-16,3.95,3.94,3.98,3.93,2481,729901.44,1.26,-0.76,-0.03,0.53,SZ000703
2151,2006-03-17,3.99,4.03,4.11,3.98,6361,1916716.75,3.3,2.28,0.09,1.36,SZ000703
2152,2006-03-20,4.02,4.06,4.08,3.99,3630,1094356.75,2.23,0.74,0.03,0.78,SZ000703
2153,2006-03-21,4.06,4.15,4.24,4.04,8518,2644394.75,4.93,2.22,0.09,1.82,SZ000703
2154,2006-03-22,4.12,4.16,4.16,4.07,3344,1023818.81,2.17,0.24,0.01,0.72,SZ000703
2155,2006-03-23,4.12,4.23,4.28,4.11,8864,2778781.25,4.09,1.68,0.07,1.9,SZ000703
2156,2006-03-24,4.19,4.15,4.28,4.11,5939,1866571.0,4.02,-1.89,-0.08,1.27,SZ000703
2157,2006-03-27,4.16,4.16,4.2,4.08,8597,2646206.5,2.89,0.24,0.01,1.84,SZ000703
2158,2006-03-28,4.16,4.19,4.21,4.15,6157,1915573.12,1.44,0.72,0.03,1.32,SZ000703
2159,2006-03-29,4.21,4.17,4.21,4.16,5860,1827130.12,1.19,-0.48,-0.02,1.25,SZ000703
2160,2006-03-30,4.13,4.1,4.19,4.04,3411,1046742.62,3.6,-1.68,-0.07,0.73,SZ000703
2161,2006-03-31,4.08,4.13,4.16,4.04,5054,1544664.0,2.93,0.73,0.03,1.08,SZ000703
2162,2006-04-03,4.11,4.15,4.19,4.1,4746,1465352.12,2.18,0.48,0.02,1.02,SZ000703
2163,2006-04-04,4.15,4.26,4.26,4.13,8454,2661277.75,3.13,2.65,0.11,1.81,SZ000703
2164,2006-04-05,4.23,4.23,4.28,4.2,4510,1421798.0,1.88,-0.7,-0.03,0.96,SZ000703
2165,2006-04-06,4.23,4.26,4.39,4.2,14155,4546921.5,4.49,0.71,0.03,3.03,SZ000703
2166,2006-04-07,4.24,4.3,4.32,4.2,6560,2087948.75,2.82,0.94,0.04,1.4,SZ000703
2167,2006-04-10,4.32,4.46,4.51,4.28,13165,4319297.0,5.35,3.72,0.16,2.82,SZ000703
2168,2006-04-11,4.45,4.45,4.5,4.39,9968,3299664.0,2.47,-0.22,-0.01,2.13,SZ000703
2169,2006-04-12,4.45,4.54,4.56,4.37,14612,4876902.5,4.27,2.02,0.09,3.13,SZ000703
2170,2006-04-13,4.52,4.36,4.62,4.33,11994,4004534.5,6.39,-3.96,-0.18,2.57,SZ000703
2171,2006-04-14,4.3,4.42,4.45,4.23,13362,4321213.5,5.05,1.38,0.06,2.86,SZ000703
2172,2006-04-18,4.46,4.47,4.52,4.38,10095,3353764.25,3.17,1.13,0.05,2.16,SZ000703
2173,2006-04-19,4.55,4.41,4.58,4.37,11668,3870262.75,4.7,-1.34,-0.06,2.5,SZ000703
2174,2006-04-20,4.41,4.26,4.41,4.2,9128,2903679.75,4.76,-3.4,-0.15,1.95,SZ000703
2175,2006-04-21,4.2,4.19,4.24,4.13,9515,2955840.0,2.58,-1.64,-0.07,2.04,SZ000703
2176,2006-04-24,4.16,4.03,4.16,3.98,9190,2765809.5,4.3,-3.82,-0.16,1.97,SZ000703
2177,2006-04-25,4.03,4.0,4.03,3.86,6651,1955404.75,4.22,-0.74,-0.03,1.42,SZ000703
2178,2006-04-26,3.77,4.1,4.16,3.77,6887,2052599.25,9.75,2.5,0.1,1.47,SZ000703
2179,2006-04-27,4.13,4.17,4.25,4.06,8569,2665554.5,4.63,1.71,0.07,1.83,SZ000703
2180,2006-04-28,4.16,4.23,4.23,4.1,10011,3108116.0,3.12,1.44,0.06,2.14,SZ000703
2181,2006-05-08,4.21,4.29,4.29,4.17,8680,2746302.5,2.84,1.42,0.06,1.86,SZ000703
2182,2006-05-09,4.33,4.56,4.58,4.23,21841,7236805.0,8.16,6.29,0.27,4.67,SZ000703
2183,2006-05-10,4.71,4.71,4.8,4.58,36398,12764935.0,4.82,3.29,0.15,7.79,SZ000703
2184,2006-05-11,4.69,4.64,4.88,4.55,28031,9910129.0,7.01,-1.49,-0.07,6.0,SZ000703
2185,2006-05-12,4.69,4.89,4.95,4.65,19437,7029512.0,6.47,5.39,0.25,4.16,SZ000703
2186,2006-05-15,4.95,5.21,5.33,4.94,31264,11973824.0,7.98,6.54,0.32,6.69,SZ000703
2187,2006-05-16,5.2,4.8,5.2,4.77,28301,10474344.0,8.25,-7.87,-0.41,6.05,SZ000703
2188,2006-05-17,4.8,4.91,5.02,4.75,18636,6835332.5,5.63,2.29,0.11,3.99,SZ000703
2189,2006-05-18,4.89,5.2,5.28,4.77,24759,9397348.0,10.39,5.91,0.29,5.3,SZ000703
2190,2006-05-19,5.12,5.36,5.43,5.1,20951,8363642.5,6.35,3.08,0.16,4.48,SZ000703
2191,2006-05-22,5.33,5.49,5.54,5.28,21803,8888964.0,4.85,2.43,0.13,4.66,SZ000703
2192,2006-05-23,5.46,5.1,5.46,5.08,19674,7767263.0,6.92,-7.1,-0.39,4.21,SZ000703
2193,2006-05-24,5.1,5.19,5.28,4.97,18983,7294293.5,6.08,1.76,0.09,4.06,SZ000703
2194,2006-05-25,5.23,5.27,5.38,5.15,16173,6410056.5,4.43,1.54,0.08,3.46,SZ000703
2195,2006-05-26,5.34,5.53,5.59,5.27,21907,9010989.0,6.07,4.93,0.26,4.69,SZ000703
2196,2006-05-29,5.55,5.54,5.82,5.53,27697,11786057.0,5.24,0.18,0.01,5.92,SZ000703
2197,2006-05-30,5.46,5.76,5.8,5.46,20900,8901713.0,6.14,3.97,0.22,4.47,SZ000703
2198,2006-05-31,5.72,5.85,5.97,5.6,27322,11983071.0,6.42,1.56,0.09,5.84,SZ000703
2199,2006-06-01,5.79,6.4,6.42,5.72,28363,13257652.0,11.97,9.4,0.55,6.07,SZ000703
2200,2006-06-02,6.37,6.53,6.77,6.15,27833,13577617.0,9.69,2.03,0.13,5.95,SZ000703
2201,2006-06-05,6.53,6.72,6.73,6.27,19790,9721406.0,7.04,2.91,0.19,4.23,SZ000703
2202,2006-06-06,6.63,6.53,6.79,6.5,13299,6640091.0,4.32,-2.83,-0.19,2.84,SZ000703
2203,2006-06-07,6.53,5.89,6.57,5.89,20725,9614334.0,10.41,-9.8,-0.64,4.43,SZ000703
2204,2006-06-08,5.85,6.11,6.14,5.46,22222,9783307.0,11.54,3.74,0.22,4.75,SZ000703
2205,2006-06-09,6.11,5.73,6.18,5.72,16130,7268074.5,7.53,-6.22,-0.38,3.45,SZ000703
2206,2006-06-12,5.37,5.17,5.4,5.17,20436,8037115.0,4.01,-9.77,-0.56,4.37,SZ000703
2207,2006-06-13,5.03,5.07,5.32,4.95,18930,7204978.5,7.16,-1.93,-0.1,4.05,SZ000703
2208,2006-06-14,5.04,5.29,5.29,4.94,13716,5218496.0,6.9,4.34,0.22,2.93,SZ000703
2209,2006-06-15,5.21,5.2,5.41,5.15,9198,3615315.0,4.91,-1.7,-0.09,1.97,SZ000703
2210,2006-06-16,5.23,5.27,5.33,5.2,7046,2782134.25,2.5,1.35,0.07,1.51,SZ000703
2211,2006-06-19,5.27,5.33,5.45,5.21,9573,3830166.5,4.55,1.14,0.06,2.05,SZ000703
2212,2006-06-20,5.33,5.43,5.46,5.29,9670,3899044.25,3.19,1.88,0.1,2.07,SZ000703
2213,2006-06-21,5.41,5.33,5.42,5.3,7781,3116916.5,2.21,-1.84,-0.1,1.66,SZ000703
2214,2006-06-22,5.33,5.29,5.37,5.27,7030,2799977.25,1.88,-0.75,-0.04,1.5,SZ000703
2215,2006-06-23,5.28,5.28,5.3,5.17,8901,3486266.5,2.46,-0.19,-0.01,1.9,SZ000703
2216,2006-06-26,5.28,5.4,5.42,5.28,8762,3539632.75,2.65,2.27,0.12,1.87,SZ000703
2217,2006-06-27,5.43,5.37,5.45,5.28,7916,3175995.25,3.15,-0.56,-0.03,1.69,SZ000703
2218,2006-06-28,5.37,5.28,5.37,5.25,7056,2796850.25,2.23,-1.68,-0.09,1.51,SZ000703
2219,2006-06-29,5.32,5.45,5.47,5.3,13236,5359351.5,3.22,3.22,0.17,2.83,SZ000703
2220,2006-06-30,5.45,5.55,5.62,5.45,17656,7343276.0,3.12,1.83,0.1,3.78,SZ000703
2221,2006-07-03,5.59,5.59,5.59,5.47,8768,3651950.25,2.16,0.72,0.04,1.88,SZ000703
2222,2006-07-04,5.59,5.43,5.59,5.41,9994,4120562.5,3.22,-2.86,-0.16,2.14,SZ000703
2223,2006-07-05,5.45,5.33,5.45,5.27,8725,3495525.0,3.31,-1.84,-0.1,1.87,SZ000703
2224,2006-07-06,5.32,5.54,5.58,5.3,12456,5111131.0,5.25,3.94,0.21,2.66,SZ000703
2225,2006-07-07,5.56,5.85,6.02,5.46,25268,10963955.0,10.11,5.6,0.31,5.41,SZ000703
2226,2006-07-10,5.85,5.84,5.85,5.71,10116,4396981.0,2.39,-0.17,-0.01,2.16,SZ000703
2227,2006-07-11,5.85,6.14,6.36,5.81,20740,9674900.0,9.42,5.14,0.3,4.44,SZ000703
2228,2006-07-12,6.08,5.98,6.24,5.95,13521,6230656.0,4.72,-2.61,-0.16,2.89,SZ000703
2229,2006-07-13,5.98,5.4,5.98,5.4,23195,9717181.0,9.7,-9.7,-0.58,4.96,SZ000703
2230,2006-07-14,5.32,5.47,5.54,5.24,12532,5137636.0,5.56,1.3,0.07,2.68,SZ000703
2231,2006-07-17,5.43,5.69,5.76,5.42,12723,5335725.5,6.22,4.02,0.22,2.72,SZ000703
2232,2006-07-18,5.71,5.73,5.79,5.59,9898,4218680.5,3.51,0.7,0.04,2.12,SZ000703
2233,2006-07-19,5.69,5.58,5.71,5.49,9181,3870018.75,3.84,-2.62,-0.15,1.96,SZ000703
2234,2006-07-20,5.64,5.66,5.71,5.51,5893,2498901.75,3.58,1.43,0.08,1.26,SZ000703
2235,2006-07-21,5.62,5.72,5.79,5.62,7399,3177639.5,3.0,1.06,0.06,1.58,SZ000703
2236,2006-07-24,5.62,5.66,5.67,5.5,6090,2559406.75,2.97,-1.05,-0.06,1.3,SZ000703
2237,2006-07-25,5.63,5.77,5.82,5.63,9295,4008625.25,3.36,1.94,0.11,1.99,SZ000703
2238,2006-07-26,5.77,5.92,5.95,5.77,14387,6365036.0,3.12,2.6,0.15,3.08,SZ000703
2239,2006-07-27,5.92,5.76,5.93,5.71,9029,3948629.0,3.72,-2.7,-0.16,1.93,SZ000703
2240,2006-07-28,5.81,5.82,5.86,5.69,8223,3562983.25,2.95,1.04,0.06,1.76,SZ000703
2241,2006-07-31,5.73,5.46,5.81,5.46,8734,3725090.0,6.01,-6.19,-0.36,1.87,SZ000703
2242,2006-08-01,5.49,5.33,5.56,5.33,6983,2868451.75,4.21,-2.38,-0.13,1.49,SZ000703
2243,2006-08-02,5.33,5.21,5.41,5.02,8267,3246805.25,7.32,-2.25,-0.12,1.77,SZ000703
2244,2006-08-03,5.23,5.24,5.29,5.15,2784,1087627.25,2.69,0.58,0.03,0.6,SZ000703
2245,2006-08-04,5.25,5.03,5.29,5.03,5484,2109459.25,4.96,-4.01,-0.21,1.17,SZ000703
2246,2006-08-07,4.94,4.88,5.02,4.77,6460,2376137.0,4.97,-2.98,-0.15,1.38,SZ000703
2247,2006-08-08,4.88,5.04,5.06,4.88,3525,1316206.0,3.69,3.28,0.16,0.75,SZ000703
2248,2006-08-09,5.06,5.11,5.11,4.99,2210,838602.25,2.38,1.39,0.07,0.47,SZ000703
2249,2006-08-10,5.16,5.2,5.2,5.1,2513,971312.31,1.96,1.76,0.09,0.54,SZ000703
2250,2006-08-11,5.2,5.17,5.24,5.11,2767,1073548.0,2.5,-0.58,-0.03,0.59,SZ000703
2251,2006-08-14,5.11,5.07,5.16,4.97,4886,1846916.62,3.68,-1.93,-0.1,1.05,SZ000703
2252,2006-08-15,5.04,5.16,5.2,4.97,2360,904109.62,4.54,1.78,0.09,0.5,SZ000703
2253,2006-08-16,5.2,5.29,5.34,5.14,5335,2100527.0,3.88,2.52,0.13,1.14,SZ000703
2254,2006-08-17,5.2,5.33,5.37,5.2,5913,2348547.5,3.21,0.76,0.04,1.26,SZ000703
2255,2006-08-18,5.37,5.2,5.37,5.19,3517,1383719.75,3.38,-2.44,-0.13,0.75,SZ000703
2256,2006-08-21,5.1,5.29,5.3,4.93,3823,1481012.5,7.12,1.73,0.09,0.82,SZ000703
2257,2006-08-22,5.28,5.33,5.38,5.28,3378,1350912.5,1.89,0.76,0.04,0.72,SZ000703
2258,2006-08-23,5.34,5.33,5.42,5.29,6423,2581211.5,2.44,0.0,0.0,1.37,SZ000703
2259,2006-08-24,5.37,5.42,5.42,5.34,2458,995865.88,1.5,1.69,0.09,0.53,SZ000703
2260,2006-08-25,5.36,5.41,5.47,5.36,4202,1718657.75,2.03,-0.18,-0.01,0.9,SZ000703
2261,2006-09-11,5.4,5.94,5.94,5.4,42652,18961146.0,9.98,9.8,0.53,9.12,SZ000703
2262,2006-09-12,5.94,6.23,6.45,5.88,40222,18517698.0,9.6,4.88,0.29,8.6,SZ000703
2263,2006-09-13,6.16,6.15,6.33,6.03,22813,10606115.0,4.82,-1.28,-0.08,4.88,SZ000703
2264,2006-09-14,6.11,6.37,6.42,6.1,26000,12366244.0,5.2,3.58,0.22,5.56,SZ000703
2265,2006-09-15,6.24,6.31,6.36,6.18,10652,5032461.5,2.83,-0.94,-0.06,2.28,SZ000703
2266,2006-09-18,6.31,6.19,6.46,6.18,11256,5291930.0,4.44,-1.9,-0.12,2.41,SZ000703
2267,2006-09-19,6.24,6.28,6.31,6.02,10941,5056211.0,4.68,1.45,0.09,2.34,SZ000703
2268,2006-09-20,6.2,6.23,6.29,6.16,6222,2917830.0,2.07,-0.8,-0.05,1.33,SZ000703
2269,2006-09-21,6.19,6.31,6.32,6.18,8039,3794698.25,2.25,1.28,0.08,1.72,SZ000703
2270,2006-09-22,6.27,6.08,6.31,6.07,9179,4252136.5,3.8,-3.65,-0.23,1.96,SZ000703
2271,2006-10-12,6.44,6.68,6.68,6.24,23453,11528026.0,7.24,9.87,0.6,5.02,SZ000703
2272,2006-10-13,6.57,6.47,6.6,6.41,9387,4580785.0,2.84,-3.14,-0.21,2.01,SZ000703
2273,2006-10-16,6.51,6.45,6.62,6.41,6909,3404263.75,3.25,-0.31,-0.02,1.48,SZ000703
2274,2006-10-17,6.37,6.34,6.5,6.33,4381,2120249.25,2.64,-1.71,-0.11,0.94,SZ000703
2275,2006-10-18,6.34,6.37,6.44,6.32,4853,2325355.25,1.89,0.47,0.03,1.04,SZ000703
2276,2006-10-19,6.37,6.29,6.4,6.27,7275,3460091.25,2.04,-1.26,-0.08,1.56,SZ000703
2277,2006-10-20,6.29,6.18,6.32,6.14,7653,3599244.5,2.86,-1.75,-0.11,1.64,SZ000703
2278,2006-11-24,4.45,5.01,5.27,4.45,25013,9450000.0,13.27,-18.93,-1.17,4.21,SZ000703
2279,2006-11-27,4.95,5.01,5.11,4.78,13474,4961391.5,6.59,0.0,0.0,2.27,SZ000703
2280,2006-11-28,5.01,4.95,5.08,4.94,6954,2595437.0,2.79,-1.2,-0.06,1.17,SZ000703
2281,2006-11-29,4.88,4.88,4.95,4.81,9726,3560672.0,2.83,-1.41,-0.07,1.64,SZ000703
2282,2006-11-30,4.89,4.94,5.01,4.85,11288,4159823.75,3.28,1.23,0.06,1.9,SZ000703
2283,2006-12-01,4.94,5.03,5.04,4.89,13888,5169425.0,3.04,1.82,0.09,2.34,SZ000703
2284,2006-12-04,5.03,5.2,5.27,4.94,19754,7571410.5,6.56,3.38,0.17,3.32,SZ000703
2285,2006-12-05,5.2,5.12,5.2,5.07,15808,6084642.5,2.5,-1.54,-0.08,2.66,SZ000703
2286,2006-12-06,5.12,5.45,5.62,5.04,34145,13494156.0,11.33,6.45,0.33,5.75,SZ000703
2287,2006-12-07,5.4,5.47,5.62,5.21,30925,12798717.0,7.52,0.37,0.02,5.2,SZ000703
2288,2006-12-08,5.43,5.42,5.64,5.27,23690,9781848.0,6.76,-0.91,-0.05,3.99,SZ000703
2289,2006-12-11,5.33,5.45,5.53,5.33,9366,3810333.5,3.69,0.55,0.03,1.58,SZ000703
2290,2006-12-12,5.46,5.45,5.56,5.37,9738,3977121.25,3.49,0.0,0.0,1.64,SZ000703
2291,2006-12-13,5.46,5.36,5.53,5.29,8509,3420320.25,4.4,-1.65,-0.09,1.43,SZ000703
2292,2006-12-14,5.36,5.12,5.36,5.07,22697,8807505.0,5.41,-4.48,-0.24,3.82,SZ000703
2293,2006-12-15,5.08,5.15,5.17,5.07,8488,3265631.5,1.95,0.59,0.03,1.43,SZ000703
2294,2006-12-18,5.16,5.14,5.23,5.08,10049,3863108.25,2.91,-0.19,-0.01,1.69,SZ000703
2295,2006-12-19,5.11,5.16,5.17,4.97,16634,6311344.5,3.89,0.39,0.02,2.8,SZ000703
2296,2006-12-20,5.14,5.27,5.3,5.11,13904,5458615.0,3.68,2.13,0.11,2.34,SZ000703
2297,2006-12-21,5.24,5.3,5.41,5.23,15527,6209959.0,3.42,0.57,0.03,2.61,SZ000703
2298,2006-12-22,5.24,5.41,5.42,5.23,13531,5451889.0,3.58,2.08,0.11,2.28,SZ000703
2299,2006-12-25,5.42,5.49,5.53,5.34,13494,5495867.0,3.51,1.48,0.08,2.27,SZ000703
2300,2006-12-26,5.49,5.33,5.49,5.28,13308,5357564.5,3.83,-2.91,-0.16,2.24,SZ000703
2301,2006-12-27,5.33,5.4,5.4,5.2,14035,5562080.5,3.75,1.31,0.07,2.36,SZ000703
2302,2006-12-28,5.42,5.37,5.46,5.25,13438,5383977.0,3.89,-0.56,-0.03,2.26,SZ000703
2303,2006-12-29,5.37,5.42,5.45,5.24,24906,10114595.0,3.91,0.93,0.05,4.19,SZ000703
2304,2007-01-04,5.59,5.62,5.81,5.37,58029,23959248.0,8.12,3.69,0.2,9.76,SZ000703
2305,2007-01-05,5.62,5.56,5.62,5.43,18209,7522820.0,3.38,-1.07,-0.06,3.06,SZ000703
2306,2007-01-08,5.56,5.81,5.84,5.49,27080,11478511.0,6.29,4.5,0.25,4.56,SZ000703
2307,2007-01-09,5.72,5.84,5.93,5.72,23332,10231556.0,3.61,0.52,0.03,3.93,SZ000703
2308,2007-01-10,5.79,5.86,5.86,5.63,19304,8352500.5,3.94,0.34,0.02,3.25,SZ000703
2309,2007-01-11,5.86,5.81,6.03,5.75,23099,10236095.0,4.78,-0.85,-0.05,3.89,SZ000703
2310,2007-01-12,5.75,5.5,5.93,5.49,16129,6949008.5,7.57,-5.34,-0.31,2.71,SZ000703
2311,2007-01-15,5.49,5.67,5.67,5.49,13678,5770992.5,3.27,3.09,0.17,2.3,SZ000703
2312,2007-01-16,5.69,5.92,5.94,5.62,28519,12441552.0,5.64,4.41,0.25,4.8,SZ000703
2313,2007-01-17,5.92,5.89,6.08,5.81,36942,16517719.0,4.56,-0.51,-0.03,6.22,SZ000703
2314,2007-01-18,5.82,6.05,6.08,5.56,55261,24094436.0,8.83,2.72,0.16,9.3,SZ000703
2315,2007-01-19,5.99,6.33,6.34,5.98,46955,21909800.0,5.95,4.63,0.28,7.9,SZ000703
2316,2007-01-22,6.58,6.73,6.88,6.34,81180,39804824.0,8.53,6.32,0.4,13.66,SZ000703
2317,2007-01-23,6.67,6.62,6.67,6.49,39687,19595320.0,2.67,-1.63,-0.11,6.68,SZ000703
2318,2007-01-24,6.62,6.62,6.73,6.5,27318,13582215.0,3.47,0.0,0.0,4.6,SZ000703
2319,2007-01-25,6.51,6.37,6.57,6.34,21752,10499541.0,3.47,-3.78,-0.25,3.66,SZ000703
2320,2007-01-26,6.31,6.31,6.34,6.02,19966,9318544.0,5.02,-0.94,-0.06,3.36,SZ000703
2321,2007-01-29,6.31,6.53,6.54,6.31,13159,6405197.0,3.65,3.49,0.22,2.21,SZ000703
2322,2007-01-30,6.53,6.54,6.63,6.45,16355,8071966.0,2.76,0.15,0.01,2.75,SZ000703
2323,2007-01-31,6.47,6.1,6.58,5.92,18156,8565637.0,10.09,-6.73,-0.44,3.05,SZ000703
2324,2007-02-01,5.92,6.27,6.31,5.92,16537,7748251.0,6.39,2.79,0.17,2.78,SZ000703
2325,2007-02-02,6.25,6.16,6.29,6.15,9583,4477246.5,2.23,-1.75,-0.11,1.61,SZ000703
2326,2007-02-05,6.16,6.28,6.4,6.11,7714,3632498.25,4.71,1.95,0.12,1.3,SZ000703
2327,2007-02-06,6.31,6.46,6.46,6.23,7480,3600043.0,3.66,2.87,0.18,1.26,SZ000703
2328,2007-02-07,6.5,6.46,6.58,6.31,11206,5469230.5,4.18,0.0,0.0,1.89,SZ000703
2329,2007-02-08,6.49,6.49,6.51,6.37,10169,4950232.5,2.17,0.46,0.03,1.71,SZ000703
2330,2007-02-09,6.49,6.51,6.53,6.37,11197,5446908.5,2.47,0.31,0.02,1.88,SZ000703
2331,2007-02-12,6.57,6.68,6.73,6.5,14797,7403367.5,3.53,2.61,0.17,2.49,SZ000703
2332,2007-02-13,6.71,6.63,6.71,6.55,11590,5786732.0,2.4,-0.75,-0.05,1.95,SZ000703
2333,2007-02-14,6.63,6.76,6.83,6.63,14408,7343185.0,3.02,1.96,0.13,2.42,SZ000703
2334,2007-02-15,6.77,7.03,7.03,6.71,17546,9189105.0,4.73,3.99,0.27,2.95,SZ000703
2335,2007-02-16,7.12,7.09,7.18,6.97,14370,7682911.5,2.99,0.85,0.06,2.42,SZ000703
2336,2007-02-26,7.1,7.62,7.71,7.09,16888,9578774.0,8.74,7.48,0.53,2.84,SZ000703
2337,2007-02-27,7.64,6.97,8.06,6.97,29884,17221538.0,14.3,-8.53,-0.65,5.03,SZ000703
2338,2007-02-28,6.9,7.66,7.66,6.9,25540,14278628.0,10.9,9.9,0.69,4.3,SZ000703
2339,2007-03-01,8.06,8.01,8.18,7.67,36591,21999318.0,6.66,4.57,0.35,6.16,SZ000703
2340,2007-03-02,8.33,8.26,8.55,8.16,35904,22638172.0,4.87,3.12,0.25,6.04,SZ000703
2341,2007-03-05,8.44,8.18,8.44,7.8,26449,16337059.0,7.75,-0.97,-0.08,4.45,SZ000703
2342,2007-03-06,8.09,7.98,8.13,7.81,19585,11803516.0,3.91,-2.44,-0.2,3.3,SZ000703
2343,2007-03-07,8.03,8.1,8.16,8.01,12158,7444383.0,1.88,1.5,0.12,2.05,SZ000703
2344,2007-03-08,8.1,8.44,8.44,8.1,22091,13912868.0,4.2,4.2,0.34,3.72,SZ000703
2345,2007-03-09,8.4,9.02,9.22,8.32,39102,26030982.0,10.66,6.87,0.58,6.58,SZ000703
2346,2007-03-12,9.01,9.5,9.75,8.91,27781,19714122.0,9.31,5.32,0.48,4.67,SZ000703
2347,2007-03-13,9.46,9.32,9.59,9.23,28301,20078090.0,3.79,-1.89,-0.18,4.76,SZ000703
2348,2007-03-14,9.2,9.45,9.56,9.02,27794,19554956.0,5.79,1.39,0.13,4.68,SZ000703
2349,2007-03-15,9.45,9.75,10.06,9.43,22544,16806678.0,6.67,3.17,0.3,3.79,SZ000703
2350,2007-03-16,9.76,9.4,9.96,9.27,24013,17514814.0,7.08,-3.59,-0.35,4.04,SZ000703
2351,2007-03-19,9.1,9.48,9.61,9.04,15736,11248067.0,6.06,0.85,0.08,2.65,SZ000703
2352,2007-03-20,9.49,9.74,9.75,9.48,14819,10843805.0,2.85,2.74,0.26,2.49,SZ000703
2353,2007-03-21,9.87,9.95,9.95,9.65,17406,13036754.0,3.08,2.16,0.21,2.93,SZ000703
2354,2007-03-22,9.95,10.05,10.34,9.95,24159,18563546.0,3.92,1.01,0.1,4.06,SZ000703
2355,2007-03-26,11.04,11.04,11.04,10.92,31378,26315954.0,1.19,9.85,0.99,5.28,SZ000703
2356,2007-03-27,11.26,11.23,11.43,11.06,49985,42625596.0,3.35,1.72,0.19,8.41,SZ000703
2357,2007-03-28,11.25,12.34,12.34,11.19,68742,63333304.0,10.24,9.88,1.11,11.57,SZ000703
2358,2007-03-29,12.36,11.8,12.43,11.43,48254,43439896.0,8.1,-4.38,-0.54,8.12,SZ000703
2359,2007-03-30,11.58,11.64,12.07,11.25,30205,19795048.0,6.95,-1.36,-0.16,3.76,SZ000703
2360,2007-04-02,11.67,12.48,12.53,11.67,63890,43815148.0,7.39,7.22,0.84,7.96,SZ000703
2361,2007-04-03,12.55,12.29,12.55,12.11,44703,30862478.0,3.53,-1.52,-0.19,5.57,SZ000703
2362,2007-04-04,12.29,12.99,13.23,12.04,65499,46926352.0,9.68,5.7,0.7,8.16,SZ000703
2363,2007-04-05,12.99,13.25,13.43,12.81,48184,35772424.0,4.77,2.0,0.26,6.01,SZ000703
2364,2007-04-06,13.29,14.32,14.48,13.07,66881,52823192.0,10.64,8.08,1.07,8.34,SZ000703
2365,2007-04-09,14.34,14.29,14.57,14.13,75471,60719816.0,3.07,-0.21,-0.03,9.41,SZ000703
2366,2007-04-10,14.3,14.15,14.43,13.62,48265,38193936.0,5.67,-0.98,-0.14,6.02,SZ000703
2367,2007-04-11,14.13,14.09,14.34,13.69,41976,33085236.0,4.59,-0.42,-0.06,5.23,SZ000703
2368,2007-04-12,14.04,14.32,14.48,13.78,61328,48478596.0,4.97,1.63,0.23,7.64,SZ000703
2369,2007-04-13,14.3,14.51,15.09,13.86,111339,90124240.0,8.59,1.33,0.19,13.88,SZ000703
2370,2007-04-16,14.48,14.86,15.27,14.39,126376,105817360.0,6.06,2.41,0.35,15.75,SZ000703
2371,2007-04-17,14.88,14.65,14.88,14.18,99126,80926416.0,4.71,-1.41,-0.21,12.35,SZ000703
2372,2007-04-18,14.67,15.09,15.18,14.39,131440,110233816.0,5.39,3.0,0.44,16.38,SZ000703
2373,2007-04-19,15.16,14.0,15.53,13.6,100152,83811240.0,12.79,-7.22,-1.09,12.48,SZ000703
2374,2007-04-20,14.02,14.53,14.74,14.02,72386,58949508.0,5.14,3.79,0.53,9.02,SZ000703
2375,2007-04-23,14.57,15.01,15.13,14.57,81537,68362960.0,3.85,3.3,0.48,10.16,SZ000703
2376,2007-04-24,14.97,15.3,15.88,14.85,133115,115382168.0,6.86,1.93,0.29,16.59,SZ000703
2377,2007-04-25,15.09,14.92,15.3,14.22,64352,54113092.0,7.06,-2.48,-0.38,8.02,SZ000703
2378,2007-04-26,14.88,15.32,15.58,14.57,74586,64130008.0,6.77,2.68,0.4,9.3,SZ000703
2379,2007-04-27,15.53,15.55,15.95,15.09,110042,96457592.0,5.61,1.5,0.23,13.72,SZ000703
2380,2007-04-30,15.62,16.16,16.44,15.29,167308,150018720.0,7.4,3.92,0.61,20.85,SZ000703
2381,2007-05-08,16.5,16.3,16.85,16.22,124362,116131480.0,3.9,0.87,0.14,15.5,SZ000703
2382,2007-05-09,16.3,16.69,16.74,15.53,112929,102433088.0,7.42,2.39,0.39,14.07,SZ000703
2383,2007-05-10,16.67,16.48,16.95,16.32,105467,98685496.0,3.77,-1.26,-0.21,13.14,SZ000703
2384,2007-05-11,16.48,16.08,16.48,15.8,70825,63765568.0,4.13,-2.43,-0.4,8.83,SZ000703
2385,2007-05-14,15.99,15.97,16.2,15.62,66332,59606036.0,3.61,-0.68,-0.11,8.27,SZ000703
2386,2007-05-15,16.13,15.08,16.32,15.02,62408,55378456.0,8.14,-5.57,-0.89,7.78,SZ000703
2387,2007-05-16,14.97,15.53,15.6,14.48,45344,38283676.0,7.43,2.98,0.45,5.65,SZ000703
2388,2007-05-17,15.44,15.62,15.94,15.29,64642,56911316.0,4.19,0.58,0.09,8.06,SZ000703
2389,2007-05-18,15.65,15.71,16.15,15.41,66097,58851028.0,4.74,0.58,0.09,8.24,SZ000703
2390,2007-05-21,15.01,16.2,16.32,14.83,87304,78457392.0,9.48,3.12,0.49,10.88,SZ000703
2391,2007-05-22,16.43,16.55,16.81,16.13,134117,125227976.0,4.2,2.16,0.35,16.72,SZ000703
2392,2007-05-23,16.99,16.95,17.2,16.51,113667,108597752.0,4.17,2.42,0.4,14.17,SZ000703
2393,2007-05-24,16.99,17.78,17.9,16.6,174719,170396176.0,7.67,4.9,0.83,21.78,SZ000703
2394,2007-05-25,17.64,17.57,17.9,17.02,104298,103706528.0,4.95,-1.18,-0.21,13.0,SZ000703
2395,2007-05-28,17.73,18.43,18.52,17.6,140591,141602416.0,5.24,4.89,0.86,17.52,SZ000703
2396,2007-05-29,18.95,18.78,19.41,18.43,170206,181900720.0,5.32,1.9,0.35,21.21,SZ000703
2397,2007-05-30,17.64,16.92,18.78,16.92,89497,88464384.0,9.9,-9.9,-1.86,11.15,SZ000703
2398,2007-05-31,16.16,15.25,16.57,15.25,83884,72731280.0,7.8,-9.87,-1.67,10.45,SZ000703
2399,2007-06-01,15.06,13.74,15.25,13.74,60884,48589884.0,9.9,-9.9,-1.51,7.59,SZ000703
2400,2007-06-04,12.9,12.39,13.3,12.39,23554,16597374.0,6.62,-9.83,-1.35,2.94,SZ000703
2401,2007-06-05,11.18,11.16,11.85,11.16,92312,58356840.0,5.57,-9.93,-1.23,11.51,SZ000703
2402,2007-06-06,11.86,12.27,12.27,11.67,83098,56114748.0,5.38,9.95,1.11,10.36,SZ000703
2403,2007-06-07,12.67,13.48,13.48,12.64,93560,69664664.0,6.85,9.86,1.21,11.66,SZ000703
2404,2007-06-08,14.15,13.76,14.74,13.6,133208,105524576.0,8.46,2.08,0.28,16.6,SZ000703
2405,2007-06-11,13.97,13.57,14.18,13.34,68159,52096268.0,6.1,-1.38,-0.19,8.5,SZ000703
2406,2007-06-12,13.53,14.9,14.9,13.34,103385,83500048.0,11.5,9.8,1.33,12.89,SZ000703
2407,2007-06-13,15.06,15.04,15.44,14.58,101420,85693800.0,5.77,0.94,0.14,12.64,SZ000703
2408,2007-06-14,14.88,14.88,15.67,14.22,62456,52648812.0,9.64,-1.06,-0.16,7.78,SZ000703
2409,2007-06-15,14.5,14.48,15.01,14.22,39216,32068114.0,5.31,-2.69,-0.4,4.89,SZ000703
2410,2007-06-18,15.09,15.92,15.92,15.02,73412,64690448.0,6.22,9.94,1.44,9.15,SZ000703
2411,2007-06-19,16.67,16.09,16.67,15.8,99175,90490984.0,5.46,1.07,0.17,12.36,SZ000703
2412,2007-06-20,16.09,15.09,16.11,14.74,56764,49945608.0,8.51,-6.22,-1.0,7.07,SZ000703
2413,2007-06-21,14.74,15.06,15.41,14.43,43135,36053196.0,6.49,-0.2,-0.03,5.38,SZ000703
2414,2007-06-22,14.95,13.72,15.23,13.57,42327,33704164.0,11.02,-8.9,-1.34,5.28,SZ000703
2415,2007-06-25,13.93,14.27,14.64,12.81,79245,62954516.0,13.34,4.01,0.55,9.88,SZ000703
2416,2007-06-26,13.86,14.74,14.74,13.0,64316,50614272.0,12.19,3.29,0.47,8.02,SZ000703
2417,2007-06-27,15.01,15.44,15.71,14.94,109666,94716528.0,5.22,4.75,0.7,13.67,SZ000703
2418,2007-06-28,15.34,13.92,15.34,13.92,53286,43777524.0,9.2,-9.84,-1.52,6.64,SZ000703
2419,2007-06-29,13.09,12.57,13.34,12.55,47685,34402584.0,5.68,-9.7,-1.35,5.94,SZ000703
2420,2007-07-02,12.11,12.64,12.74,11.78,29957,20670558.0,7.64,0.56,0.07,3.73,SZ000703
2421,2007-07-03,12.74,12.5,12.81,11.99,24079,16951158.0,6.49,-1.11,-0.14,3.0,SZ000703
2422,2007-07-04,12.5,11.55,12.6,11.43,19540,13231078.0,9.36,-7.6,-0.95,2.44,SZ000703
2423,2007-07-05,11.23,10.49,11.34,10.44,33362,19976910.0,7.79,-9.18,-1.06,4.16,SZ000703
2424,2007-07-06,10.49,11.28,11.35,10.04,34808,21035206.0,12.49,7.53,0.79,4.34,SZ000703
2425,2007-07-09,11.41,11.64,11.72,10.93,42092,26797734.0,7.0,3.19,0.36,5.25,SZ000703
2426,2007-07-10,10.71,10.62,11.16,10.49,72948,43778220.0,5.76,-8.76,-1.02,9.09,SZ000703
2427,2007-07-11,10.48,10.74,10.88,10.27,33413,19903782.0,5.74,1.13,0.12,4.16,SZ000703
2428,2007-07-12,10.74,10.53,10.79,10.39,26992,15885333.0,3.72,-1.96,-0.21,3.36,SZ000703
2429,2007-07-13,10.51,10.23,10.51,10.13,23523,13527653.0,3.61,-2.85,-0.3,2.93,SZ000703
2430,2007-07-16,10.2,10.25,10.42,10.04,19128,10972374.0,3.71,0.2,0.02,2.38,SZ000703
2431,2007-07-17,10.16,10.44,10.67,10.09,21190,12488923.0,5.66,1.85,0.19,2.64,SZ000703
2432,2007-07-18,10.44,10.49,10.62,10.32,16505,9695226.0,2.87,0.48,0.05,2.06,SZ000703
2433,2007-07-19,10.3,10.51,10.55,10.23,16819,9835989.0,3.05,0.19,0.02,2.1,SZ000703
2434,2007-07-20,10.51,11.2,11.35,10.51,35431,21703508.0,7.99,6.57,0.69,4.42,SZ000703
2435,2007-07-23,11.2,11.58,11.71,11.06,43068,27641604.0,5.8,3.39,0.38,5.37,SZ000703
2436,2007-07-24,11.6,11.5,11.95,11.37,41088,26998930.0,5.01,-0.69,-0.08,5.12,SZ000703
2437,2007-07-25,11.43,11.92,12.0,11.43,25035,16556997.0,4.96,3.65,0.42,3.12,SZ000703
2438,2007-07-26,11.93,12.34,12.64,11.9,31773,21934744.0,6.21,3.52,0.42,3.96,SZ000703
2439,2007-07-27,12.25,12.46,12.51,11.93,26671,18501612.0,4.7,0.97,0.12,3.32,SZ000703
2440,2007-07-30,12.43,12.95,13.29,12.41,35448,25916416.0,7.06,3.93,0.49,4.42,SZ000703
2441,2007-07-31,12.83,13.13,13.23,12.64,27370,19935706.0,4.56,1.39,0.18,3.41,SZ000703
2442,2007-08-01,13.13,12.3,13.18,12.25,34645,24866034.0,7.08,-6.32,-0.83,4.32,SZ000703
2443,2007-08-02,12.16,13.06,13.11,12.16,27531,19572982.0,7.72,6.18,0.76,3.43,SZ000703
2444,2007-08-03,13.04,12.97,13.25,12.92,32552,23981928.0,2.53,-0.69,-0.09,4.06,SZ000703
2445,2007-08-06,12.99,13.72,13.97,12.99,39043,30041418.0,7.56,5.78,0.75,4.87,SZ000703
2446,2007-08-07,13.71,15.08,15.08,13.62,72418,59950232.0,10.64,9.91,1.36,9.03,SZ000703
2447,2007-08-08,15.01,14.22,15.01,14.04,38309,31176616.0,6.43,-5.7,-0.86,4.77,SZ000703
2448,2007-08-09,14.22,15.16,15.62,13.99,48564,40890976.0,11.46,6.61,0.94,6.05,SZ000703
2449,2007-08-10,14.76,15.16,15.62,14.76,40819,35061120.0,5.67,0.0,0.0,5.09,SZ000703
2450,2007-08-13,15.08,14.9,15.62,14.22,34652,29621980.0,9.23,-1.72,-0.26,4.32,SZ000703
2451,2007-08-14,14.85,14.55,15.08,14.39,19845,16390172.0,4.63,-2.35,-0.35,2.47,SZ000703
2452,2007-08-15,14.53,15.99,15.99,13.85,61995,53463848.0,14.71,9.9,1.44,7.73,SZ000703
2453,2007-08-16,15.62,15.97,16.76,15.32,74484,68445344.0,9.01,-0.13,-0.02,9.28,SZ000703
2454,2007-08-17,15.97,16.25,16.94,15.72,45103,41925760.0,7.64,1.75,0.28,5.62,SZ000703
2455,2007-08-20,16.32,17.08,17.6,16.32,52094,50458024.0,7.88,5.11,0.83,6.49,SZ000703
2456,2007-08-21,17.22,18.76,18.76,17.22,79416,82395648.0,9.02,9.84,1.68,9.9,SZ000703
2457,2007-08-22,18.25,19.38,20.36,18.25,114044,124418880.0,11.25,3.3,0.62,14.21,SZ000703
2458,2007-08-23,19.46,19.45,19.9,18.78,55646,60441920.0,5.78,0.36,0.07,6.94,SZ000703
2459,2007-08-24,19.31,21.38,21.38,19.04,90698,108119664.0,12.03,9.92,1.93,11.3,SZ000703
2460,2007-08-27,21.38,21.06,22.11,20.36,88814,107677728.0,8.19,-1.5,-0.32,11.07,SZ000703
2461,2007-08-28,20.41,21.15,21.97,19.48,60305,70083968.0,11.82,0.43,0.09,7.52,SZ000703
2462,2007-08-29,20.36,21.39,22.1,20.27,50157,60506688.0,8.65,1.13,0.24,6.25,SZ000703
2463,2007-08-30,21.59,21.18,21.76,20.73,42478,50617904.0,4.82,-0.98,-0.21,5.29,SZ000703
2464,2007-09-03,21.69,21.32,22.97,21.25,78113,97608464.0,8.12,0.66,0.14,9.74,SZ000703
2465,2007-09-04,21.27,20.8,21.5,20.53,42218,50062368.0,4.55,-2.44,-0.52,5.26,SZ000703
2466,2007-09-05,21.01,21.01,21.38,20.15,42490,50038500.0,5.91,1.01,0.21,5.3,SZ000703
2467,2007-09-06,21.02,23.1,23.1,20.76,80474,101515096.0,11.14,9.95,2.09,10.03,SZ000703
2468,2007-09-07,23.18,23.43,25.08,23.17,103928,141566128.0,8.27,1.43,0.33,12.95,SZ000703
2469,2007-09-10,23.31,24.83,25.04,22.43,61701,84864288.0,11.14,5.98,1.4,7.69,SZ000703
2470,2007-09-11,25.08,22.67,25.31,22.67,43104,59010368.0,10.63,-8.7,-2.16,5.37,SZ000703
2471,2007-09-12,22.11,23.15,23.76,21.67,39420,50869088.0,9.22,2.12,0.48,4.91,SZ000703
2472,2007-09-13,23.64,23.97,24.36,22.73,43681,58893088.0,7.04,3.54,0.82,5.44,SZ000703
2473,2007-09-14,23.97,23.52,24.22,23.01,24557,32574720.0,5.05,-1.88,-0.45,3.06,SZ000703
2474,2007-09-17,23.48,23.66,24.39,23.01,26606,35861560.0,5.87,0.6,0.14,3.32,SZ000703
2475,2007-09-18,23.34,22.99,24.03,22.11,36012,46583696.0,8.11,-2.83,-0.67,4.49,SZ000703
2476,2007-09-19,22.92,21.76,22.92,21.41,31175,38656088.0,6.57,-5.35,-1.23,3.89,SZ000703
2477,2007-09-20,21.76,21.94,22.27,21.5,18944,23395402.0,3.54,0.83,0.18,2.36,SZ000703
2478,2007-09-21,21.94,24.11,24.11,21.24,50693,66757900.0,13.08,9.89,2.17,6.32,SZ000703
2479,2007-09-24,24.9,26.43,26.5,24.53,97418,144648400.0,8.17,9.62,2.32,12.14,SZ000703
2480,2007-09-25,26.64,24.43,26.92,24.13,58320,83253576.0,10.56,-7.57,-2.0,7.27,SZ000703
2481,2007-09-26,24.34,25.03,26.5,23.78,42999,60522916.0,11.13,2.46,0.6,5.36,SZ000703
2482,2007-09-27,24.99,25.08,25.8,24.5,19399,27586282.0,5.19,0.2,0.05,2.42,SZ000703
2483,2007-09-28,25.1,25.03,25.43,24.73,29188,41440684.0,2.79,-0.2,-0.05,3.64,SZ000703
2484,2007-10-08,25.27,24.38,25.38,24.06,20260,28088404.0,5.27,-2.6,-0.65,2.53,SZ000703
2485,2007-10-09,24.38,24.75,25.1,23.87,20933,29167108.0,5.05,1.52,0.37,2.61,SZ000703
2486,2007-10-10,24.92,24.39,25.1,24.36,18441,25768340.0,2.99,-1.45,-0.36,2.3,SZ000703
2487,2007-10-11,24.89,23.78,24.89,23.25,20900,28136858.0,6.72,-2.5,-0.61,2.6,SZ000703
2488,2007-10-12,23.8,21.74,23.87,21.43,29074,36479640.0,10.26,-8.58,-2.04,3.62,SZ000703
2489,2007-10-15,22.03,21.11,22.25,20.48,26916,32106078.0,8.14,-2.9,-0.63,3.35,SZ000703
2490,2007-10-16,21.24,21.96,22.17,19.87,36053,42325904.0,10.9,4.03,0.85,4.49,SZ000703
2491,2007-10-17,21.96,22.15,22.82,21.25,18791,23639040.0,7.15,0.87,0.19,2.34,SZ000703
2492,2007-10-18,22.17,21.59,22.66,21.36,15129,18721534.0,5.87,-2.53,-0.56,1.89,SZ000703
2493,2007-10-19,21.24,22.11,22.6,21.24,16791,20825630.0,6.3,2.41,0.52,2.09,SZ000703
2494,2007-10-22,22.99,21.64,23.18,21.24,24332,30388734.0,8.77,-2.13,-0.47,3.03,SZ000703
2495,2007-10-23,21.64,20.5,21.64,19.5,26442,30122918.0,9.89,-5.27,-1.14,3.3,SZ000703
2496,2007-10-24,20.36,19.48,20.85,19.48,15123,16876092.0,6.68,-4.98,-1.02,1.88,SZ000703
2497,2007-10-25,19.48,17.55,19.48,17.55,23472,23938668.0,9.91,-9.91,-1.93,2.93,SZ000703
2498,2007-10-26,17.53,18.39,18.69,17.04,15121,15413734.0,9.4,4.79,0.84,1.88,SZ000703
2499,2007-10-29,18.78,17.87,18.92,17.55,8089,8275073.5,7.45,-2.83,-0.52,1.01,SZ000703
2500,2007-10-30,17.9,18.69,18.87,17.2,10868,11071054.0,9.35,4.59,0.82,1.35,SZ000703
2501,2007-10-31,18.71,20.55,20.55,18.43,30757,34600528.0,11.34,9.95,1.86,3.83,SZ000703
2502,2007-11-01,21.01,20.8,21.85,20.27,32999,39130544.0,7.69,1.22,0.25,4.11,SZ000703
2503,2007-11-02,20.69,21.24,22.11,20.16,28807,34926352.0,9.38,2.12,0.44,3.59,SZ000703
2504,2007-11-05,21.32,20.36,21.39,20.18,18442,21468758.0,5.7,-4.14,-0.88,2.3,SZ000703
2505,2007-11-06,20.36,20.02,20.99,20.02,13612,15697568.0,4.76,-1.67,-0.34,1.7,SZ000703
2506,2007-11-07,20.18,19.31,20.62,18.64,17275,18852820.0,9.89,-3.55,-0.71,2.15,SZ000703
2507,2007-11-09,17.74,20.34,20.71,17.74,30248,34224504.0,15.38,5.33,1.03,3.77,SZ000703
2508,2007-11-12,19.69,20.29,20.62,19.32,11385,12868310.0,6.39,-0.25,-0.05,1.42,SZ000703
2509,2007-11-13,20.71,20.92,21.24,19.76,19756,23077468.0,7.29,3.1,0.63,2.46,SZ000703
2510,2007-11-14,20.92,21.59,21.78,20.59,15277,18448380.0,5.69,3.2,0.67,1.9,SZ000703
2511,2007-11-15,21.76,21.22,22.04,20.9,12650,15418901.0,5.28,-1.71,-0.37,1.58,SZ000703
2512,2007-11-16,20.22,20.66,21.55,20.11,6758,7899623.5,6.79,-2.64,-0.56,0.84,SZ000703
2513,2007-11-19,20.53,19.71,20.53,19.5,23536,26320628.0,4.99,-4.6,-0.95,2.93,SZ000703
2514,2007-11-20,19.62,19.94,20.11,19.27,13975,15602189.0,4.26,1.17,0.23,1.74,SZ000703
2515,2007-11-21,20.01,19.13,20.06,18.95,23853,26114028.0,5.57,-4.06,-0.81,2.97,SZ000703
2516,2007-11-22,19.09,18.78,19.22,17.74,32238,33281932.0,7.74,-1.83,-0.35,4.02,SZ000703
2517,2007-11-23,18.3,17.85,18.55,17.55,18047,18228218.0,5.32,-4.95,-0.93,2.25,SZ000703
2518,2007-11-26,17.97,17.11,18.43,17.09,23213,23186042.0,7.51,-4.15,-0.74,2.89,SZ000703
2519,2007-11-27,17.16,15.95,17.5,15.76,32717,29958410.0,10.17,-6.78,-1.16,4.08,SZ000703
2520,2007-11-28,16.09,15.08,16.23,14.88,26858,23427682.0,8.46,-5.45,-0.87,3.35,SZ000703
2521,2007-11-29,15.41,15.58,15.87,14.95,24479,21342216.0,6.1,3.32,0.5,3.05,SZ000703
2522,2007-11-30,15.27,15.3,15.72,15.13,16964,14691244.0,3.79,-1.8,-0.28,1.54,SZ000703
2523,2007-12-03,15.08,15.69,16.08,15.08,21265,18754828.0,6.54,2.55,0.39,1.92,SZ000703
2524,2007-12-04,15.8,15.23,15.95,14.88,45756,39251980.0,6.82,-2.93,-0.46,4.14,SZ000703
2525,2007-12-05,15.2,15.67,15.71,14.92,42418,36707832.0,5.19,2.89,0.44,3.84,SZ000703
2526,2007-12-06,15.65,16.01,16.15,15.5,33254,29767672.0,4.15,2.17,0.34,3.01,SZ000703
2527,2007-12-07,15.97,16.22,16.48,15.97,35246,32129386.0,3.19,1.31,0.21,3.19,SZ000703
2528,2007-12-10,15.97,16.55,16.67,15.81,36680,33965172.0,5.3,2.03,0.33,3.32,SZ000703
2529,2007-12-11,16.83,16.65,16.85,16.36,29978,28029720.0,2.96,0.6,0.1,2.71,SZ000703
2530,2007-12-12,16.53,16.53,16.71,16.32,23994,22360572.0,2.34,-0.72,-0.12,2.17,SZ000703
2531,2007-12-13,16.48,15.64,16.74,15.64,29128,26815424.0,6.65,-5.38,-0.89,2.64,SZ000703
2532,2007-12-14,15.5,16.39,16.5,15.41,23621,21354212.0,6.97,4.8,0.75,2.14,SZ000703
2533,2007-12-18,16.32,15.72,16.32,15.58,26529,23572884.0,4.51,-4.09,-0.67,2.4,SZ000703
2534,2007-12-19,15.74,16.43,16.44,15.74,42578,38817040.0,4.45,4.52,0.71,3.85,SZ000703
2535,2007-12-20,16.46,16.73,16.76,16.34,32724,30690844.0,2.56,1.83,0.3,2.96,SZ000703
2536,2007-12-21,16.83,17.2,17.2,16.76,51503,49309080.0,2.63,2.81,0.47,4.66,SZ000703
2537,2007-12-24,17.34,18.01,18.02,16.99,58553,57641636.0,5.99,4.71,0.81,5.3,SZ000703
2538,2007-12-25,18.11,19.13,19.48,18.11,110708,117078800.0,7.61,6.22,1.12,10.02,SZ000703
2539,2007-12-26,19.06,19.16,19.41,18.62,44221,47599884.0,4.13,0.16,0.03,4.0,SZ000703
2540,2007-12-27,19.16,18.95,19.27,18.81,48040,51615944.0,2.4,-1.1,-0.21,4.35,SZ000703
2541,2007-12-28,19.13,19.27,19.66,18.97,30583,33467084.0,3.64,1.69,0.32,2.77,SZ000703
2542,2008-01-02,19.32,19.81,19.85,19.01,32144,35574124.0,4.36,2.8,0.54,2.91,SZ000703
2543,2008-01-03,19.92,20.18,20.18,19.22,43757,48674864.0,4.85,1.87,0.37,3.96,SZ000703
2544,2008-01-04,20.32,20.88,21.24,19.97,55276,64845864.0,6.29,3.47,0.7,5.0,SZ000703
2545,2008-01-07,20.73,20.71,21.41,20.62,35042,41385228.0,3.78,-0.81,-0.17,3.17,SZ000703
2546,2008-01-08,21.01,19.52,21.06,19.36,51418,58369992.0,8.21,-5.75,-1.19,4.65,SZ000703
2547,2008-01-09,19.39,20.15,20.27,19.16,32567,36182732.0,5.69,3.23,0.63,2.95,SZ000703
2548,2008-01-10,20.02,19.76,20.48,19.66,35976,40952404.0,4.07,-1.94,-0.39,3.26,SZ000703
2549,2008-01-11,19.71,19.74,20.01,19.16,26089,28643638.0,4.3,-0.1,-0.02,2.36,SZ000703
2550,2008-01-14,19.76,20.39,20.52,19.48,39193,44518780.0,5.27,3.29,0.65,3.55,SZ000703
2551,2008-01-15,20.53,20.97,21.2,20.46,45237,53364420.0,3.63,2.84,0.58,4.09,SZ000703
2552,2008-01-16,20.88,20.09,20.92,19.94,26315,30246880.0,4.67,-4.2,-0.88,2.38,SZ000703
2553,2008-01-17,19.85,19.41,20.29,18.62,29406,32294466.0,8.31,-3.38,-0.68,2.66,SZ000703
2554,2008-01-18,19.15,19.78,19.78,18.87,16723,18297602.0,4.69,1.91,0.37,1.51,SZ000703
2555,2008-01-21,19.8,19.31,20.13,19.11,30900,34331392.0,5.16,-2.38,-0.47,2.8,SZ000703
2556,2008-01-22,18.97,17.39,19.11,17.39,23820,23886368.0,8.91,-9.94,-1.92,2.16,SZ000703
2557,2008-01-23,17.16,17.67,17.99,16.01,25569,25062900.0,11.39,1.61,0.28,2.31,SZ000703
2558,2008-01-24,17.81,18.04,18.13,17.06,23666,23682468.0,6.06,2.09,0.37,2.14,SZ000703
2559,2008-01-25,17.81,18.78,19.13,17.59,32745,33967368.0,8.54,4.1,0.74,2.96,SZ000703
2560,2008-01-28,18.95,18.25,18.97,16.95,40251,40831924.0,10.76,-2.82,-0.53,3.64,SZ000703
2561,2008-01-29,18.25,19.09,19.45,18.06,46710,49774164.0,7.62,4.6,0.84,4.23,SZ000703
2562,2008-01-30,19.23,19.97,20.18,18.92,44095,48656332.0,6.6,4.61,0.88,3.99,SZ000703
2563,2008-01-31,20.18,18.95,20.2,18.78,39574,43583952.0,7.11,-5.11,-1.02,3.58,SZ000703
2564,2008-02-01,18.78,17.16,19.31,17.08,37902,37216212.0,11.77,-9.45,-1.79,3.43,SZ000703
2565,2008-02-04,17.29,18.6,18.87,17.29,21919,22705964.0,9.21,8.39,1.44,1.98,SZ000703
2566,2008-02-05,18.52,18.78,19.08,18.04,22582,23825622.0,5.59,0.97,0.18,2.04,SZ000703
2567,2008-02-13,18.62,18.37,18.99,18.34,11650,12257969.0,3.46,-2.18,-0.41,1.05,SZ000703
2568,2008-02-14,18.48,18.6,18.95,18.45,8584,9060695.0,2.72,1.25,0.23,0.78,SZ000703
2569,2008-02-15,18.52,19.25,19.45,17.73,25755,27010162.0,9.25,3.49,0.65,2.33,SZ000703
2570,2008-02-18,19.46,20.27,20.27,19.45,56775,63616244.0,4.26,5.3,1.02,5.14,SZ000703
2571,2008-02-19,20.48,20.15,20.48,19.83,37776,43037616.0,3.21,-0.59,-0.12,3.42,SZ000703
2572,2008-02-20,20.06,20.69,20.8,20.06,50144,57973104.0,3.67,2.68,0.54,4.54,SZ000703
2573,2008-02-21,20.48,20.43,20.67,19.95,32584,37469160.0,3.48,-1.26,-0.26,2.95,SZ000703
2574,2008-02-22,20.53,20.02,21.15,19.53,42454,49239956.0,7.93,-2.01,-0.41,3.84,SZ000703
2575,2008-02-25,20.34,18.62,20.34,18.6,28919,31362272.0,8.69,-6.99,-1.4,2.62,SZ000703
2576,2008-02-26,18.74,18.78,19.31,18.08,14969,15825820.0,6.61,0.86,0.16,1.36,SZ000703
2577,2008-02-27,18.95,18.95,19.2,18.78,13498,14478948.0,2.24,0.91,0.17,1.22,SZ000703
2578,2008-02-28,19.13,19.32,19.62,18.81,11670,12722904.0,4.27,1.95,0.37,1.06,SZ000703
2579,2008-02-29,19.27,19.39,19.66,19.22,11929,13044267.0,2.28,0.36,0.07,1.08,SZ000703
2580,2008-03-03,19.31,19.83,19.95,18.8,17664,19452980.0,5.93,2.27,0.44,1.6,SZ000703
2581,2008-03-04,19.87,20.22,20.8,19.66,43721,50299788.0,5.75,1.97,0.39,3.96,SZ000703
2582,2008-03-05,20.22,20.48,20.69,19.76,32712,37566040.0,4.6,1.29,0.26,2.96,SZ000703
2583,2008-03-06,20.62,20.88,21.27,20.53,54551,64628916.0,3.61,1.95,0.4,4.94,SZ000703
2584,2008-03-07,20.99,20.36,21.2,19.48,37787,43987900.0,8.24,-2.49,-0.52,3.42,SZ000703
2585,2008-03-10,20.34,19.45,20.34,18.95,22018,24489466.0,6.83,-4.47,-0.91,1.99,SZ000703
2586,2008-03-11,19.27,19.87,19.87,18.95,11583,12793467.0,4.73,2.16,0.42,1.05,SZ000703
2587,2008-03-12,20.09,19.94,20.81,19.8,26330,30284626.0,5.08,0.35,0.07,2.38,SZ000703
2588,2008-03-13,19.55,18.78,19.83,18.11,21326,23070080.0,8.63,-5.82,-1.16,1.93,SZ000703
2589,2008-03-14,19.11,18.73,19.13,18.57,9694,10295274.0,2.98,-0.27,-0.05,0.88,SZ000703
2590,2008-03-17,18.57,16.87,18.57,16.87,17546,17342174.0,9.08,-9.93,-1.86,1.59,SZ000703
2591,2008-03-18,16.41,15.2,16.81,15.2,17475,15427707.0,9.54,-9.9,-1.67,1.58,SZ000703
2592,2008-03-19,15.37,15.81,16.32,15.27,15679,13881046.0,6.91,4.01,0.61,1.42,SZ000703
2593,2008-03-20,15.81,16.15,16.46,14.53,17173,15018515.0,12.21,2.15,0.34,1.55,SZ000703
2594,2008-03-21,16.18,16.22,16.46,15.97,14220,12991824.0,3.03,0.43,0.07,1.29,SZ000703
2595,2008-03-24,15.81,15.53,16.22,15.51,23945,21384864.0,4.38,-4.25,-0.69,2.17,SZ000703
2596,2008-03-25,15.09,15.36,15.62,14.57,12416,10656591.0,6.76,-1.09,-0.17,1.12,SZ000703
2597,2008-03-26,15.41,15.41,15.76,14.94,12310,10687386.0,5.34,0.33,0.05,1.11,SZ000703
2598,2008-03-27,15.34,13.88,15.34,13.88,22555,18047472.0,9.47,-9.93,-1.53,2.04,SZ000703
2599,2008-03-28,13.39,13.81,13.99,12.64,21506,16214199.0,9.73,-0.5,-0.07,1.95,SZ000703
2600,2008-03-31,13.46,12.99,13.46,12.81,12923,9537404.0,4.71,-5.94,-0.82,1.17,SZ000703
2601,2008-04-01,12.9,11.71,12.99,11.71,19949,13527565.0,9.85,-9.85,-1.28,1.81,SZ000703
2602,2008-04-02,11.72,10.83,11.97,10.57,18979,11936276.0,11.96,-7.51,-0.88,1.72,SZ000703
2603,2008-04-03,10.81,11.18,11.32,10.37,12890,7882500.5,8.77,3.23,0.35,1.17,SZ000703
2604,2008-04-07,11.23,12.04,12.18,10.72,20148,13221199.0,13.06,7.69,0.86,1.82,SZ000703
2605,2008-04-08,11.93,12.23,12.43,11.81,25596,17520746.0,5.15,1.58,0.19,2.32,SZ000703
2606,2008-04-09,12.21,11.23,12.36,11.23,19711,13098987.0,9.24,-8.18,-1.0,1.78,SZ000703
2607,2008-04-10,11.02,11.41,11.58,10.88,13378,8437437.0,6.23,1.6,0.18,1.21,SZ000703
2608,2008-04-11,11.55,11.76,11.86,11.41,10034,6582112.0,3.94,3.07,0.35,0.91,SZ000703
2609,2008-04-14,11.55,11.02,11.74,10.92,12552,7904278.5,6.97,-6.29,-0.74,1.14,SZ000703
2610,2008-04-15,10.81,11.41,11.53,10.69,10586,6507833.5,7.62,3.54,0.39,0.96,SZ000703
2611,2008-04-16,11.2,11.07,11.41,10.97,6046,3780809.5,3.86,-2.98,-0.34,0.55,SZ000703
2612,2008-04-17,11.0,10.55,11.25,10.35,10510,6366330.5,8.13,-4.7,-0.52,0.95,SZ000703
2613,2008-04-18,10.57,9.65,10.57,9.58,10792,6039657.0,9.38,-8.53,-0.9,0.98,SZ000703
2614,2008-04-21,10.35,9.67,10.44,9.48,9830,5480177.0,9.95,0.21,0.02,0.89,SZ000703
2615,2008-04-22,9.51,9.3,9.51,8.72,15376,7763674.5,8.17,-3.83,-0.37,1.39,SZ000703
2616,2008-04-23,9.46,9.88,9.97,9.13,12454,6731835.5,9.03,6.24,0.58,1.13,SZ000703
2617,2008-04-24,10.65,10.83,10.85,10.23,30853,18425260.0,6.28,9.62,0.95,2.79,SZ000703
2618,2008-04-25,10.79,10.88,11.14,10.55,27606,16766134.0,5.45,0.46,0.05,2.5,SZ000703
2619,2008-04-28,10.71,10.46,10.78,10.39,15180,8998376.0,3.58,-3.86,-0.42,1.37,SZ000703
2620,2008-04-29,10.46,11.2,11.41,10.28,34235,21106142.0,10.8,7.07,0.74,3.1,SZ000703
2621,2008-04-30,11.37,11.39,11.58,11.2,27040,17276602.0,3.39,1.7,0.19,2.45,SZ000703
2622,2008-05-06,11.78,11.86,12.44,11.57,42251,28591378.0,7.64,4.13,0.47,3.82,SZ000703
2623,2008-05-07,11.86,11.07,11.86,11.06,30655,19656550.0,6.75,-6.66,-0.79,2.77,SZ000703
2624,2008-05-08,10.88,11.35,11.35,10.58,17697,10875748.0,6.96,2.53,0.28,1.6,SZ000703
2625,2008-05-09,11.37,11.14,11.44,10.88,15812,9929636.0,4.93,-1.85,-0.21,1.43,SZ000703
2626,2008-05-12,11.14,11.44,11.53,10.88,13138,8337994.0,5.83,2.69,0.3,1.19,SZ000703
2627,2008-05-13,10.79,11.65,11.76,10.79,23791,15093557.0,8.48,1.84,0.21,2.15,SZ000703
2628,2008-05-14,11.67,12.21,12.21,11.65,31918,21620626.0,4.81,4.81,0.56,2.89,SZ000703
2629,2008-05-15,12.21,11.85,12.72,11.85,27166,18767668.0,7.13,-2.95,-0.36,2.46,SZ000703
2630,2008-05-16,11.58,11.62,11.99,11.37,16011,10496604.0,5.23,-1.94,-0.23,1.45,SZ000703
2631,2008-05-19,11.53,11.72,11.85,11.43,7354,4801295.5,3.61,0.86,0.1,0.67,SZ000703
2632,2008-05-20,11.85,10.6,11.86,10.57,12609,7947123.0,11.01,-9.56,-1.12,1.14,SZ000703
2633,2008-05-21,10.35,10.85,11.04,10.09,17090,9969157.0,8.96,2.36,0.25,1.55,SZ000703
2634,2008-05-23,10.65,11.11,11.32,10.37,16380,9997827.0,8.76,2.4,0.26,1.48,SZ000703
2635,2008-05-26,11.06,10.44,11.11,10.44,8456,5098308.0,6.03,-6.03,-0.67,0.77,SZ000703
2636,2008-05-27,10.62,10.58,10.62,10.28,6477,3787496.0,3.26,1.34,0.14,0.59,SZ000703
2637,2008-05-28,10.44,10.88,10.95,10.44,6723,4056570.25,4.82,2.84,0.3,0.61,SZ000703
2638,2008-05-29,10.74,10.86,11.02,10.74,12048,7335349.5,2.57,-0.18,-0.02,1.09,SZ000703
2639,2008-05-30,10.85,11.04,11.09,10.37,12656,7717385.0,6.63,1.66,0.18,1.15,SZ000703
2640,2008-06-02,10.9,11.04,11.14,10.79,11194,6894517.0,3.17,0.0,0.0,1.01,SZ000703
2641,2008-06-03,10.92,10.97,11.14,10.53,13668,8332254.5,5.53,-0.63,-0.07,1.24,SZ000703
2642,2008-06-04,10.74,10.69,10.95,10.55,6717,4015713.5,3.65,-2.55,-0.28,0.61,SZ000703
2643,2008-06-05,10.67,10.93,10.93,10.55,6636,3991285.75,3.55,2.25,0.24,0.6,SZ000703
2644,2008-06-06,10.88,11.32,11.74,10.88,38761,24593760.0,7.87,3.57,0.39,3.51,SZ000703
2645,2008-06-10,10.74,10.21,10.97,10.21,12948,7561942.5,6.71,-9.81,-1.11,1.17,SZ000703
2646,2008-06-11,9.48,9.97,10.09,9.23,15714,8380775.5,8.42,-2.35,-0.24,1.42,SZ000703
2647,2008-06-12,9.83,9.99,10.32,9.56,16894,9354537.0,7.62,0.2,0.02,1.53,SZ000703
2648,2008-06-13,9.9,9.53,10.44,9.51,25989,14670808.0,9.31,-4.6,-0.46,2.35,SZ000703
2649,2008-06-16,9.48,8.6,9.65,8.6,18174,8993728.0,11.02,-9.76,-0.93,1.65,SZ000703
2650,2008-06-17,8.42,7.81,8.83,7.76,11764,5435712.5,12.44,-9.19,-0.79,1.06,SZ000703
2651,2008-06-18,7.81,8.25,8.37,7.49,12764,5667539.0,11.27,5.63,0.44,1.16,SZ000703
2652,2008-06-19,8.07,7.44,8.23,7.44,11809,5079943.0,9.58,-9.82,-0.81,1.07,SZ000703
2653,2008-06-20,7.72,7.55,7.84,7.02,14349,5994882.0,11.02,1.48,0.11,1.3,SZ000703
2654,2008-06-23,7.46,7.41,7.65,7.23,8193,3377508.75,5.56,-1.85,-0.14,0.74,SZ000703
2655,2008-06-24,7.35,7.7,7.86,7.35,8212,3479289.0,6.88,3.91,0.29,0.74,SZ000703
2656,2008-06-25,7.72,8.46,8.46,7.65,18391,8525785.0,10.52,9.87,0.76,1.66,SZ000703
2657,2008-06-26,8.6,8.6,9.2,8.41,41208,19934224.0,9.34,1.65,0.14,3.73,SZ000703
2658,2008-06-27,8.21,7.76,8.37,7.76,17211,7622655.0,7.09,-9.77,-0.84,1.56,SZ000703
2659,2008-06-30,7.51,7.7,7.88,7.41,9132,3894636.0,6.06,-0.77,-0.06,0.83,SZ000703
2660,2008-07-01,7.7,7.49,7.77,7.44,8770,3698703.5,4.29,-2.73,-0.21,0.79,SZ000703
2661,2008-07-02,7.6,7.72,7.93,7.51,6596,2824994.5,5.61,3.07,0.23,0.6,SZ000703
2662,2008-07-03,7.56,8.0,8.09,7.39,12810,5588170.5,9.07,3.63,0.28,1.16,SZ000703
2663,2008-07-04,7.9,7.93,8.18,7.83,10191,4523194.0,4.38,-0.88,-0.07,0.92,SZ000703
2664,2008-07-07,7.92,8.41,8.44,7.92,14638,6756480.0,6.56,6.05,0.48,1.32,SZ000703
2665,2008-07-08,8.35,8.53,8.67,8.25,13731,6479329.0,4.99,1.43,0.12,1.24,SZ000703
2666,2008-07-09,8.53,8.74,8.83,8.46,17520,8496472.0,4.34,2.46,0.21,1.59,SZ000703
2667,2008-07-10,8.6,8.49,8.9,8.49,15394,7478748.0,4.69,-2.86,-0.25,1.39,SZ000703
2668,2008-07-11,8.34,8.39,8.6,8.13,10999,5094846.0,5.54,-1.18,-0.1,1.0,SZ000703
2669,2008-07-14,8.41,8.67,8.76,8.35,8098,3873465.25,4.89,3.34,0.28,0.73,SZ000703
2670,2008-07-15,8.76,8.48,8.92,8.42,16213,7854199.5,5.77,-2.19,-0.19,1.47,SZ000703
2671,2008-07-16,8.42,7.86,8.56,7.65,8558,3851105.75,10.73,-7.31,-0.62,0.77,SZ000703
2672,2008-07-17,8.11,7.9,8.21,7.77,5319,2361332.75,5.6,0.51,0.04,0.48,SZ000703
2673,2008-07-18,7.86,8.16,8.21,7.72,7175,3174363.25,6.2,3.29,0.26,0.65,SZ000703
2674,2008-07-21,8.16,8.51,8.56,7.99,10104,4730908.0,6.99,4.29,0.35,0.91,SZ000703
2675,2008-07-22,8.51,8.55,8.65,8.42,8965,4278751.0,2.7,0.47,0.04,0.81,SZ000703
2676,2008-07-23,8.62,8.6,8.81,8.48,11046,5315060.0,3.86,0.58,0.05,1.0,SZ000703
2677,2008-07-24,8.6,8.81,8.85,8.6,15737,7685070.0,2.91,2.44,0.21,1.42,SZ000703
2678,2008-07-28,9.13,8.9,9.13,8.83,16768,8403278.0,3.41,1.02,0.09,1.52,SZ000703
2679,2008-07-29,8.78,8.7,8.78,8.51,12161,5890526.5,3.03,-2.25,-0.2,1.1,SZ000703
2680,2008-07-30,8.78,8.69,8.88,8.56,8799,4280072.5,3.68,-0.11,-0.01,0.8,SZ000703
2681,2008-07-31,8.86,8.34,8.92,8.34,11336,5434595.0,6.67,-4.03,-0.35,1.03,SZ000703
2682,2008-08-01,8.35,8.55,8.6,8.13,8564,3980877.0,5.64,2.52,0.21,0.78,SZ000703
2683,2008-08-04,8.55,8.2,8.56,8.18,6229,2911397.75,4.44,-4.09,-0.35,0.56,SZ000703
2684,2008-08-05,8.14,8.06,8.42,8.0,6472,2956999.25,5.12,-1.71,-0.14,0.59,SZ000703
2685,2008-08-06,8.21,8.04,8.23,7.88,5946,2674075.0,4.34,-0.25,-0.02,0.54,SZ000703
2686,2008-08-07,8.02,8.16,8.18,7.9,6053,2720974.25,3.48,1.49,0.12,0.55,SZ000703
2687,2008-08-08,8.2,7.63,8.2,7.37,11962,5094316.5,10.17,-6.5,-0.53,1.08,SZ000703
2688,2008-08-11,7.9,7.02,7.9,6.91,11348,4612549.0,12.98,-7.99,-0.61,1.03,SZ000703
2689,2008-08-12,6.98,6.86,7.13,6.77,6483,2493124.0,5.13,-2.28,-0.16,0.59,SZ000703
2690,2008-08-13,6.86,6.69,6.86,6.35,8220,3009963.5,7.43,-2.48,-0.17,0.74,SZ000703
2691,2008-08-14,6.67,6.51,6.69,6.32,12464,4473290.0,5.53,-2.69,-0.18,1.13,SZ000703
2692,2008-08-15,6.48,6.51,6.63,6.32,8724,3144531.75,4.76,0.0,0.0,0.79,SZ000703
2693,2008-08-18,6.56,5.9,6.56,5.88,6916,2344084.0,10.45,-9.37,-0.61,0.63,SZ000703
2694,2008-08-19,5.62,6.12,6.12,5.62,8190,2661152.25,8.47,3.73,0.22,0.74,SZ000703
2695,2008-08-20,6.05,6.72,6.72,5.91,23996,8763760.0,13.24,9.8,0.6,2.17,SZ000703
2696,2008-08-21,6.48,6.41,6.69,6.32,10752,3895845.0,5.51,-4.61,-0.31,0.97,SZ000703
2697,2008-08-22,6.35,6.35,6.41,6.11,3695,1279083.62,4.68,-0.94,-0.06,0.33,SZ000703
2698,2008-08-25,6.37,6.39,6.58,6.3,3538,1262208.0,4.41,0.63,0.04,0.32,SZ000703
2699,2008-08-26,6.18,5.97,6.39,5.83,4066,1367755.38,8.76,-6.57,-0.42,0.37,SZ000703
2700,2008-08-27,6.0,6.0,6.07,5.76,4891,1605718.5,5.19,0.5,0.03,0.44,SZ000703
2701,2008-08-28,5.93,6.09,6.21,5.93,3355,1132833.25,4.67,1.5,0.09,0.3,SZ000703
2702,2008-08-29,6.09,6.27,6.37,6.09,3435,1184845.5,4.6,2.96,0.18,0.31,SZ000703
2703,2008-09-01,6.14,6.05,6.27,6.02,3028,1029428.25,3.99,-3.51,-0.22,0.27,SZ000703
2704,2008-09-02,5.97,6.25,6.41,5.93,4849,1669954.25,7.93,3.31,0.2,0.44,SZ000703
2705,2008-09-03,6.28,6.44,6.58,6.27,11170,3968594.5,4.96,3.04,0.19,1.01,SZ000703
2706,2008-09-04,6.35,6.35,6.48,6.2,6653,2336938.25,4.35,-1.4,-0.09,0.6,SZ000703
2707,2008-09-05,6.28,5.86,6.28,5.81,6556,2164566.5,7.4,-7.72,-0.49,0.59,SZ000703
2708,2008-09-08,5.79,5.69,5.93,5.53,4672,1483118.25,6.83,-2.9,-0.17,0.42,SZ000703
2709,2008-09-09,5.72,5.76,5.91,5.63,2640,842318.81,4.92,1.23,0.07,0.24,SZ000703
2710,2008-09-10,5.74,5.84,5.97,5.63,4241,1369716.62,5.9,1.39,0.08,0.38,SZ000703
2711,2008-09-11,5.84,5.63,5.93,5.28,10442,3177809.0,11.13,-3.6,-0.21,0.95,SZ000703
2712,2008-09-12,5.58,5.55,5.72,5.51,7370,2274782.25,3.73,-1.42,-0.08,0.67,SZ000703
2713,2008-09-16,5.55,5.41,5.56,5.32,8221,2480045.0,4.32,-2.52,-0.14,0.74,SZ000703
2714,2008-09-17,5.39,5.35,5.6,5.32,6199,1865425.5,5.18,-1.11,-0.06,0.56,SZ000703
2715,2008-09-18,5.27,5.09,5.27,4.84,9763,2684151.5,8.04,-4.86,-0.26,0.88,SZ000703
2716,2008-09-19,5.51,5.58,5.58,5.44,10240,3135730.0,2.75,9.63,0.49,0.93,SZ000703
2717,2008-09-22,5.79,5.76,6.11,5.6,22513,7259888.0,9.14,3.23,0.18,2.04,SZ000703
2718,2008-09-23,5.6,5.37,5.6,5.37,12372,3723692.75,3.99,-6.77,-0.39,1.12,SZ000703
2719,2008-09-24,5.09,5.42,5.44,5.05,6307,1844930.0,7.26,0.93,0.05,0.57,SZ000703
2720,2008-09-25,5.42,5.51,5.6,5.35,18334,5561704.5,4.61,1.66,0.09,1.66,SZ000703
2721,2008-09-26,5.51,5.46,5.58,5.34,14411,4346891.5,4.36,-0.91,-0.05,1.3,SZ000703
2722,2008-10-06,5.39,5.3,5.6,5.25,9729,2868221.0,6.41,-2.93,-0.16,0.88,SZ000703
2723,2008-10-07,5.18,5.39,5.48,5.04,13221,3809209.0,8.3,1.7,0.09,1.2,SZ000703
2724,2008-10-08,5.19,5.44,5.55,5.19,15279,4548967.5,6.68,0.93,0.05,1.38,SZ000703
2725,2008-10-09,5.55,5.41,5.84,5.3,30759,9449071.0,9.93,-0.55,-0.03,2.78,SZ000703
2726,2008-10-10,5.09,5.02,5.41,4.88,18596,5153875.5,9.8,-7.21,-0.39,1.68,SZ000703
2727,2008-10-13,5.0,5.27,5.41,4.58,22641,6159567.0,16.53,4.98,0.25,2.05,SZ000703
2728,2008-10-14,5.41,5.09,5.53,5.09,21130,6158579.0,8.35,-3.42,-0.18,1.91,SZ000703
2729,2008-10-15,4.98,5.09,5.12,4.93,6534,1811625.38,3.73,0.0,0.0,0.59,SZ000703
2730,2008-10-16,5.0,4.91,5.35,4.84,18311,5144115.5,10.02,-3.54,-0.18,1.66,SZ000703
2731,2008-10-17,5.05,4.95,5.05,4.69,9631,2568351.0,7.33,0.81,0.04,0.87,SZ000703
2732,2008-10-20,4.91,5.11,5.12,4.84,8965,2446024.5,5.66,3.23,0.16,0.81,SZ000703
2733,2008-10-21,5.11,4.98,5.18,4.98,10796,3003411.5,3.91,-2.54,-0.13,0.98,SZ000703
2734,2008-10-22,4.98,4.97,5.04,4.86,4996,1372972.5,3.61,-0.2,-0.01,0.45,SZ000703
2735,2008-10-23,4.83,4.97,5.0,4.76,7722,2073712.5,4.83,0.0,0.0,0.7,SZ000703
2736,2008-10-24,4.86,4.91,5.0,4.84,3243,881327.69,3.22,-1.21,-0.06,0.29,SZ000703
2737,2008-10-27,4.7,4.44,4.79,4.44,7313,1832944.0,7.13,-9.57,-0.47,0.66,SZ000703
2738,2008-10-28,4.3,4.49,4.51,4.3,9737,2364730.75,4.73,1.13,0.05,0.88,SZ000703
2739,2008-10-29,4.51,4.23,4.56,4.23,7377,1792288.0,7.35,-5.79,-0.26,0.67,SZ000703
2740,2008-10-30,4.3,4.21,4.35,4.18,5769,1344291.62,4.02,-0.47,-0.02,0.52,SZ000703
2741,2008-10-31,4.28,4.11,4.28,4.07,4743,1079886.0,4.99,-2.38,-0.1,0.43,SZ000703
2742,2008-11-03,4.05,3.93,4.12,3.93,3854,845052.0,4.62,-4.38,-0.18,0.35,SZ000703
2743,2008-11-04,3.91,3.97,4.0,3.81,4559,968691.88,4.83,1.02,0.04,0.41,SZ000703
2744,2008-11-05,3.98,4.12,4.16,3.95,6900,1533184.5,5.29,3.78,0.15,0.62,SZ000703
2745,2008-11-06,4.05,4.04,4.09,3.91,2861,626005.44,4.37,-1.94,-0.08,0.26,SZ000703
2746,2008-11-07,4.0,4.18,4.25,3.91,7959,1797026.5,8.42,3.47,0.14,0.72,SZ000703
2747,2008-11-10,4.21,4.44,4.48,4.21,13495,3225629.5,6.46,6.22,0.26,1.22,SZ000703
2748,2008-11-11,4.44,4.37,4.53,4.32,14168,3429002.25,4.73,-1.58,-0.07,1.28,SZ000703
2749,2008-11-12,4.26,4.53,4.65,4.25,17092,4209368.5,9.15,3.66,0.16,1.55,SZ000703
2750,2008-11-13,4.53,4.72,4.76,4.42,21304,5454252.0,7.51,4.19,0.19,1.93,SZ000703
2751,2008-11-14,4.72,4.9,4.93,4.63,21960,5794974.5,6.36,3.81,0.18,1.99,SZ000703
2752,2008-11-17,4.83,5.12,5.16,4.79,19317,5312154.0,7.55,4.49,0.22,1.75,SZ000703
2753,2008-11-18,5.05,4.63,5.14,4.63,24820,6613726.0,9.96,-9.57,-0.49,2.25,SZ000703
2754,2008-11-19,4.7,5.07,5.07,4.65,25450,6816006.0,9.07,9.5,0.44,2.3,SZ000703
2755,2008-11-20,5.0,5.19,5.21,4.97,29924,8411015.0,4.73,2.37,0.12,2.71,SZ000703
2756,2008-11-21,5.04,4.97,5.18,4.7,20270,5508757.5,9.25,-4.24,-0.22,1.83,SZ000703
2757,2008-11-24,4.97,4.77,5.04,4.74,9762,2615641.25,6.04,-4.02,-0.2,0.88,SZ000703
2758,2008-11-25,4.79,4.84,5.0,4.74,10583,2823553.25,5.45,1.47,0.07,0.96,SZ000703
2759,2008-11-26,4.84,4.9,4.97,4.83,8506,2291546.25,2.89,1.24,0.06,0.77,SZ000703
2760,2008-11-27,5.21,4.98,5.3,4.97,22296,6265604.5,6.73,1.63,0.08,2.02,SZ000703
2761,2008-11-28,4.95,4.98,5.04,4.81,13473,3645517.75,4.62,0.0,0.0,1.22,SZ000703
2762,2008-12-01,5.0,5.19,5.19,4.83,14986,4170038.75,7.23,4.22,0.21,1.36,SZ000703
2763,2008-12-02,5.11,5.27,5.35,5.02,23638,6805716.5,6.36,1.54,0.08,2.14,SZ000703
2764,2008-12-03,5.3,5.6,5.6,5.25,31959,9555845.0,6.64,6.26,0.33,2.89,SZ000703
2765,2008-12-04,5.53,5.67,5.7,5.46,42623,13153172.0,4.29,1.25,0.07,3.86,SZ000703
2766,2008-12-05,5.62,5.67,5.7,5.35,19438,6017412.0,6.17,0.0,0.0,1.76,SZ000703
2767,2008-12-08,5.69,6.11,6.21,5.58,76864,25175474.0,11.11,7.76,0.44,6.96,SZ000703
2768,2008-12-09,5.98,5.79,6.05,5.72,44143,14320819.0,5.4,-5.24,-0.32,4.0,SZ000703
2769,2008-12-10,5.79,5.86,5.91,5.63,25130,8028489.0,4.84,1.21,0.07,2.27,SZ000703
2770,2008-12-11,5.86,5.69,5.93,5.67,19943,6371100.5,4.44,-2.9,-0.17,1.81,SZ000703
2771,2008-12-12,5.63,5.44,5.76,5.35,16346,4985951.5,7.21,-4.39,-0.25,1.48,SZ000703
2772,2008-12-15,5.55,5.53,5.58,5.39,10920,3308841.75,3.49,1.65,0.09,0.99,SZ000703
2773,2008-12-16,5.53,5.62,5.62,5.39,11040,3364415.25,4.16,1.63,0.09,1.0,SZ000703
2774,2008-12-17,5.62,5.79,5.93,5.56,21433,6859658.5,6.58,3.02,0.17,1.94,SZ000703
2775,2008-12-18,5.83,5.83,5.93,5.72,17001,5474792.5,3.63,0.69,0.04,1.54,SZ000703
2776,2008-12-19,5.84,6.0,6.12,5.77,28273,9348767.0,6.0,2.92,0.17,2.56,SZ000703
2777,2008-12-22,5.9,6.04,6.2,5.9,37425,12534680.0,5.0,0.67,0.04,3.39,SZ000703
2778,2008-12-23,6.02,6.02,6.25,5.83,59525,19903960.0,6.95,-0.33,-0.02,5.39,SZ000703
2779,2008-12-24,5.84,6.2,6.46,5.72,89502,30558436.0,12.29,2.99,0.18,8.1,SZ000703
2780,2008-12-25,6.14,5.62,6.23,5.6,53520,17233786.0,10.16,-9.35,-0.58,4.84,SZ000703
2781,2008-12-26,5.53,5.34,5.69,5.32,28258,8547883.0,6.58,-4.98,-0.28,2.56,SZ000703
2782,2008-12-29,5.39,5.18,5.39,4.95,21493,6038132.0,8.24,-3.0,-0.16,1.95,SZ000703
2783,2008-12-30,5.16,5.05,5.21,5.04,15399,4340886.5,3.28,-2.51,-0.13,1.39,SZ000703
2784,2008-12-31,5.07,4.86,5.16,4.84,17314,4793579.0,6.34,-3.76,-0.19,1.57,SZ000703
2785,2009-01-05,4.95,5.07,5.09,4.86,16262,4458857.5,4.73,4.32,0.21,1.47,SZ000703
2786,2009-01-06,5.05,5.32,5.34,4.98,20092,5760071.5,7.1,4.93,0.25,1.82,SZ000703
2787,2009-01-07,5.35,5.35,5.44,5.27,19812,5853954.0,3.2,0.56,0.03,1.79,SZ000703
2788,2009-01-08,5.3,5.25,5.39,5.19,16739,4879314.0,3.74,-1.87,-0.1,1.52,SZ000703
2789,2009-01-09,5.28,5.48,5.49,5.27,17868,5315253.0,4.19,4.38,0.23,1.62,SZ000703
2790,2009-01-12,5.44,5.53,5.65,5.42,22944,7036339.5,4.2,0.91,0.05,2.08,SZ000703
2791,2009-01-13,5.48,5.32,5.53,5.27,15404,4579386.0,4.7,-3.8,-0.21,1.39,SZ000703
2792,2009-01-14,5.32,5.51,5.51,5.28,12342,3687688.75,4.32,3.57,0.19,1.12,SZ000703
2793,2009-01-15,5.48,5.55,5.62,5.44,18606,5687026.5,3.27,0.73,0.04,1.68,SZ000703
2794,2009-01-16,5.55,5.56,5.7,5.55,31185,9704803.0,2.7,0.18,0.01,2.82,SZ000703
2795,2009-01-19,5.58,5.51,5.63,5.48,17940,5495514.5,2.7,-0.9,-0.05,1.62,SZ000703
2796,2009-01-20,5.51,5.49,5.56,5.42,19335,5858139.5,2.54,-0.36,-0.02,1.75,SZ000703
2797,2009-01-21,5.48,5.53,5.62,5.44,22189,6789420.5,3.28,0.73,0.04,2.01,SZ000703
2798,2009-01-22,5.53,5.65,5.7,5.49,22979,7086005.0,3.8,2.17,0.12,2.08,SZ000703
2799,2009-01-23,5.65,5.56,5.65,5.53,15409,4760681.5,2.12,-1.59,-0.09,1.39,SZ000703
2800,2009-02-02,5.63,5.76,5.77,5.56,22901,7195185.0,3.78,3.6,0.2,2.07,SZ000703
2801,2009-02-03,5.76,5.95,6.0,5.72,33409,10911365.0,4.86,3.3,0.19,3.02,SZ000703
2802,2009-02-04,5.93,6.05,6.07,5.86,42298,13960264.0,3.53,1.68,0.1,3.83,SZ000703
2803,2009-02-05,6.05,5.95,6.18,5.9,39623,13265228.0,4.63,-1.65,-0.1,3.59,SZ000703
2804,2009-02-06,6.0,6.25,6.28,5.93,53265,18176966.0,5.88,5.04,0.3,4.82,SZ000703
2805,2009-02-09,6.32,6.67,6.67,6.2,65253,23126098.0,7.52,6.72,0.42,5.91,SZ000703
2806,2009-02-10,6.56,6.97,7.06,6.44,71006,26308314.0,9.3,4.5,0.3,6.43,SZ000703
2807,2009-02-11,7.02,7.25,7.56,6.98,160125,65227864.0,8.32,4.02,0.28,14.49,SZ000703
2808,2009-02-12,7.11,7.16,7.32,6.86,63230,24763032.0,6.34,-1.24,-0.09,5.72,SZ000703
2809,2009-02-13,7.21,7.3,7.35,7.09,51642,20825052.0,3.63,1.96,0.14,4.67,SZ000703
2810,2009-02-16,7.44,7.48,7.53,7.25,63932,26262382.0,3.84,2.47,0.18,5.79,SZ000703
2811,2009-02-17,7.44,7.02,7.46,7.02,50247,20387536.0,5.88,-6.15,-0.46,4.55,SZ000703
2812,2009-02-18,6.93,6.7,7.18,6.7,38035,14809842.0,6.84,-4.56,-0.32,3.44,SZ000703
2813,2009-02-19,6.81,6.81,6.93,6.63,29185,10957010.0,4.48,1.64,0.11,2.64,SZ000703
2814,2009-02-20,6.77,7.04,7.04,6.7,23659,9050335.0,4.99,3.38,0.23,2.14,SZ000703
2815,2009-02-23,7.04,7.28,7.32,6.95,37964,15227886.0,5.26,3.41,0.24,3.44,SZ000703
2816,2009-02-24,7.21,6.98,7.34,6.9,33999,13435651.0,6.04,-4.12,-0.3,3.08,SZ000703
2817,2009-02-25,6.98,7.09,7.11,6.81,28941,11267897.0,4.3,1.58,0.11,2.62,SZ000703
2818,2009-02-26,7.16,7.3,7.55,7.11,108126,44057976.0,6.21,2.96,0.21,9.79,SZ000703
2819,2009-02-27,7.28,6.58,7.3,6.58,52664,19813980.0,9.86,-9.86,-0.72,4.77,SZ000703
2820,2009-03-02,6.41,6.7,6.84,6.21,35042,12786903.0,9.57,1.82,0.12,3.17,SZ000703
2821,2009-03-03,6.58,6.83,6.9,6.49,30167,11286311.0,6.12,1.94,0.13,2.73,SZ000703
2822,2009-03-04,6.98,7.49,7.49,6.98,141609,58720204.0,7.47,9.66,0.66,12.82,SZ000703
2823,2009-03-05,7.7,7.81,8.11,7.48,174666,75352280.0,8.41,4.27,0.32,15.81,SZ000703
2824,2009-03-06,7.67,7.6,7.79,7.41,73389,31135778.0,4.87,-2.69,-0.21,6.64,SZ000703
2825,2009-03-09,7.58,7.23,7.99,7.23,69915,29643032.0,10.0,-4.87,-0.37,6.33,SZ000703
2826,2009-03-10,7.21,7.46,7.51,6.81,49176,19279260.0,9.68,3.18,0.23,4.45,SZ000703
2827,2009-03-11,7.53,7.18,7.56,7.16,51690,21105960.0,5.36,-3.75,-0.28,4.68,SZ000703
2828,2009-03-12,7.14,7.09,7.16,6.76,36918,14294492.0,5.57,-1.25,-0.09,3.34,SZ000703
2829,2009-03-13,7.11,6.86,7.14,6.86,26532,10284768.0,3.95,-3.24,-0.23,2.4,SZ000703
2830,2009-03-16,6.95,7.06,7.09,6.84,24775,9641719.0,3.64,2.92,0.2,2.24,SZ000703
2831,2009-03-17,7.21,7.48,7.48,7.04,54848,22177260.0,6.23,5.95,0.42,4.96,SZ000703
2832,2009-03-18,7.37,7.62,7.7,7.35,74870,31400800.0,4.68,1.87,0.14,6.78,SZ000703
2833,2009-03-19,7.72,7.72,7.81,7.58,105515,45317124.0,3.02,1.31,0.1,9.55,SZ000703
2834,2009-03-20,7.69,7.55,7.72,7.32,65085,27299238.0,5.18,-2.2,-0.17,5.89,SZ000703
2835,2009-03-23,7.55,7.63,7.65,7.46,55268,23278000.0,2.52,1.06,0.08,5.0,SZ000703
2836,2009-03-24,7.67,7.51,7.69,7.44,44865,18792440.0,3.28,-1.57,-0.12,4.06,SZ000703
2837,2009-03-25,7.46,7.46,7.69,7.41,41252,17406838.0,3.73,-0.67,-0.05,3.73,SZ000703
2838,2009-03-26,7.44,7.6,7.63,7.32,32387,13507899.0,4.16,1.88,0.14,2.93,SZ000703
2839,2009-03-27,7.62,7.84,7.92,7.55,79051,34249868.0,4.87,3.16,0.24,7.16,SZ000703
2840,2009-03-30,7.81,7.9,7.97,7.7,52489,22831808.0,3.44,0.77,0.06,4.75,SZ000703
2841,2009-03-31,7.76,7.83,7.86,7.55,37749,16257435.0,3.92,-0.89,-0.07,3.42,SZ000703
2842,2009-04-01,7.83,8.06,8.34,7.79,71195,32311738.0,7.02,2.94,0.23,6.44,SZ000703
2843,2009-04-02,8.16,7.97,8.23,7.97,49883,22542798.0,3.23,-1.12,-0.09,4.52,SZ000703
2844,2009-04-03,7.99,7.74,8.07,7.62,43184,18784412.0,5.65,-2.89,-0.23,3.91,SZ000703
2845,2009-04-07,7.72,7.81,7.83,7.67,24349,10503884.0,2.07,0.9,0.07,2.2,SZ000703
2846,2009-04-08,7.81,7.67,8.07,7.65,41450,18210604.0,5.38,-1.79,-0.14,3.75,SZ000703
2847,2009-04-09,7.63,7.92,7.93,7.55,33754,14644339.0,4.95,3.26,0.25,3.06,SZ000703
2848,2009-04-10,7.93,8.69,8.69,7.93,82236,39212256.0,9.6,9.72,0.77,7.44,SZ000703
2849,2009-04-13,8.86,8.72,9.2,8.63,116786,58096732.0,6.56,0.35,0.03,10.57,SZ000703
2850,2009-04-14,8.51,9.21,9.44,8.51,83507,42017752.0,10.67,5.62,0.49,7.56,SZ000703
2851,2009-04-15,9.06,9.13,9.21,8.86,50483,25496232.0,3.8,-0.87,-0.08,4.57,SZ000703
2852,2009-04-16,9.14,9.2,9.62,9.04,46728,24360064.0,6.35,0.77,0.07,4.23,SZ000703
2853,2009-04-17,9.09,8.95,9.2,8.53,41206,20510922.0,7.28,-2.72,-0.25,3.73,SZ000703
2854,2009-04-20,8.86,9.18,9.18,8.86,37892,19151082.0,3.58,2.57,0.23,3.43,SZ000703
2855,2009-04-21,9.13,9.48,9.81,9.04,61805,32836574.0,8.39,3.27,0.3,5.59,SZ000703
2856,2009-04-22,9.44,9.04,9.88,8.88,44746,23490416.0,10.55,-4.64,-0.44,4.05,SZ000703
2857,2009-04-23,8.72,8.88,8.99,8.48,32754,15922592.0,5.64,-1.77,-0.16,2.96,SZ000703
2858,2009-04-24,8.78,8.88,9.18,8.78,22605,11385743.0,4.5,0.0,0.0,2.05,SZ000703
2859,2009-04-27,8.86,8.25,8.92,8.2,22171,10518009.0,8.11,-7.09,-0.63,2.01,SZ000703
2860,2009-04-28,8.34,8.51,8.74,8.21,20657,9817681.0,6.42,3.15,0.26,1.87,SZ000703
2861,2009-04-29,8.51,8.74,8.79,8.44,16843,8168506.5,4.11,2.7,0.23,1.52,SZ000703
2862,2009-04-30,8.69,8.93,9.02,8.69,19434,9690226.0,3.78,2.17,0.19,1.76,SZ000703
2863,2009-05-04,9.04,9.37,9.46,8.97,36475,18789452.0,5.49,4.93,0.44,3.3,SZ000703
2864,2009-05-05,9.41,9.83,10.09,9.32,75404,41337368.0,8.22,4.91,0.46,6.83,SZ000703
2865,2009-05-06,9.69,9.74,9.93,9.58,37132,20285592.0,3.56,-0.92,-0.09,3.36,SZ000703
2866,2009-05-07,9.99,9.86,10.07,9.65,44157,24391192.0,4.31,1.23,0.12,4.0,SZ000703
2867,2009-05-08,9.76,9.79,10.04,9.39,40101,21867552.0,6.59,-0.71,-0.07,3.63,SZ000703
2868,2009-05-11,9.83,9.16,9.9,9.14,38962,20661530.0,7.76,-6.44,-0.63,3.53,SZ000703
2869,2009-05-12,9.13,9.44,9.49,9.11,23713,12337904.0,4.15,3.06,0.28,2.15,SZ000703
2870,2009-05-13,9.44,9.69,9.72,9.37,21022,11275182.0,3.71,2.65,0.25,1.9,SZ000703
2871,2009-05-14,9.51,9.6,9.67,9.3,16981,9032457.0,3.82,-0.93,-0.09,1.54,SZ000703
2872,2009-05-18,9.6,9.71,9.71,9.28,20993,11152428.0,4.48,1.15,0.11,1.9,SZ000703
2873,2009-05-19,9.81,9.81,9.9,9.63,28016,15297039.0,2.78,1.03,0.1,2.54,SZ000703
2874,2009-05-20,9.79,9.48,9.81,9.48,20308,10936163.0,3.36,-3.36,-0.33,1.84,SZ000703
2875,2009-05-21,9.51,9.28,9.53,9.14,28437,14767706.0,4.11,-2.11,-0.2,2.57,SZ000703
2876,2009-05-22,9.28,9.39,9.44,9.18,14160,7380234.5,2.8,1.19,0.11,1.28,SZ000703
2877,2009-05-25,9.0,9.42,9.44,9.0,23328,12029892.0,4.69,0.32,0.03,2.11,SZ000703
2878,2009-05-26,9.48,9.44,9.65,9.32,25573,13579137.0,3.5,0.21,0.02,2.31,SZ000703
2879,2009-05-27,9.42,9.37,9.56,9.3,18077,9485707.0,2.75,-0.74,-0.07,1.64,SZ000703
2880,2009-06-01,9.39,9.6,9.71,9.39,22962,12300159.0,3.42,2.45,0.23,2.08,SZ000703
2881,2009-06-02,9.51,10.55,10.55,9.48,105141,60025852.0,11.15,9.9,0.95,9.52,SZ000703
2882,2009-06-03,10.58,10.74,10.9,10.2,102786,61136564.0,6.64,1.8,0.19,9.3,SZ000703
2883,2009-06-04,10.76,10.49,10.81,10.23,47475,27888874.0,5.4,-2.33,-0.25,4.3,SZ000703
2884,2009-06-05,10.39,11.23,11.53,10.39,101699,63215488.0,10.87,7.05,0.74,9.21,SZ000703
2885,2009-06-08,11.07,11.3,11.69,10.93,61604,39477676.0,6.77,0.62,0.07,5.58,SZ000703
2886,2009-06-09,11.09,11.28,11.64,11.09,37180,23642640.0,4.87,-0.18,-0.02,3.37,SZ000703
2887,2009-06-10,11.18,11.65,12.21,11.18,53084,34988592.0,9.13,3.28,0.37,4.81,SZ000703
2888,2009-06-11,11.55,12.78,12.79,11.41,92095,64752328.0,11.85,9.7,1.13,8.34,SZ000703
2889,2009-06-12,12.74,11.83,13.09,11.64,84179,58643748.0,11.35,-7.43,-0.95,7.62,SZ000703
2890,2009-06-15,11.93,12.99,12.99,11.93,44659,31909708.0,8.96,9.81,1.16,4.04,SZ000703
2891,2009-06-16,13.25,13.37,14.27,13.16,175212,135288752.0,8.55,2.93,0.38,15.86,SZ000703
2892,2009-06-17,12.65,12.55,12.86,12.06,220222,152266368.0,5.98,-6.13,-0.82,19.93,SZ000703
2893,2009-06-18,12.29,11.99,12.29,11.9,125853,85079336.0,3.11,-4.46,-0.56,11.39,SZ000703
2894,2009-06-19,12.06,11.85,12.06,11.72,71906,47900392.0,2.84,-1.17,-0.14,6.51,SZ000703
2895,2009-06-22,11.85,11.46,11.86,11.41,82836,53701860.0,3.8,-3.29,-0.39,7.5,SZ000703
2896,2009-06-23,11.32,11.5,11.69,11.3,66944,43332600.0,3.4,0.35,0.04,6.06,SZ000703
2897,2009-06-24,11.5,11.62,11.67,11.34,51499,33238730.0,2.87,1.04,0.12,4.66,SZ000703
2898,2009-06-25,11.62,11.64,11.79,11.48,55260,36036208.0,2.67,0.17,0.02,5.0,SZ000703
2899,2009-06-26,11.67,11.74,11.79,11.57,47728,31304840.0,1.89,0.86,0.1,4.32,SZ000703
2900,2009-06-29,11.72,11.51,11.79,11.44,47789,31029516.0,2.98,-1.96,-0.23,4.33,SZ000703
2901,2009-06-30,11.44,11.28,11.67,11.2,49559,31722656.0,4.08,-2.0,-0.23,4.49,SZ000703
2902,2009-07-01,11.28,11.83,11.85,11.11,83034,53707480.0,6.56,4.88,0.55,7.52,SZ000703
2903,2009-07-02,11.88,11.64,11.88,11.57,55521,36357944.0,2.62,-1.61,-0.19,5.03,SZ000703
2904,2009-07-03,11.58,11.55,11.69,11.37,46836,30160428.0,2.75,-0.77,-0.09,4.24,SZ000703
2905,2009-07-06,11.55,11.43,11.55,11.32,40005,25522396.0,1.99,-1.04,-0.12,3.62,SZ000703
2906,2009-07-07,11.34,11.39,11.53,11.34,39724,25496026.0,1.66,-0.35,-0.04,3.6,SZ000703
2907,2009-07-08,11.41,11.57,11.67,11.35,47673,30788604.0,2.81,1.58,0.18,4.32,SZ000703
2908,2009-07-09,11.64,11.86,11.99,11.53,91109,60488260.0,3.98,2.51,0.29,8.25,SZ000703
2909,2009-07-10,11.93,12.13,12.81,11.86,128565,88892792.0,8.01,2.28,0.27,11.64,SZ000703
2910,2009-07-13,12.04,12.25,12.57,11.93,73095,50527068.0,5.28,0.99,0.12,6.62,SZ000703
2911,2009-07-14,12.29,12.41,12.62,12.29,67547,47369840.0,2.69,1.31,0.16,6.11,SZ000703
2912,2009-07-15,12.51,12.36,12.65,12.25,56414,39258636.0,3.22,-0.4,-0.05,5.11,SZ000703
2913,2009-07-16,12.46,12.92,12.92,12.34,102900,73095632.0,4.69,4.53,0.56,9.31,SZ000703
2914,2009-07-17,12.95,13.23,13.32,12.81,89021,65476448.0,3.95,2.4,0.31,8.06,SZ000703
2915,2009-07-20,13.23,13.74,13.95,13.06,111975,85763968.0,6.73,3.85,0.51,10.14,SZ000703
2916,2009-07-21,13.76,13.25,13.86,13.11,89703,67533480.0,5.46,-3.57,-0.49,8.12,SZ000703
2917,2009-07-22,13.23,14.57,14.57,13.11,197368,156616752.0,11.02,9.96,1.32,17.87,SZ000703
2918,2009-07-23,14.53,14.23,15.81,14.22,201520,167452848.0,10.91,-2.33,-0.34,18.24,SZ000703
2919,2009-07-24,14.25,14.6,14.74,13.37,150131,119672600.0,9.63,2.6,0.37,13.59,SZ000703
2920,2009-07-27,14.29,14.85,15.18,14.06,137129,113460192.0,7.67,1.71,0.25,12.41,SZ000703
2921,2009-07-28,14.88,14.48,14.92,14.22,75158,60972744.0,4.71,-2.49,-0.37,6.8,SZ000703
2922,2009-07-29,14.22,13.13,14.3,13.06,85638,66001944.0,8.56,-9.32,-1.35,7.75,SZ000703
2923,2009-07-30,13.0,13.32,13.46,12.72,59500,43768760.0,5.64,1.45,0.19,5.39,SZ000703
2924,2009-07-31,13.41,13.83,13.95,13.13,53558,40822012.0,6.16,3.83,0.51,4.85,SZ000703
2925,2009-08-03,13.71,14.0,14.22,13.69,43304,34057460.0,3.83,1.23,0.17,3.92,SZ000703
2926,2009-08-04,14.0,13.72,14.11,13.53,38972,30111678.0,4.14,-2.0,-0.28,3.53,SZ000703
2927,2009-08-05,13.76,14.36,14.39,13.51,62115,49359768.0,6.41,4.66,0.64,5.62,SZ000703
2928,2009-08-06,14.37,13.86,14.37,13.79,35905,28216436.0,4.04,-3.48,-0.5,3.25,SZ000703
2929,2009-08-07,13.86,13.34,14.02,13.23,34136,26171264.0,5.7,-3.75,-0.52,3.09,SZ000703
2930,2009-08-10,13.39,13.3,13.64,13.0,24019,17979280.0,4.8,-0.3,-0.04,2.17,SZ000703
2931,2009-08-11,13.32,13.34,13.43,13.07,16338,12171603.0,2.71,0.3,0.04,1.48,SZ000703
2932,2009-08-12,13.34,12.92,13.37,12.43,28799,20728194.0,7.05,-3.15,-0.42,2.61,SZ000703
2933,2009-08-13,12.88,12.71,12.88,12.57,16478,11794084.0,2.4,-1.63,-0.21,1.49,SZ000703
2934,2009-08-14,12.65,12.65,12.79,12.18,23968,16789078.0,4.8,-0.47,-0.06,2.17,SZ000703
2935,2009-08-17,12.48,11.41,12.62,11.41,32443,21692404.0,9.57,-9.8,-1.24,2.94,SZ000703
2936,2009-08-18,11.06,12.06,12.43,10.88,47575,31950598.0,13.58,5.7,0.65,4.31,SZ000703
2937,2009-08-19,11.9,11.86,12.34,11.55,31969,21603944.0,6.55,-1.66,-0.2,2.89,SZ000703
2938,2009-08-20,11.71,13.04,13.04,11.71,50923,35935916.0,11.21,9.95,1.18,4.61,SZ000703
2939,2009-08-21,13.25,13.69,13.86,13.25,67243,51583908.0,4.68,4.98,0.65,6.09,SZ000703
2940,2009-08-24,13.69,14.71,14.92,13.69,95249,78247168.0,8.98,7.45,1.02,8.62,SZ000703
2941,2009-08-25,14.76,14.55,15.37,14.0,83765,69453168.0,9.31,-1.09,-0.16,7.58,SZ000703
2942,2009-08-26,14.39,14.69,14.88,14.22,49090,40004440.0,4.54,0.96,0.14,4.44,SZ000703
2943,2009-08-27,14.64,14.74,15.27,14.48,52924,44209052.0,5.38,0.34,0.05,4.79,SZ000703
2944,2009-08-28,14.78,14.53,14.88,13.9,45395,36502208.0,6.65,-1.42,-0.21,4.11,SZ000703
2945,2009-08-31,14.48,13.83,14.48,13.46,41453,32694672.0,7.02,-4.82,-0.7,3.75,SZ000703
2946,2009-09-01,13.57,15.09,15.09,13.57,95192,79008432.0,10.99,9.11,1.26,8.62,SZ000703
2947,2009-09-02,14.92,14.57,15.39,14.41,60287,50704624.0,6.49,-3.45,-0.52,5.46,SZ000703
2948,2009-09-03,14.55,15.53,16.01,14.32,86068,74368136.0,11.6,6.59,0.96,7.79,SZ000703
2949,2009-09-04,15.58,15.62,16.29,15.44,85883,76862560.0,5.47,0.58,0.09,7.77,SZ000703
2950,2009-09-07,15.62,15.39,15.87,15.15,88783,76869464.0,4.61,-1.47,-0.23,8.04,SZ000703
2951,2009-09-08,15.22,15.41,15.62,14.85,47339,40913236.0,5.0,0.13,0.02,4.29,SZ000703
2952,2009-09-09,15.37,16.94,16.94,15.27,132081,122379752.0,10.84,9.93,1.53,11.96,SZ000703
2953,2009-09-10,16.85,16.3,17.06,16.27,79481,74193016.0,4.66,-3.78,-0.64,7.19,SZ000703
2954,2009-09-11,16.29,16.92,16.94,16.08,55058,51643496.0,5.28,3.8,0.62,4.98,SZ000703
2955,2009-09-14,17.11,17.22,17.76,16.85,64285,62654192.0,5.38,1.77,0.3,5.82,SZ000703
2956,2009-09-15,17.15,18.34,18.76,17.04,82530,84002840.0,9.99,6.5,1.12,7.47,SZ000703
2957,2009-09-16,18.18,18.18,18.57,17.64,65334,66316512.0,5.07,-0.87,-0.16,5.91,SZ000703
2958,2009-09-17,18.18,18.76,19.48,17.99,67119,71952608.0,8.2,3.19,0.58,6.08,SZ000703
2959,2009-09-18,18.8,17.43,18.8,17.11,62606,63415052.0,9.01,-7.09,-1.33,5.67,SZ000703
2960,2009-09-21,17.02,17.97,18.13,16.3,60782,58438192.0,10.5,3.1,0.54,5.5,SZ000703
2961,2009-09-22,17.92,17.15,18.08,17.06,40100,39667184.0,5.68,-4.56,-0.82,3.63,SZ000703
2962,2009-09-23,16.81,16.6,17.46,16.02,44699,41496720.0,8.4,-3.21,-0.55,4.05,SZ000703
2963,2009-09-24,16.58,15.97,16.64,15.53,31319,28500426.0,6.69,-3.8,-0.63,2.84,SZ000703
2964,2009-09-25,16.06,15.62,16.15,14.65,25005,21889454.0,9.39,-2.19,-0.35,2.26,SZ000703
2965,2009-09-28,15.67,14.57,15.76,14.44,25374,21724752.0,8.45,-6.72,-1.05,2.3,SZ000703
2966,2009-09-29,14.65,14.99,15.43,14.39,27473,23051118.0,7.14,2.88,0.42,2.49,SZ000703
2967,2009-09-30,15.04,14.99,15.62,14.64,25391,21579088.0,6.54,0.0,0.0,2.3,SZ000703
2968,2009-10-09,15.15,15.71,15.78,15.15,33850,29563330.0,4.2,4.8,0.72,3.06,SZ000703
2969,2009-10-12,16.23,15.44,16.23,15.29,37554,33250698.0,5.98,-1.72,-0.27,3.3,SZ000703
2970,2009-10-13,15.34,15.3,15.58,14.92,31467,26762754.0,4.27,-0.91,-0.14,2.77,SZ000703
2971,2009-10-14,15.43,15.8,16.08,15.27,51821,45817144.0,5.29,3.27,0.5,4.56,SZ000703
2972,2009-10-15,15.8,15.74,16.06,15.27,41501,36482132.0,5.0,-0.38,-0.06,3.65,SZ000703
2973,2009-10-16,15.46,15.46,15.78,15.27,23637,20587694.0,3.24,-1.78,-0.28,2.08,SZ000703
2974,2009-10-19,15.44,15.81,15.88,15.27,31539,27806638.0,3.95,2.26,0.35,2.77,SZ000703
2975,2009-10-20,15.92,16.94,17.25,15.83,84542,79949672.0,8.98,7.15,1.13,7.44,SZ000703
2976,2009-10-21,16.6,16.67,17.18,16.23,48586,45922272.0,5.61,-1.59,-0.27,4.27,SZ000703
2977,2009-10-22,16.69,16.87,17.02,16.55,35612,33729528.0,2.82,1.2,0.2,3.13,SZ000703
2978,2009-10-23,16.99,16.67,17.15,16.62,40820,38658644.0,3.14,-1.19,-0.2,3.59,SZ000703
2979,2009-10-26,16.62,16.2,16.62,15.97,43749,39987540.0,3.9,-2.82,-0.47,3.85,SZ000703
2980,2009-10-27,16.15,15.34,16.15,15.34,42197,37068372.0,5.0,-5.31,-0.86,3.71,SZ000703
2981,2009-10-28,15.27,15.53,15.71,15.18,22676,19696494.0,3.46,1.24,0.19,1.99,SZ000703
2982,2009-10-29,15.27,15.51,15.51,15.2,21686,18794972.0,2.0,-0.13,-0.02,1.91,SZ000703
2983,2009-10-30,15.97,15.62,16.46,15.51,61344,55231420.0,6.13,0.71,0.11,5.4,SZ000703
2984,2009-11-02,15.18,15.74,15.95,14.6,42458,36403964.0,8.64,0.77,0.12,3.73,SZ000703
2985,2009-11-03,15.88,16.02,16.11,15.67,54770,49138276.0,2.8,1.78,0.28,4.82,SZ000703
2986,2009-11-04,16.15,16.57,16.83,16.02,63126,58643400.0,5.06,3.43,0.55,5.55,SZ000703
2987,2009-11-05,16.71,16.55,16.76,16.23,45895,42410616.0,3.2,-0.12,-0.02,4.04,SZ000703
2988,2009-11-06,17.36,16.99,18.08,16.95,175505,173337232.0,6.83,2.66,0.44,15.44,SZ000703
2989,2009-11-09,16.73,16.53,16.73,16.25,76105,70523464.0,2.83,-2.71,-0.46,6.69,SZ000703
2990,2009-11-10,16.34,16.5,16.58,16.34,40554,37623036.0,1.45,-0.18,-0.03,3.57,SZ000703
2991,2009-11-11,16.41,16.48,16.57,16.29,33655,31094294.0,1.7,-0.12,-0.02,2.96,SZ000703
2992,2009-11-12,16.48,17.02,17.13,16.39,78221,74255440.0,4.49,3.28,0.54,6.88,SZ000703
2993,2009-11-13,16.67,17.2,17.5,16.67,71010,68708720.0,4.88,1.06,0.18,6.25,SZ000703
2994,2009-11-16,17.29,17.88,18.09,17.11,90854,89896240.0,5.7,3.95,0.68,7.99,SZ000703
2995,2009-11-17,17.73,17.66,18.09,17.48,52220,52048032.0,3.41,-1.23,-0.22,4.59,SZ000703
2996,2009-11-18,17.57,17.27,17.71,17.04,55343,54024968.0,3.79,-2.21,-0.39,4.87,SZ000703
2997,2009-11-19,17.18,17.27,17.37,17.06,61177,59416792.0,1.8,0.0,0.0,5.38,SZ000703
2998,2009-11-20,17.27,18.6,18.97,17.02,137056,140187408.0,11.29,7.7,1.33,12.06,SZ000703
2999,2009-11-23,18.15,18.32,18.69,17.99,101939,105152904.0,3.76,-1.51,-0.28,8.97,SZ000703
3000,2009-11-24,18.36,16.87,18.36,16.64,82024,81983864.0,9.39,-7.91,-1.45,7.21,SZ000703
3001,2009-11-25,16.85,17.29,17.44,16.58,47919,46010124.0,5.1,2.49,0.42,4.21,SZ000703
3002,2009-11-26,17.25,17.99,18.43,17.02,130393,131231136.0,8.16,4.05,0.7,9.16,SZ000703
3003,2009-11-27,17.64,17.22,18.16,17.02,81474,81066160.0,6.34,-4.28,-0.77,5.72,SZ000703
3004,2009-11-30,17.23,18.02,18.04,17.2,60175,60106372.0,4.88,4.65,0.8,4.23,SZ000703
3005,2009-12-01,18.08,18.85,18.85,17.73,129847,135408544.0,6.22,4.61,0.83,9.12,SZ000703
3006,2009-12-02,18.71,19.31,19.45,18.45,130783,140152240.0,5.31,2.44,0.46,9.18,SZ000703
3007,2009-12-03,19.32,19.16,19.62,18.78,98347,106683632.0,4.35,-0.78,-0.15,6.91,SZ000703
3008,2009-12-04,19.22,19.67,20.01,18.5,161060,177085280.0,7.88,2.66,0.51,11.31,SZ000703
3009,2009-12-07,19.53,19.78,20.62,19.16,159365,178465216.0,7.42,0.56,0.11,11.19,SZ000703
3010,2009-12-08,19.57,19.2,19.67,18.94,67647,73332240.0,3.69,-2.93,-0.58,4.75,SZ000703
3011,2009-12-09,18.87,18.41,18.95,18.25,62745,65466524.0,3.65,-4.11,-0.79,4.41,SZ000703
3012,2009-12-10,18.66,18.62,18.8,18.45,29829,31266134.0,1.9,1.14,0.21,2.09,SZ000703
3013,2009-12-14,18.62,18.34,18.74,17.73,28984,29746032.0,5.42,-1.5,-0.28,2.04,SZ000703
3014,2009-12-15,18.22,18.5,18.52,18.01,21105,21835194.0,2.78,0.87,0.16,1.48,SZ000703
3015,2009-12-16,18.39,17.95,18.52,17.87,30373,31021894.0,3.51,-2.97,-0.55,2.13,SZ000703
3016,2009-12-17,17.99,17.22,18.02,17.18,32343,31885402.0,4.68,-4.07,-0.73,2.27,SZ000703
3017,2009-12-18,17.02,16.09,17.22,15.94,39061,36149628.0,7.43,-6.56,-1.13,2.74,SZ000703
3018,2009-12-21,16.08,16.6,16.71,15.99,22813,21002036.0,4.47,3.17,0.51,1.6,SZ000703
3019,2009-12-22,16.83,15.88,16.83,15.83,22559,20632786.0,6.02,-4.34,-0.72,1.58,SZ000703
3020,2009-12-23,15.87,16.08,16.15,15.48,21413,19169268.0,4.22,1.26,0.2,1.5,SZ000703
3021,2009-12-24,16.08,16.67,16.85,15.92,22679,21056174.0,5.78,3.67,0.59,1.59,SZ000703
3022,2009-12-25,16.67,16.81,16.85,16.34,20938,19597402.0,3.06,0.84,0.14,1.47,SZ000703
3023,2009-12-28,16.78,16.99,17.39,16.78,18211,17538602.0,3.63,1.07,0.18,1.28,SZ000703
3024,2009-12-29,16.99,16.97,17.13,16.65,15077,14320249.0,2.83,-0.12,-0.02,1.06,SZ000703
3025,2009-12-30,17.11,16.76,17.11,16.64,15123,14314348.0,2.77,-1.24,-0.21,1.06,SZ000703
3026,2009-12-31,16.81,16.9,16.94,16.67,15786,14933860.0,1.61,0.84,0.14,1.11,SZ000703
3027,2010-01-04,16.97,16.81,17.16,16.76,13160,12571401.0,2.37,-0.53,-0.09,0.92,SZ000703
3028,2010-01-05,16.94,17.64,17.67,16.73,33134,32161220.0,5.59,4.94,0.83,2.33,SZ000703
3029,2010-01-06,17.73,17.66,18.13,17.41,31666,31779050.0,4.08,0.11,0.02,2.22,SZ000703
3030,2010-01-07,17.55,17.74,18.08,17.55,43443,43786876.0,3.0,0.45,0.08,3.05,SZ000703
3031,2010-01-08,17.59,18.37,18.43,17.41,44698,45855276.0,5.75,3.55,0.63,3.14,SZ000703
3032,2010-02-11,20.2,20.2,20.2,20.2,9757,11132965.0,0.0,9.96,1.83,0.69,SZ000703
3033,2010-02-12,22.2,22.2,22.2,22.2,9363,11750314.0,0.0,9.9,2.0,0.66,SZ000703
3034,2010-02-22,24.41,24.41,24.41,24.41,9858,13613277.0,0.0,9.95,2.21,0.69,SZ000703
3035,2010-02-23,26.83,26.83,26.83,26.83,87341,132671192.0,0.0,9.91,2.42,6.13,SZ000703
3036,2010-02-24,28.52,29.5,29.5,27.87,299824,491779840.0,6.08,9.95,2.67,21.05,SZ000703
3037,2010-02-25,30.71,32.43,32.43,30.36,189314,342054304.0,7.02,9.93,2.93,13.29,SZ000703
3038,2010-02-26,34.38,35.66,35.66,34.05,279310,559116224.0,4.96,9.96,3.23,19.61,SZ000703
3039,2010-03-01,36.71,35.89,36.93,34.73,220204,443544672.0,6.17,0.64,0.23,15.46,SZ000703
3040,2010-03-02,35.8,35.98,37.03,35.21,165961,338604864.0,5.07,0.25,0.09,11.65,SZ000703
3041,2010-03-03,35.31,35.91,36.42,34.94,130898,264975600.0,4.11,-0.19,-0.07,9.19,SZ000703
3042,2010-03-04,35.19,35.01,36.77,34.78,180260,363353184.0,5.54,-2.51,-0.9,12.66,SZ000703
3043,2010-03-08,34.85,34.43,35.49,33.87,165585,325339360.0,4.63,-1.66,-0.58,11.63,SZ000703
3044,2010-03-09,34.64,34.28,35.57,34.26,104938,207494352.0,3.8,-0.44,-0.15,7.37,SZ000703
3045,2010-03-10,34.17,33.12,34.78,32.66,115890,221320544.0,6.18,-3.38,-1.16,8.14,SZ000703
3046,2010-03-11,33.35,33.36,33.45,32.82,61035,114723320.0,1.9,0.72,0.24,4.29,SZ000703
3047,2010-03-12,33.56,31.7,33.56,31.7,91339,167143872.0,5.58,-4.98,-1.66,6.41,SZ000703
3048,2010-03-15,31.06,30.71,31.34,30.27,93215,161864480.0,3.38,-3.12,-0.99,6.55,SZ000703
3049,2010-03-16,30.75,31.03,31.22,30.38,45388,79330336.0,2.74,1.04,0.32,3.19,SZ000703
3050,2010-03-17,31.12,31.43,31.84,30.8,71496,127381376.0,3.35,1.29,0.4,5.02,SZ000703
3051,2010-03-18,31.43,31.77,32.08,31.08,58840,104928224.0,3.18,1.08,0.34,4.13,SZ000703
3052,2010-03-19,32.03,31.73,32.05,31.47,31475,56553084.0,1.83,-0.13,-0.04,2.21,SZ000703
3053,2010-03-22,31.43,33.31,33.31,31.43,48175,89654112.0,5.92,4.98,1.58,3.38,SZ000703
3054,2010-03-23,33.78,33.87,34.42,33.26,67720,129623808.0,3.48,1.68,0.56,4.76,SZ000703
3055,2010-03-24,33.78,33.56,34.05,33.29,28053,53375108.0,2.24,-0.92,-0.31,1.97,SZ000703
3056,2010-03-25,33.35,32.87,33.7,32.52,25088,46832708.0,3.52,-2.06,-0.69,1.76,SZ000703
3057,2010-03-29,33.13,32.56,33.85,32.29,30346,56503120.0,4.75,-0.94,-0.31,2.13,SZ000703
3058,2010-03-30,32.34,33.73,34.17,32.34,39831,76230512.0,5.62,3.59,1.17,2.8,SZ000703
3059,2010-03-31,34.05,33.64,34.92,33.64,36694,71178488.0,3.79,-0.27,-0.09,2.58,SZ000703
3060,2010-04-01,33.73,34.03,34.68,33.52,50719,97716456.0,3.45,1.16,0.39,3.56,SZ000703
3061,2010-04-02,34.03,33.87,34.5,33.66,40451,77831200.0,2.47,-0.47,-0.16,2.84,SZ000703
3062,2010-04-06,34.19,35.56,35.56,33.89,62093,122996968.0,4.93,4.99,1.69,4.36,SZ000703
3063,2010-04-07,35.8,35.03,35.91,34.4,43641,86988296.0,4.25,-1.49,-0.53,3.06,SZ000703
3064,2010-04-08,35.24,35.24,36.29,34.84,23551,47048052.0,4.14,0.6,0.21,1.65,SZ000703
3065,2010-04-09,35.19,36.56,36.84,35.19,34916,71768688.0,4.68,3.75,1.32,2.45,SZ000703
3066,2010-04-12,36.57,38.38,38.38,36.5,47517,101562832.0,5.14,4.98,1.82,3.34,SZ000703
3067,2010-04-13,38.52,39.47,40.29,38.43,64252,144189264.0,4.85,2.84,1.09,4.51,SZ000703
3068,2010-04-14,38.89,39.17,40.19,37.91,38513,84668344.0,5.78,-0.76,-0.3,2.7,SZ000703
3069,2010-04-15,38.89,38.26,39.75,37.87,29783,65448368.0,4.8,-2.32,-0.91,2.09,SZ000703
3070,2010-04-16,38.26,38.79,39.52,38.01,19772,43586296.0,3.95,1.39,0.53,1.39,SZ000703
3071,2010-04-19,38.61,36.86,38.61,36.86,49250,103897152.0,4.51,-4.98,-1.93,3.46,SZ000703
3072,2010-04-20,36.47,35.03,36.47,35.03,38621,77230920.0,3.91,-4.96,-1.83,2.71,SZ000703
3073,2010-04-21,34.78,36.29,36.42,34.78,21498,43652916.0,4.68,3.6,1.26,1.51,SZ000703
3074,2010-04-22,36.52,37.29,37.73,35.68,19657,41126892.0,5.65,2.76,1.0,1.38,SZ000703
3075,2010-04-23,37.82,38.19,39.14,37.36,22816,49691832.0,4.77,2.41,0.9,1.6,SZ000703
3076,2010-04-26,38.1,37.21,38.77,37.03,20219,43370112.0,4.56,-2.57,-0.98,1.42,SZ000703
3077,2010-04-27,37.22,35.98,37.86,35.36,23226,47499200.0,6.72,-3.31,-1.23,1.63,SZ000703
3078,2010-04-28,35.1,36.19,36.43,35.1,15480,31417738.0,3.7,0.58,0.21,1.09,SZ000703
3079,2010-04-29,36.57,36.54,38.0,36.5,28732,60766760.0,4.14,0.97,0.35,2.02,SZ000703
3080,2010-04-30,37.91,34.71,37.91,34.71,34515,69523536.0,8.76,-5.01,-1.83,2.42,SZ000703
3081,2010-05-04,34.05,34.68,35.26,33.01,10426,20304776.0,6.48,-0.09,-0.03,0.73,SZ000703
3082,2010-05-05,34.45,34.84,35.1,33.56,14585,28418986.0,4.44,0.46,0.16,1.02,SZ000703
3083,2010-05-06,34.43,34.22,35.47,34.1,13935,27542120.0,3.93,-1.78,-0.62,0.98,SZ000703
3084,2010-05-07,33.54,32.61,34.2,32.61,18360,34804656.0,4.65,-4.7,-1.61,1.29,SZ000703
3085,2010-05-10,32.78,31.13,33.45,30.99,19880,35771296.0,7.54,-4.54,-1.48,1.4,SZ000703
3086,2010-05-11,32.06,29.59,32.26,29.59,16673,28917278.0,8.58,-4.95,-1.54,1.17,SZ000703
3087,2010-05-12,29.54,28.12,29.54,28.12,22038,35430516.0,4.8,-4.97,-1.47,1.55,SZ000703
3088,2010-05-13,27.92,28.5,28.69,26.94,20952,33273518.0,6.22,1.35,0.38,1.47,SZ000703
3089,2010-05-14,28.43,29.92,29.92,27.82,17333,28243232.0,7.37,4.98,1.42,1.22,SZ000703
3090,2010-05-17,29.48,30.1,31.41,29.4,30339,53074932.0,6.72,0.6,0.18,2.13,SZ000703
3091,2010-05-19,30.54,30.59,31.34,29.8,13933,24168658.0,5.12,1.63,0.49,0.98,SZ000703
3092,2010-05-20,30.19,29.06,30.89,29.06,9639,16363763.0,5.98,-5.0,-1.53,0.68,SZ000703
3093,2010-05-21,28.26,29.57,29.66,27.62,21295,34322804.0,7.02,1.75,0.51,1.5,SZ000703
3094,2010-05-24,29.99,30.52,30.89,29.68,15139,26031406.0,4.09,3.21,0.95,1.06,SZ000703
3095,2010-05-25,30.27,30.29,30.78,30.01,9024,15539085.0,2.52,-0.75,-0.23,0.63,SZ000703
3096,2010-05-26,30.61,30.29,30.61,30.01,7853,13464366.0,1.98,0.0,0.0,0.55,SZ000703
3097,2010-05-27,30.36,30.91,31.41,30.08,13936,24297712.0,4.39,2.05,0.62,0.98,SZ000703
3098,2010-05-28,31.38,30.91,31.38,30.73,9505,16689158.0,2.1,0.0,0.0,0.67,SZ000703
3099,2010-05-31,31.17,30.13,31.17,30.03,11137,19288156.0,3.69,-2.52,-0.78,0.78,SZ000703
3100,2010-06-01,29.48,28.87,30.08,28.64,13773,22653138.0,4.78,-4.18,-1.26,0.97,SZ000703
3101,2010-06-02,29.06,28.87,29.22,27.76,7747,12453994.0,5.06,0.0,0.0,0.54,SZ000703
3102,2010-06-03,28.92,29.91,30.31,28.64,19047,32405684.0,5.78,3.6,1.04,1.34,SZ000703
3103,2010-06-04,29.48,30.31,30.54,29.33,13374,22656638.0,4.05,1.34,0.4,0.94,SZ000703
3104,2010-06-07,29.98,29.43,29.98,28.96,8491,14196834.0,3.37,-2.9,-0.88,0.6,SZ000703
3105,2010-06-08,29.43,29.82,30.17,29.34,8217,13859025.0,2.82,1.33,0.39,0.58,SZ000703
3106,2010-06-09,29.98,30.47,30.71,29.66,10118,17309702.0,3.52,2.18,0.65,0.71,SZ000703
3107,2010-06-10,30.45,30.05,30.45,30.03,10103,17310922.0,1.38,-1.38,-0.42,0.71,SZ000703
3108,2010-06-11,30.34,30.29,30.62,30.05,6760,11640440.0,1.9,0.8,0.24,0.47,SZ000703
3109,2010-06-17,30.38,30.45,31.36,30.29,9862,17177984.0,3.53,0.53,0.16,0.69,SZ000703
3110,2010-06-18,30.17,28.94,30.68,28.94,17656,29217474.0,5.71,-4.96,-1.51,1.24,SZ000703
3111,2010-06-21,28.59,29.62,29.62,27.76,12556,20298798.0,6.43,2.35,0.68,0.88,SZ000703
3112,2010-06-22,29.61,29.26,29.71,29.06,6789,11260763.0,2.19,-1.22,-0.36,0.48,SZ000703
3113,2010-06-23,28.8,28.96,29.48,28.8,5330,8783977.0,2.32,-1.03,-0.3,0.37,SZ000703
3114,2010-06-24,28.96,28.96,29.12,28.82,4829,7909071.5,1.04,0.0,0.0,0.34,SZ000703
3115,2010-06-25,28.96,28.24,28.96,27.82,8345,13376585.0,3.94,-2.49,-0.72,0.59,SZ000703
3116,2010-06-28,28.57,27.55,28.57,27.5,5582,8809623.0,3.79,-2.44,-0.69,0.39,SZ000703
3117,2010-06-29,27.31,26.18,27.82,26.18,10370,15596689.0,5.95,-4.97,-1.37,0.73,SZ000703
3118,2010-06-30,25.2,24.89,25.62,24.89,14078,19872170.0,2.79,-4.93,-1.29,0.99,SZ000703
3119,2010-07-01,25.24,24.46,25.24,24.39,3831,5336843.0,3.42,-1.73,-0.43,0.27,SZ000703
3120,2010-07-02,24.04,24.83,24.92,23.92,6886,9591372.0,4.09,1.51,0.37,0.48,SZ000703
3121,2010-07-05,24.83,25.73,26.06,24.61,9112,13275599.0,5.84,3.62,0.9,0.64,SZ000703
3122,2010-07-06,25.97,26.24,26.55,25.47,7593,11209939.0,4.2,1.98,0.51,0.53,SZ000703
3123,2010-07-07,25.82,25.96,26.68,25.62,11238,16572424.0,4.04,-1.07,-0.28,0.79,SZ000703
3124,2010-07-08,25.71,26.06,26.33,25.71,6291,9245633.0,2.39,0.39,0.1,0.44,SZ000703
3125,2010-07-09,26.24,26.59,26.68,25.85,8307,12391964.0,3.18,2.03,0.53,0.58,SZ000703
3126,2010-07-12,26.68,26.64,27.08,26.52,5829,8804311.0,2.11,0.19,0.05,0.41,SZ000703
3127,2010-07-13,26.76,25.97,26.76,25.97,5277,7824059.0,2.97,-2.52,-0.67,0.37,SZ000703
3128,2010-07-14,25.68,25.96,26.62,25.68,6938,10268435.0,3.62,-0.04,-0.01,0.49,SZ000703
3129,2010-07-15,25.96,25.01,26.18,24.99,8445,12228955.0,4.58,-3.66,-0.95,0.59,SZ000703
3130,2010-07-16,25.1,24.5,25.1,24.13,9659,13392371.0,3.88,-2.04,-0.51,0.68,SZ000703
3131,2010-07-19,24.59,25.15,25.27,23.92,8756,12205260.0,5.51,2.65,0.65,0.61,SZ000703
3132,2010-07-20,25.15,26.4,26.4,25.15,9514,14102415.0,4.97,4.97,1.25,0.67,SZ000703
3133,2010-07-21,27.13,26.82,27.62,26.57,12057,18524374.0,3.98,1.59,0.42,0.85,SZ000703
3134,2010-07-22,26.55,26.97,27.08,26.55,8025,12211773.0,1.98,0.56,0.15,0.56,SZ000703
3135,2010-07-23,27.29,28.01,28.24,27.29,18276,28821536.0,3.52,3.86,1.04,1.28,SZ000703
3136,2010-07-26,28.17,28.62,29.12,27.99,9646,15520621.0,4.03,2.18,0.61,0.68,SZ000703
3137,2010-07-27,28.62,28.43,28.62,28.1,7257,11673191.0,1.82,-0.66,-0.19,0.51,SZ000703
3138,2010-07-28,28.26,28.96,29.12,28.15,13371,21658916.0,3.41,1.86,0.53,0.94,SZ000703
3139,2010-07-29,28.94,28.87,29.24,28.73,6751,11053807.0,1.76,-0.31,-0.09,0.47,SZ000703
3140,2010-07-30,29.26,29.13,29.33,28.82,8633,14181882.0,1.77,0.9,0.26,0.61,SZ000703
3141,2010-08-02,29.13,29.66,29.87,28.96,10019,16766453.0,3.12,1.82,0.53,0.7,SZ000703
3142,2010-08-03,29.66,30.24,30.71,29.48,18150,30971496.0,4.15,1.96,0.58,1.27,SZ000703
3143,2010-08-04,30.54,30.22,30.54,28.96,14251,24150548.0,5.22,-0.07,-0.02,1.0,SZ000703
3144,2010-08-05,30.22,31.26,31.55,30.03,15039,26258360.0,5.03,3.44,1.04,1.06,SZ000703
3145,2010-08-06,31.13,32.1,32.29,31.12,13638,24697456.0,3.74,2.69,0.84,0.96,SZ000703
3146,2010-08-09,32.24,31.71,32.27,31.41,12358,22313436.0,2.68,-1.21,-0.39,0.87,SZ000703
3147,2010-08-10,31.87,30.55,31.98,30.54,12481,21957848.0,4.54,-3.66,-1.16,0.88,SZ000703
3148,2010-08-11,30.89,30.68,30.89,30.22,12217,21068470.0,2.19,0.43,0.13,0.86,SZ000703
3149,2010-08-12,29.66,30.17,30.54,29.66,10132,17241578.0,2.87,-1.66,-0.51,0.71,SZ000703
3150,2010-08-13,30.17,29.78,30.45,29.19,19989,33474970.0,4.18,-1.29,-0.39,1.4,SZ000703
3151,2010-08-16,30.01,30.12,30.66,29.62,30668,52155420.0,3.49,1.14,0.34,2.15,SZ000703
3152,2010-08-17,30.12,29.38,30.45,29.29,25004,42069696.0,3.85,-2.46,-0.74,1.76,SZ000703
3153,2010-08-18,29.34,30.84,30.84,29.34,38407,66703424.0,5.11,4.97,1.46,2.7,SZ000703
3154,2010-08-19,32.06,32.36,32.36,31.06,47091,86218992.0,4.22,4.93,1.52,3.31,SZ000703
3155,2010-08-20,33.29,33.98,33.98,33.12,16886,32331042.0,2.66,5.01,1.62,1.19,SZ000703
3156,2010-08-23,35.66,35.66,35.66,35.66,6582,13307914.0,0.0,4.94,1.68,0.46,SZ000703
3157,2010-08-24,37.43,36.15,37.43,35.98,101768,212725184.0,4.07,1.37,0.49,7.15,SZ000703
3158,2010-08-25,35.43,35.75,37.38,35.31,42161,86056064.0,5.73,-1.11,-0.4,2.96,SZ000703
3159,2010-08-26,36.15,36.63,36.66,35.31,19629,39960636.0,3.78,2.46,0.88,1.38,SZ000703
3160,2010-08-27,36.87,38.45,38.45,36.15,36384,77713304.0,6.28,4.97,1.82,2.55,SZ000703
3161,2010-08-30,39.84,38.86,40.37,38.49,85137,191629280.0,4.89,1.07,0.41,5.98,SZ000703
3162,2010-08-31,38.17,40.79,40.79,38.1,59839,135411312.0,6.92,4.97,1.93,4.2,SZ000703
3163,2010-09-01,41.52,40.01,42.03,39.56,59732,137148256.0,6.06,-1.91,-0.78,4.19,SZ000703
3164,2010-09-02,39.93,40.75,41.42,39.93,28894,66909356.0,3.72,1.85,0.74,2.03,SZ000703
3165,2010-09-03,40.52,41.91,42.65,40.15,47346,111213392.0,6.13,2.85,1.16,3.32,SZ000703
3166,2010-09-06,41.87,44.0,44.0,41.87,47833,117540776.0,5.08,4.99,2.09,3.36,SZ000703
3167,2010-09-07,44.58,46.19,46.19,44.07,40674,105205936.0,4.82,4.98,2.19,2.86,SZ000703
3168,2010-09-08,47.35,48.44,48.49,46.95,60141,164895824.0,3.33,4.87,2.25,4.22,SZ000703
3169,2010-09-09,48.6,47.56,49.7,46.24,46825,127801952.0,7.14,-1.82,-0.88,3.29,SZ000703
3170,2010-09-10,47.96,47.74,48.33,45.81,40519,107893960.0,5.3,0.38,0.18,2.85,SZ000703
3171,2010-09-13,47.56,49.32,50.0,47.56,27262,75938824.0,5.11,3.31,1.58,1.91,SZ000703
3172,2010-09-14,49.3,48.63,50.19,48.63,19806,55337732.0,3.16,-1.4,-0.69,1.39,SZ000703
3173,2010-09-15,48.46,46.21,49.19,46.21,31302,83874888.0,6.13,-4.98,-2.42,2.2,SZ000703
3174,2010-09-16,45.26,43.91,45.28,43.91,26344,65939776.0,2.96,-4.98,-2.3,1.85,SZ000703
3175,2010-09-17,42.56,46.07,46.1,42.56,54042,139240544.0,8.06,4.92,2.16,3.79,SZ000703
3176,2010-09-20,47.0,48.37,48.37,46.65,42885,116290760.0,3.73,4.99,2.3,3.01,SZ000703
3177,2010-09-21,48.35,49.32,50.54,48.35,33950,96222544.0,4.53,1.96,0.95,2.38,SZ000703
3178,2010-09-27,49.56,49.84,51.42,49.37,28011,79939072.0,4.16,1.05,0.52,1.97,SZ000703
3179,2010-09-28,50.46,49.14,50.54,48.1,33878,93891400.0,4.9,-1.4,-0.7,2.38,SZ000703
3180,2010-09-29,49.12,48.7,50.54,48.46,28626,80165568.0,4.23,-0.9,-0.44,2.01,SZ000703
3181,2010-09-30,48.96,48.81,49.32,48.26,18014,49937112.0,2.18,0.23,0.11,1.27,SZ000703
3182,2010-10-08,49.26,49.32,49.63,48.49,24110,67299184.0,2.34,1.04,0.51,1.69,SZ000703
3183,2010-10-11,49.35,50.81,51.77,49.35,63621,184619376.0,4.91,3.02,1.49,4.47,SZ000703
3184,2010-10-12,51.74,52.39,53.33,50.9,76939,229247680.0,4.78,3.11,1.58,5.4,SZ000703
3185,2010-10-13,51.97,52.58,53.51,51.95,35126,105485656.0,2.98,0.36,0.19,2.47,SZ000703
3186,2010-10-14,52.76,55.19,55.19,52.76,54153,168722848.0,4.62,4.96,2.61,3.8,SZ000703
3187,2010-10-15,56.77,57.95,57.95,55.21,28778,93765464.0,4.96,5.0,2.76,2.02,SZ000703
3188,2010-10-18,60.72,59.11,60.85,55.98,69753,235634656.0,8.4,2.0,1.16,4.9,SZ000703
3189,2010-10-19,58.09,56.34,59.62,56.16,66275,213373472.0,5.85,-4.69,-2.77,4.65,SZ000703
3190,2010-10-20,56.14,59.14,59.14,54.76,48135,159624608.0,7.77,4.97,2.8,3.38,SZ000703
3191,2010-10-21,59.81,58.44,60.64,57.39,24791,82527712.0,5.5,-1.18,-0.7,1.74,SZ000703
3192,2010-10-22,58.63,55.81,58.79,55.53,44661,142139072.0,5.58,-4.5,-2.63,3.14,SZ000703
3193,2010-10-25,55.83,56.34,57.65,53.7,32592,103655312.0,7.08,0.95,0.53,2.29,SZ000703
3194,2010-10-26,56.16,55.7,57.72,54.76,26618,84441976.0,5.25,-1.14,-0.64,1.87,SZ000703
3195,2010-10-27,55.63,55.81,56.74,54.49,20645,65534584.0,4.04,0.2,0.11,1.45,SZ000703
3196,2010-10-28,54.91,55.69,55.77,54.4,20361,63544612.0,2.45,-0.22,-0.12,1.43,SZ000703
3197,2010-10-29,55.69,58.46,58.46,54.93,38820,126406416.0,6.34,4.97,2.77,2.73,SZ000703
3198,2010-11-01,59.85,61.37,61.37,59.67,27709,96434408.0,2.91,4.98,2.91,1.95,SZ000703
3199,2010-11-02,63.0,58.32,63.0,58.32,70672,237773056.0,7.63,-4.97,-3.05,4.96,SZ000703
3200,2010-11-03,56.6,57.88,59.83,55.55,39437,128799624.0,7.34,-0.75,-0.44,2.77,SZ000703
3201,2010-11-04,58.07,57.95,59.11,57.39,21812,72044984.0,2.97,0.12,0.07,1.53,SZ000703
3202,2010-11-05,58.86,58.42,59.85,57.91,27674,92506544.0,3.35,0.81,0.47,1.94,SZ000703
3203,2010-11-08,59.53,61.34,61.34,58.58,45664,156675616.0,4.72,5.0,2.92,3.21,SZ000703
3204,2010-11-09,62.92,61.21,62.92,60.86,35860,125747256.0,3.36,-0.21,-0.13,2.52,SZ000703
3205,2010-11-10,59.86,60.83,62.44,59.86,31326,109162744.0,4.21,-0.62,-0.38,2.2,SZ000703
3206,2010-11-11,60.57,59.32,62.44,59.18,32396,112416080.0,5.36,-2.48,-1.51,2.27,SZ000703
3207,2010-11-12,58.97,56.37,58.97,56.37,40849,132499896.0,4.38,-4.97,-2.95,2.87,SZ000703
3208,2010-11-15,54.05,55.9,56.86,53.56,31716,98965016.0,5.85,-0.83,-0.47,2.23,SZ000703
3209,2010-11-16,55.98,53.11,56.62,53.11,24262,75291680.0,6.28,-4.99,-2.79,1.7,SZ000703
3210,2010-11-17,52.4,50.9,53.18,50.46,25267,74215416.0,5.12,-4.16,-2.21,1.77,SZ000703
3211,2010-11-18,51.95,53.21,53.32,51.95,20549,61765424.0,2.69,4.54,2.31,1.44,SZ000703
3212,2010-11-19,53.23,55.77,55.77,53.23,19507,61025108.0,4.77,4.81,2.56,1.37,SZ000703
3213,2010-11-22,55.77,56.63,58.07,54.93,18733,60321448.0,5.63,1.54,0.86,1.32,SZ000703
3214,2010-11-23,56.69,55.74,57.2,54.58,17984,56632988.0,4.63,-1.57,-0.89,1.26,SZ000703
3215,2010-11-24,55.74,57.04,57.39,55.46,16598,53542432.0,3.46,2.33,1.3,1.17,SZ000703
3216,2010-11-25,57.02,56.91,57.99,56.35,11402,37002768.0,2.88,-0.23,-0.13,0.8,SZ000703
3217,2010-11-26,56.95,56.91,57.91,56.37,11961,38752248.0,2.71,0.0,0.0,0.84,SZ000703
3218,2010-11-29,56.83,57.07,57.56,56.83,11736,38131196.0,1.28,0.28,0.16,0.82,SZ000703
3219,2010-11-30,57.06,55.72,57.35,54.23,20748,65703876.0,5.47,-2.37,-1.35,1.46,SZ000703
3220,2010-12-01,54.95,54.9,55.9,54.16,9806,30587410.0,3.12,-1.47,-0.82,0.69,SZ000703
3221,2010-12-02,55.63,55.77,56.34,55.12,10816,34235160.0,2.22,1.58,0.87,0.76,SZ000703
3222,2010-12-03,55.79,58.55,58.55,55.46,18278,59244504.0,5.54,4.98,2.78,1.28,SZ000703
3223,2010-12-06,58.55,61.34,61.46,58.55,46948,163189376.0,4.97,4.77,2.79,3.3,SZ000703
3224,2010-12-07,61.44,60.72,61.78,59.85,20198,70023864.0,3.15,-1.01,-0.62,1.42,SZ000703
3225,2010-12-08,61.16,61.83,62.46,60.74,17753,62034700.0,2.83,1.83,1.11,1.25,SZ000703
3226,2010-12-09,62.13,59.78,62.13,59.55,16458,56749588.0,4.17,-3.32,-2.05,1.16,SZ000703
3227,2010-12-10,59.11,60.9,61.18,59.11,12230,42186468.0,3.46,1.87,1.12,0.86,SZ000703
3228,2010-12-13,61.39,61.69,61.95,60.37,18361,63853968.0,2.59,1.3,0.79,1.29,SZ000703
3229,2010-12-14,61.69,61.72,62.13,61.42,12666,44400496.0,1.15,0.05,0.03,0.89,SZ000703
3230,2010-12-15,61.42,64.79,64.79,61.27,33289,120808584.0,5.7,4.97,3.07,2.34,SZ000703
3231,2010-12-16,64.25,66.6,67.92,64.23,25070,95083360.0,5.7,2.79,1.81,1.76,SZ000703
3232,2010-12-17,64.93,69.69,69.83,64.93,30839,119985176.0,7.36,4.64,3.09,2.17,SZ000703
3233,2010-12-20,69.83,70.06,72.1,67.74,29902,118948376.0,6.26,0.53,0.37,2.1,SZ000703
3234,2010-12-21,70.52,71.95,73.01,70.39,20267,82985888.0,3.74,2.7,1.89,1.42,SZ000703
3235,2010-12-22,72.48,71.78,74.24,71.6,22698,94015344.0,3.67,-0.24,-0.17,1.59,SZ000703
3236,2010-12-23,71.78,70.31,72.71,68.46,21163,85102224.0,5.92,-2.05,-1.47,1.49,SZ000703
3237,2010-12-24,70.22,73.82,73.82,69.64,39288,163485824.0,5.95,4.99,3.51,2.76,SZ000703
3238,2010-12-27,77.04,77.5,77.5,73.9,41160,180823344.0,4.88,4.99,3.68,2.89,SZ000703
3239,2010-12-31,81.33,79.85,81.33,73.64,69035,303899616.0,9.92,3.03,2.35,4.85,SZ000703
3240,2011-01-04,79.87,79.41,81.22,77.75,19081,85988400.0,4.35,-0.55,-0.44,1.34,SZ000703
3241,2011-01-05,79.15,81.59,82.64,78.41,16428,75697040.0,5.33,2.75,2.18,1.15,SZ000703
3242,2011-01-06,82.63,79.91,82.63,78.8,17352,79594584.0,4.69,-2.06,-1.68,1.22,SZ000703
3243,2011-01-07,79.17,78.19,80.03,77.92,12589,56346220.0,2.64,-2.15,-1.72,0.88,SZ000703
3244,2011-01-10,77.92,79.54,81.26,77.92,8618,39074188.0,4.27,1.73,1.35,0.61,SZ000703
3245,2011-01-11,80.03,75.78,80.55,75.57,12669,55718152.0,6.26,-4.73,-3.76,0.89,SZ000703
3246,2011-01-12,75.64,77.22,78.26,75.29,8188,35473596.0,3.92,1.9,1.44,0.57,SZ000703
3247,2011-01-13,76.59,75.48,77.2,75.31,8993,38804848.0,2.45,-2.25,-1.74,0.63,SZ000703
3248,2011-01-14,75.55,73.04,75.99,72.13,11296,47349472.0,5.11,-3.23,-2.44,0.79,SZ000703
3249,2011-01-17,73.04,71.57,73.53,70.43,12895,52617828.0,4.24,-2.01,-1.47,0.91,SZ000703
3250,2011-01-18,71.6,73.62,75.1,71.08,11058,46549100.0,5.62,2.86,2.05,0.78,SZ000703
3251,2011-01-19,73.64,74.66,75.64,73.64,9721,41292712.0,2.72,1.41,1.04,0.68,SZ000703
3252,2011-01-20,74.66,70.94,75.1,70.94,16069,65509544.0,5.57,-4.98,-3.72,1.13,SZ000703
3253,2011-01-21,70.22,70.38,71.04,67.83,13529,53754640.0,4.52,-0.79,-0.56,0.95,SZ000703
3254,2011-01-24,69.15,68.2,69.15,66.87,21258,82276904.0,3.24,-3.1,-2.18,1.49,SZ000703
3255,2011-01-25,67.74,64.79,67.74,64.79,23310,86765840.0,4.33,-5.0,-3.41,1.64,SZ000703
3256,2011-01-26,64.76,61.57,64.76,61.57,16222,57055208.0,4.92,-4.97,-3.22,1.14,SZ000703
3257,2011-01-27,58.77,58.49,58.79,58.49,7152,23786534.0,0.49,-5.0,-3.08,0.5,SZ000703
3258,2011-01-28,58.49,61.41,61.41,57.56,6876,23321964.0,6.58,4.99,2.92,0.48,SZ000703
3259,2011-01-31,64.46,64.46,64.46,64.46,576,2109155.5,0.0,4.97,3.05,0.04,SZ000703
3260,2011-02-01,67.67,67.67,67.67,67.67,233,897271.81,0.0,4.98,3.21,0.02,SZ000703
3261,2011-02-09,71.04,71.04,71.04,71.04,694,2800433.75,0.0,4.98,3.37,0.05,SZ000703
3262,2011-02-10,74.59,73.17,74.59,71.25,46681,195223488.0,4.7,3.0,2.13,3.28,SZ000703
3263,2011-02-11,72.24,76.82,76.82,71.95,21843,93393368.0,6.66,4.99,3.65,1.53,SZ000703
3264,2011-02-14,77.04,77.41,80.01,76.8,21426,95604280.0,4.18,0.77,0.59,1.5,SZ000703
3265,2011-02-15,77.04,77.68,79.33,76.69,11821,52505640.0,3.41,0.35,0.27,0.83,SZ000703
3266,2011-02-16,77.68,81.41,81.43,77.68,20102,91392792.0,4.83,4.8,3.73,1.41,SZ000703
3267,2011-02-17,81.96,81.52,83.68,79.24,19397,89476888.0,5.45,0.14,0.11,1.36,SZ000703
3268,2011-02-18,81.71,77.45,81.78,77.45,30090,134775072.0,5.31,-4.99,-4.07,2.11,SZ000703
3269,2011-02-21,77.4,78.68,80.31,73.71,23345,103131272.0,8.52,1.59,1.23,1.64,SZ000703
3270,2011-02-22,78.47,75.06,78.61,74.75,20831,89974456.0,4.91,-4.6,-3.62,1.46,SZ000703
3271,2011-02-23,75.08,77.2,78.1,75.06,14248,61922820.0,4.05,2.85,2.14,1.0,SZ000703
3272,2011-02-24,77.2,75.96,77.4,75.29,7041,30562490.0,2.73,-1.61,-1.24,0.49,SZ000703
3273,2011-02-25,75.99,78.27,79.15,75.52,8218,35980268.0,4.78,3.04,2.31,0.58,SZ000703
3274,2011-02-28,79.68,79.06,79.68,77.75,10216,45668456.0,2.47,1.01,0.79,0.72,SZ000703
3275,2011-03-01,79.68,81.64,82.48,79.15,16502,76426152.0,4.21,3.26,2.58,1.16,SZ000703
3276,2011-03-02,82.31,81.55,82.48,80.92,11816,54856576.0,1.91,-0.11,-0.09,0.83,SZ000703
3277,2011-03-03,81.96,81.78,85.29,81.52,16090,76407088.0,4.62,0.28,0.23,1.13,SZ000703
3278,2011-03-04,81.82,81.52,82.66,79.68,11516,53087616.0,3.64,-0.32,-0.26,0.81,SZ000703
3279,2011-03-07,81.61,83.19,84.06,81.61,12842,60678616.0,3.01,2.05,1.67,0.9,SZ000703
3280,2011-03-08,82.75,83.34,84.01,82.7,5986,28315134.0,1.57,0.18,0.15,0.42,SZ000703
3281,2011-03-09,83.5,82.66,84.33,82.41,9743,46029120.0,2.3,-0.82,-0.68,0.68,SZ000703
3282,2011-03-10,82.5,82.84,83.82,82.31,10081,47473736.0,1.83,0.22,0.18,0.71,SZ000703
3283,2011-03-14,84.2,84.61,86.15,82.85,15244,73352480.0,3.98,2.14,1.77,1.07,SZ000703
3284,2011-03-15,84.42,82.68,85.05,81.8,12767,60447528.0,3.84,-2.28,-1.93,0.9,SZ000703
3285,2011-03-16,82.66,83.01,84.01,81.8,6574,30868462.0,2.67,0.4,0.33,0.46,SZ000703
3286,2011-03-17,82.63,80.2,82.66,79.15,11371,52328452.0,4.23,-3.39,-2.81,0.8,SZ000703
3287,2011-03-18,82.1,82.48,82.54,80.92,5568,25874118.0,2.02,2.84,2.28,0.39,SZ000703
3288,2011-03-21,82.57,83.8,85.29,82.08,9731,46466096.0,3.89,1.6,1.32,0.68,SZ000703
3289,2011-03-22,84.71,83.73,84.77,83.06,5135,24447528.0,2.04,-0.08,-0.07,0.36,SZ000703
3290,2011-03-23,83.89,83.82,84.06,82.45,6495,30747644.0,1.92,0.11,0.09,0.46,SZ000703
3291,2011-03-24,83.82,83.01,84.73,82.84,6742,32019386.0,2.25,-0.97,-0.81,0.47,SZ000703
3292,2011-03-25,83.01,82.56,84.06,82.1,8958,42195876.0,2.36,-0.54,-0.45,0.63,SZ000703
3293,2011-03-28,82.05,79.85,83.1,78.62,12155,55567556.0,5.43,-3.28,-2.71,0.85,SZ000703
3294,2011-03-29,79.31,78.2,80.87,77.4,14484,64946564.0,4.35,-2.07,-1.65,1.02,SZ000703
3295,2011-03-30,78.27,76.31,80.36,75.99,11343,50050204.0,5.59,-2.42,-1.89,0.8,SZ000703
3296,2011-03-31,76.52,77.1,78.27,73.67,15285,65367992.0,6.03,1.04,0.79,1.07,SZ000703
3297,2011-04-01,77.1,77.92,78.97,77.1,7804,34585020.0,2.43,1.06,0.82,0.55,SZ000703
3298,2011-04-06,77.92,77.59,79.13,76.96,6107,26974458.0,2.78,-0.42,-0.33,0.43,SZ000703
3299,2011-04-07,77.4,77.04,78.17,76.17,7017,30841850.0,2.58,-0.71,-0.55,0.49,SZ000703
3300,2011-04-08,76.66,79.13,79.17,76.54,7637,34010012.0,3.41,2.71,2.09,0.54,SZ000703
3301,2011-04-11,80.03,79.94,81.96,79.38,11549,53096124.0,3.26,1.02,0.81,0.81,SZ000703
3302,2011-04-12,79.94,80.55,80.73,79.52,6615,30167462.0,1.51,0.76,0.61,0.46,SZ000703
3303,2011-04-13,80.55,83.19,83.71,79.27,29082,136570608.0,5.51,3.28,2.64,2.04,SZ000703
3304,2011-04-14,83.27,87.35,87.35,82.31,19746,97111568.0,6.06,5.0,4.16,1.39,SZ000703
3305,2011-04-15,89.65,91.7,91.7,89.5,20506,106768912.0,2.52,4.98,4.35,1.44,SZ000703
3306,2011-04-19,95.82,91.42,95.82,87.71,39369,205635632.0,8.84,-0.31,-0.28,2.76,SZ000703
3307,2011-04-20,89.5,90.21,92.66,89.33,14199,72993896.0,3.64,-1.32,-1.21,1.0,SZ000703
3308,2011-04-21,90.22,89.15,91.07,89.15,9744,49748348.0,2.13,-1.18,-1.06,0.68,SZ000703
3309,2011-04-22,89.68,88.26,90.03,87.49,9049,45415584.0,2.85,-1.0,-0.89,0.64,SZ000703
3310,2011-04-25,88.26,86.35,88.26,86.33,8040,39717360.0,2.19,-2.16,-1.91,0.56,SZ000703
3311,2011-04-26,86.35,86.43,86.87,84.77,8932,43639908.0,2.43,0.09,0.08,0.63,SZ000703
3312,2011-04-27,87.14,89.47,90.75,86.35,15081,77168328.0,5.09,3.52,3.04,1.06,SZ000703
3313,2011-04-28,89.47,87.64,91.93,87.05,12226,62568800.0,5.45,-2.05,-1.83,0.86,SZ000703
3314,2011-04-29,87.93,88.31,89.08,86.63,8723,43582844.0,2.8,0.76,0.67,0.61,SZ000703
3315,2011-05-03,88.98,88.63,90.17,87.26,6804,34499064.0,3.3,0.36,0.32,0.48,SZ000703
3316,2011-05-04,88.28,88.79,88.89,87.52,7222,36325724.0,1.55,0.18,0.16,0.51,SZ000703
3317,2011-05-05,89.68,87.77,89.7,87.4,7589,37955824.0,2.59,-1.15,-1.02,0.53,SZ000703
3318,2011-05-06,87.57,86.42,87.82,85.64,6986,34403932.0,2.48,-1.54,-1.35,0.49,SZ000703
3319,2011-05-09,86.56,88.79,88.8,86.56,6081,30477076.0,2.59,2.74,2.37,0.43,SZ000703
3320,2011-05-10,88.45,90.51,91.14,88.45,7032,36182684.0,3.03,1.94,1.72,0.54,SZ000703
3321,2011-05-11,91.61,89.15,92.24,88.79,8464,43276576.0,3.81,-1.5,-1.36,0.65,SZ000703
3322,2011-05-12,87.98,87.86,89.68,87.05,6467,32313102.0,2.95,-1.45,-1.29,0.49,SZ000703
3323,2011-05-13,87.86,88.77,91.4,87.86,12726,65016200.0,4.03,1.04,0.91,0.97,SZ000703
3324,2011-05-17,89.68,85.75,91.26,84.35,15408,76204832.0,7.78,-3.4,-3.02,1.18,SZ000703
3325,2011-05-18,85.43,83.92,86.5,81.96,10588,50258428.0,5.29,-2.13,-1.83,0.81,SZ000703
3326,2011-05-19,82.7,82.05,84.4,81.43,10038,47018036.0,3.54,-2.23,-1.87,0.77,SZ000703
3327,2011-05-20,82.45,83.01,84.15,79.15,6403,30088086.0,6.09,1.17,0.96,0.49,SZ000703
3328,2011-05-23,83.01,81.19,83.54,81.05,6485,30306908.0,3.0,-2.19,-1.82,0.5,SZ000703
3329,2011-05-24,81.78,79.5,81.78,79.33,5942,27016800.0,3.02,-2.08,-1.69,0.45,SZ000703
3330,2011-05-25,79.5,81.77,83.1,79.5,4802,22373622.0,4.53,2.86,2.27,0.37,SZ000703
3331,2011-05-26,82.57,81.13,82.57,80.94,2656,12295558.0,1.99,-0.78,-0.64,0.2,SZ000703
3332,2011-05-27,81.92,79.5,81.92,79.19,3993,18107922.0,3.36,-2.01,-1.63,0.31,SZ000703
3333,2011-05-30,80.47,75.82,80.87,75.54,8996,39949252.0,6.7,-4.63,-3.68,0.69,SZ000703
3334,2011-05-31,75.82,75.46,76.52,72.13,6667,28020016.0,5.79,-0.47,-0.36,0.51,SZ000703
3335,2011-06-01,76.13,79.24,79.24,75.29,6140,27459146.0,5.23,5.01,3.78,0.47,SZ000703
3336,2011-06-02,80.03,80.59,82.45,78.8,7549,34582356.0,4.61,1.7,1.35,0.58,SZ000703
3337,2011-06-03,80.73,82.84,83.33,80.59,7115,33476908.0,3.4,2.79,2.25,0.54,SZ000703
3338,2011-06-09,87.93,81.8,87.93,81.43,23865,113907800.0,7.85,-1.26,-1.04,1.82,SZ000703
3339,2011-06-13,83.01,84.87,86.52,81.5,19057,91711744.0,6.14,3.75,3.07,1.46,SZ000703
3340,2011-06-14,84.13,82.91,85.08,82.38,11814,56056040.0,3.18,-2.31,-1.96,0.9,SZ000703
3341,2011-06-15,82.08,81.06,82.91,80.82,7857,36426864.0,2.52,-2.23,-1.85,0.6,SZ000703
3342,2011-06-16,80.99,77.15,80.99,77.13,5819,26035758.0,4.76,-4.82,-3.91,0.44,SZ000703
3343,2011-06-17,76.87,78.33,84.24,75.73,6342,28940192.0,11.03,1.53,1.18,0.48,SZ000703
3344,2011-06-20,78.1,76.04,78.89,74.76,5880,25503460.0,5.27,-2.92,-2.29,0.45,SZ000703
3345,2011-06-27,82.75,81.2,82.75,80.2,12885,59743328.0,3.35,6.79,5.16,0.99,SZ000703
3346,2011-06-28,82.66,82.13,83.8,81.61,9861,46344348.0,2.7,1.15,0.93,0.75,SZ000703
3347,2011-06-29,83.15,81.01,83.54,80.91,6183,28792150.0,3.2,-1.36,-1.12,0.47,SZ000703
3348,2011-06-30,81.01,81.4,82.27,80.99,4311,19952636.0,1.58,0.48,0.39,0.33,SZ000703
3349,2011-07-01,81.78,80.05,81.78,79.91,6279,28876846.0,2.3,-1.66,-1.35,0.48,SZ000703
3350,2011-07-04,81.61,80.59,81.61,80.05,8714,39960968.0,1.95,0.67,0.54,0.67,SZ000703
3351,2011-07-05,80.61,79.15,81.31,78.62,10745,48604248.0,3.34,-1.79,-1.44,0.82,SZ000703
3352,2011-07-06,78.8,77.64,78.8,76.18,13320,58455236.0,3.31,-1.91,-1.51,1.02,SZ000703
3353,2011-07-07,77.13,79.15,79.85,75.68,10813,48251376.0,5.37,1.94,1.51,0.83,SZ000703
3354,2011-07-08,79.19,76.78,79.5,76.69,14624,64196272.0,3.55,-2.99,-2.37,1.12,SZ000703
3355,2011-07-11,76.59,78.01,79.08,76.04,7306,32450806.0,3.96,1.6,1.23,0.56,SZ000703
3356,2011-07-12,77.31,76.71,77.71,76.17,5141,22449756.0,1.97,-1.67,-1.3,0.39,SZ000703
3357,2011-07-13,76.71,77.36,77.68,76.71,4491,19724718.0,1.26,0.85,0.65,0.34,SZ000703
3358,2011-07-14,77.89,79.83,81.26,77.43,11293,51272584.0,4.95,3.19,2.47,0.86,SZ000703
3359,2011-07-15,79.5,79.98,80.62,78.83,5310,24094348.0,2.24,0.19,0.15,0.41,SZ000703
3360,2011-07-18,79.83,78.66,80.64,78.38,7881,35391568.0,2.83,-1.65,-1.32,0.6,SZ000703
3361,2011-07-19,79.22,77.36,79.33,77.36,4595,20254170.0,2.5,-1.65,-1.3,0.35,SZ000703
3362,2011-07-20,77.75,76.66,78.73,75.99,8423,36726280.0,3.54,-0.9,-0.7,0.64,SZ000703
3363,2011-07-21,77.04,76.52,77.48,75.99,3454,15074667.0,1.94,-0.18,-0.14,0.26,SZ000703
3364,2011-07-22,76.52,76.73,77.38,76.52,2953,12914731.0,1.12,0.27,0.21,0.23,SZ000703
3365,2011-07-25,76.54,74.83,77.04,74.8,5800,24818560.0,2.92,-2.48,-1.9,0.44,SZ000703
3366,2011-07-26,75.29,76.52,77.34,74.32,5092,21911988.0,4.04,2.26,1.69,0.39,SZ000703
3367,2011-07-27,76.55,77.01,77.75,76.4,4446,19496324.0,1.76,0.64,0.49,0.34,SZ000703
3368,2011-07-28,75.82,76.17,76.76,75.64,5232,22619036.0,1.45,-1.09,-0.84,0.4,SZ000703
3369,2011-07-29,76.64,76.2,76.99,75.64,3490,15173969.0,1.77,0.04,0.03,0.27,SZ000703
3370,2011-08-01,76.17,76.48,77.96,76.15,3752,16428399.0,2.38,0.37,0.28,0.29,SZ000703
3371,2011-08-02,76.48,76.2,77.01,75.01,4250,18311706.0,2.62,-0.37,-0.28,0.32,SZ000703
3372,2011-08-03,75.39,75.71,76.48,75.39,3804,16405507.0,1.43,-0.64,-0.49,0.29,SZ000703
3373,2011-08-04,75.82,78.27,78.8,75.46,9126,40082604.0,4.41,3.38,2.56,0.7,SZ000703
3374,2011-08-05,76.48,77.2,77.89,75.64,6997,30715196.0,2.87,-1.37,-1.07,0.53,SZ000703
3375,2011-08-08,77.08,73.66,77.08,72.34,8029,33838560.0,6.14,-4.59,-3.54,0.61,SZ000703
3376,2011-08-09,71.74,73.89,74.06,67.59,9360,38143172.0,8.78,0.31,0.23,0.72,SZ000703
3377,2011-08-10,74.24,76.69,77.4,74.24,10407,45289664.0,4.28,3.79,2.8,0.8,SZ000703
3378,2011-08-11,75.5,78.97,79.4,74.38,13963,61796028.0,6.55,2.97,2.28,1.07,SZ000703
3379,2011-08-12,78.97,86.17,86.17,78.97,47301,225732592.0,9.12,9.12,7.2,3.62,SZ000703
3380,2011-08-15,85.26,82.92,87.01,82.7,32711,156292096.0,5.0,-3.77,-3.25,2.5,SZ000703
3381,2011-08-16,82.66,82.31,84.24,80.52,24399,113931960.0,4.49,-0.74,-0.61,1.87,SZ000703
3382,2011-08-17,82.31,82.57,83.5,80.89,13214,61861580.0,3.17,0.32,0.26,1.01,SZ000703
3383,2011-08-18,82.91,79.64,82.91,79.17,13293,60974064.0,4.53,-3.55,-2.93,1.02,SZ000703
3384,2011-08-19,78.01,78.55,79.19,76.52,9525,42266996.0,3.35,-1.37,-1.09,0.73,SZ000703
3385,2011-08-22,77.59,77.22,79.15,77.18,6573,29230178.0,2.51,-1.69,-1.33,0.5,SZ000703
3386,2011-08-23,78.22,78.54,79.48,77.57,8625,38592320.0,2.47,1.71,1.32,0.66,SZ000703
3387,2011-08-24,79.33,78.73,79.99,78.45,8228,37042808.0,1.96,0.24,0.19,0.63,SZ000703
3388,2011-08-25,78.89,79.61,79.62,77.61,7402,33118872.0,2.55,1.12,0.88,0.57,SZ000703
3389,2011-08-26,79.59,81.57,81.75,79.19,14004,64545528.0,3.22,2.46,1.96,1.07,SZ000703
3390,2011-08-29,81.57,80.94,83.33,80.2,13662,63626604.0,3.84,-0.77,-0.63,1.04,SZ000703
3391,2011-08-31,80.38,79.66,80.38,79.34,6764,30672908.0,1.28,-1.58,-1.28,0.52,SZ000703
3392,2011-09-01,80.27,79.05,80.89,78.73,5344,24089176.0,2.71,-0.77,-0.61,0.41,SZ000703
3393,2011-09-02,78.36,78.1,79.4,77.8,3325,14772858.0,2.02,-1.2,-0.95,0.25,SZ000703
3394,2011-09-05,78.27,75.25,78.27,75.08,7976,34359628.0,4.08,-3.65,-2.85,0.61,SZ000703
3395,2011-09-06,73.89,74.15,75.29,73.53,4009,16903294.0,2.34,-1.46,-1.1,0.31,SZ000703
3396,2011-09-07,74.38,75.64,76.48,74.08,3427,14647706.0,3.24,2.01,1.49,0.26,SZ000703
3397,2011-09-08,75.66,74.25,76.34,74.24,5407,23320924.0,2.78,-1.84,-1.39,0.41,SZ000703
3398,2011-09-09,74.38,74.96,76.47,74.32,3700,15893541.0,2.9,0.96,0.71,0.28,SZ000703
3399,2011-09-13,74.36,75.78,76.52,73.03,6136,26347366.0,4.66,1.09,0.82,0.47,SZ000703
3400,2011-09-14,76.34,77.11,77.38,75.75,5407,23602360.0,2.15,1.76,1.33,0.41,SZ000703
3401,2011-09-15,77.48,76.64,77.57,76.59,5270,23085930.0,1.27,-0.61,-0.47,0.4,SZ000703
3402,2011-09-16,77.66,78.27,80.69,77.66,10131,45598188.0,3.95,2.13,1.63,0.77,SZ000703
3403,2011-09-19,77.78,77.75,78.89,77.38,6491,28824892.0,1.93,-0.66,-0.52,0.5,SZ000703
3404,2011-09-20,78.1,76.85,78.17,76.52,5526,24219090.0,2.12,-1.16,-0.9,0.42,SZ000703
3405,2011-09-21,76.85,78.59,78.83,76.18,6937,30640210.0,3.45,2.26,1.74,0.53,SZ000703
3406,2011-09-22,77.92,75.55,77.92,75.52,5615,24415822.0,3.05,-3.87,-3.04,0.43,SZ000703
3407,2011-09-23,73.92,74.41,75.57,72.48,5829,24501126.0,4.09,-1.51,-1.14,0.45,SZ000703
3408,2011-09-26,73.8,72.6,74.87,72.27,4561,19038748.0,3.49,-2.43,-1.81,0.35,SZ000703
3409,2011-09-27,72.85,73.2,74.55,72.71,3280,13665196.0,2.53,0.83,0.6,0.25,SZ000703
3410,2011-09-28,73.78,72.62,75.25,72.29,3938,16420713.0,4.04,-0.79,-0.58,0.3,SZ000703
3411,2011-09-29,71.87,69.06,71.87,69.01,7866,31287478.0,3.94,-4.9,-3.56,0.6,SZ000703
3412,2011-09-30,69.3,70.88,71.15,69.3,4600,18372622.0,2.68,2.64,1.82,0.35,SZ000703
3413,2011-10-10,71.95,73.62,75.64,71.95,9936,41751940.0,5.21,3.87,2.74,0.76,SZ000703
3414,2011-10-11,75.38,73.31,75.82,72.67,7649,32222248.0,4.28,-0.42,-0.31,0.58,SZ000703
3415,2011-10-12,72.94,74.69,75.03,71.13,9003,37619216.0,5.32,1.88,1.38,0.69,SZ000703
3416,2011-10-13,74.69,75.75,76.4,74.69,11978,51540880.0,2.29,1.42,1.06,0.92,SZ000703
3417,2011-10-14,75.78,74.38,75.9,73.89,8700,36823372.0,2.65,-1.81,-1.37,0.67,SZ000703
3418,2011-10-17,74.66,74.66,75.46,74.04,4832,20496582.0,1.91,0.38,0.28,0.37,SZ000703
3419,2011-10-18,74.64,72.8,74.64,72.74,5068,21200384.0,2.54,-2.49,-1.86,0.39,SZ000703
3420,2011-10-19,72.8,72.32,73.83,72.31,3066,12700436.0,2.09,-0.66,-0.48,0.23,SZ000703
3421,2011-10-20,71.62,69.36,72.62,68.94,8883,35215968.0,5.09,-4.09,-2.96,0.68,SZ000703
3422,2011-10-21,69.67,70.18,72.13,69.5,7536,30288362.0,3.79,1.18,0.82,0.58,SZ000703
3423,2011-10-24,71.92,72.59,74.92,71.45,16156,66844228.0,4.94,3.43,2.41,1.24,SZ000703
3424,2011-10-26,74.06,73.71,75.2,73.38,14114,59401064.0,2.51,1.54,1.12,1.08,SZ000703
3425,2011-10-27,73.22,74.11,74.71,73.22,14198,59430048.0,2.02,0.54,0.4,1.09,SZ000703
3426,2011-10-28,75.17,74.55,75.43,73.9,8648,36628836.0,2.06,0.59,0.44,0.66,SZ000703
3427,2011-10-31,74.55,73.99,75.55,73.92,9747,41239064.0,2.19,-0.75,-0.56,0.75,SZ000703
3428,2011-11-01,73.52,72.53,73.85,72.5,9228,38261776.0,1.82,-1.97,-1.46,0.71,SZ000703
3429,2011-11-02,70.66,73.36,73.36,70.39,9293,37644444.0,4.09,1.14,0.83,0.71,SZ000703
3430,2011-11-03,74.41,73.64,74.73,73.43,15213,63928992.0,1.77,0.38,0.28,1.16,SZ000703
3431,2011-11-04,73.99,73.94,74.41,73.53,8779,36915400.0,1.2,0.41,0.3,0.67,SZ000703
3432,2011-11-07,73.8,72.73,74.45,72.64,7105,29705882.0,2.45,-1.64,-1.21,0.54,SZ000703
3433,2011-11-08,73.45,75.43,76.48,73.41,32953,141412304.0,4.22,3.71,2.7,2.52,SZ000703
3434,2011-11-09,75.5,76.08,77.38,74.87,21514,92996584.0,3.33,0.86,0.65,1.64,SZ000703
3435,2011-11-10,75.11,75.55,75.96,74.24,16525,70429736.0,2.26,-0.7,-0.53,1.26,SZ000703
3436,2011-11-11,75.57,75.18,75.99,74.87,10145,43372768.0,1.48,-0.49,-0.37,0.78,SZ000703
3437,2011-11-14,75.82,76.17,76.69,75.64,18958,82060832.0,1.4,1.32,0.99,1.45,SZ000703
3438,2011-11-15,76.96,76.5,77.17,75.85,18345,79852952.0,1.73,0.43,0.33,1.4,SZ000703
3439,2011-11-16,76.66,73.71,76.66,73.64,15757,67097944.0,3.95,-3.65,-2.79,1.2,SZ000703
3440,2011-11-17,74.15,73.52,74.62,73.1,11117,46668384.0,2.06,-0.26,-0.19,0.85,SZ000703
3441,2011-11-18,73.53,73.87,73.87,72.34,10113,41945468.0,2.08,0.48,0.35,0.77,SZ000703
3442,2011-11-21,74.01,74.34,74.76,73.01,9442,39811660.0,2.37,0.64,0.47,0.72,SZ000703
3443,2011-11-22,73.66,72.94,73.83,72.31,7363,30595228.0,2.04,-1.88,-1.4,0.56,SZ000703
3444,2011-11-23,72.94,72.43,74.01,72.31,5639,23286582.0,2.33,-0.7,-0.51,0.43,SZ000703
3445,2011-11-24,71.78,71.06,72.25,70.57,8511,34407228.0,2.32,-1.89,-1.37,0.65,SZ000703
3446,2011-11-25,71.6,70.02,71.6,69.8,8224,33065758.0,2.53,-1.46,-1.04,0.63,SZ000703
3447,2011-11-28,70.71,68.41,70.78,67.74,17030,66423152.0,4.34,-2.3,-1.61,1.3,SZ000703
3448,2011-11-29,68.8,68.71,69.15,67.74,13520,52581260.0,2.06,0.44,0.3,1.03,SZ000703
3449,2011-12-01,68.62,68.8,71.25,67.94,29504,116209408.0,4.82,0.13,0.09,2.26,SZ000703
3450,2011-12-02,68.62,64.92,68.62,64.02,19174,71989504.0,6.69,-5.64,-3.88,1.47,SZ000703
3451,2011-12-05,65.09,61.28,65.11,61.07,17019,60269144.0,6.22,-5.61,-3.64,1.3,SZ000703
3452,2011-12-06,61.6,61.23,61.92,60.55,7672,26670678.0,2.24,-0.08,-0.05,0.59,SZ000703
3453,2011-12-07,61.34,61.88,61.93,60.9,7147,24949960.0,1.68,1.06,0.65,0.55,SZ000703
3454,2011-12-08,61.41,60.88,61.88,59.49,9479,32756256.0,3.86,-1.62,-1.0,0.72,SZ000703
3455,2011-12-09,60.2,59.14,61.02,58.77,9540,32304528.0,3.7,-2.86,-1.74,0.73,SZ000703
3456,2011-12-12,59.3,57.7,59.65,57.7,9020,30223970.0,3.3,-2.43,-1.44,0.69,SZ000703
3457,2011-12-13,57.21,53.7,57.39,52.11,20593,63481964.0,9.15,-6.93,-4.0,1.57,SZ000703
3458,2011-12-14,53.62,51.47,53.62,51.35,24904,73930352.0,4.23,-4.15,-2.23,1.9,SZ000703
3459,2011-12-15,51.47,50.54,51.6,50.02,18854,54163884.0,3.07,-1.81,-0.93,1.44,SZ000703
3460,2011-12-16,50.39,53.09,53.12,50.39,16170,47529580.0,5.4,5.05,2.55,1.24,SZ000703
3461,2011-12-19,52.37,56.34,56.62,50.58,26391,80178464.0,11.38,6.12,3.25,2.02,SZ000703
3462,2011-12-20,55.63,56.32,57.69,55.14,21125,67657144.0,4.53,-0.04,-0.02,1.61,SZ000703
3463,2011-12-21,56.93,54.02,57.35,53.88,13525,42960252.0,6.16,-4.08,-2.3,1.03,SZ000703
3464,2011-12-22,54.04,53.7,54.58,50.86,17138,51570552.0,6.89,-0.59,-0.32,1.31,SZ000703
3465,2011-12-23,54.05,53.4,54.93,53.02,14770,45237192.0,3.56,-0.56,-0.3,1.13,SZ000703
3466,2011-12-26,53.4,52.51,53.97,52.21,6621,19947436.0,3.3,-1.67,-0.89,0.51,SZ000703
3467,2011-12-27,52.33,50.95,52.74,50.51,9652,28202154.0,4.25,-2.97,-1.56,0.74,SZ000703
3468,2011-12-28,50.81,51.88,51.88,50.39,10880,31727030.0,2.92,1.83,0.93,0.83,SZ000703
3469,2011-12-29,51.53,51.65,52.42,51.3,8366,24681290.0,2.16,-0.44,-0.23,0.64,SZ000703
3470,2011-12-30,52.04,53.16,53.25,52.04,13083,39238208.0,2.34,2.92,1.51,1.0,SZ000703
3471,2012-01-04,54.04,53.88,55.46,53.81,21087,65597400.0,3.1,1.35,0.72,1.61,SZ000703
3472,2012-01-05,53.86,56.53,58.97,53.19,39183,127179544.0,10.73,4.92,2.65,3.0,SZ000703
3473,2012-01-09,58.18,62.16,62.16,58.18,49916,172269152.0,7.04,9.96,5.63,3.82,SZ000703
3474,2012-01-10,62.37,63.88,64.86,61.72,40743,147060720.0,5.05,2.77,1.72,3.11,SZ000703
3475,2012-01-11,63.36,64.44,65.64,63.06,32454,119175192.0,4.04,0.88,0.56,2.48,SZ000703
3476,2012-01-12,64.23,63.88,65.29,63.02,26066,94803776.0,3.52,-0.87,-0.56,1.99,SZ000703
3477,2012-01-13,64.34,61.6,64.34,61.51,25651,90867376.0,4.43,-3.57,-2.28,1.96,SZ000703
3478,2012-01-16,61.0,61.76,64.18,60.09,24781,88094992.0,6.64,0.26,0.16,1.89,SZ000703
3479,2012-01-17,61.76,64.9,64.97,60.42,31721,113943008.0,7.37,5.08,3.14,2.42,SZ000703
3480,2012-01-18,64.76,63.57,65.99,62.71,23506,85723856.0,5.05,-2.05,-1.33,1.8,SZ000703
3481,2012-01-19,63.67,63.44,64.51,62.85,15438,55739816.0,2.61,-0.2,-0.13,1.18,SZ000703
3482,2012-01-20,58.11,61.35,62.44,58.11,49529,170279536.0,6.83,-3.29,-2.09,3.79,SZ000703
3483,2012-01-30,61.95,62.65,63.53,60.9,24848,87895744.0,4.29,2.12,1.3,1.9,SZ000703
3484,2012-01-31,61.95,62.13,63.32,61.6,14345,50647596.0,2.75,-0.83,-0.52,1.1,SZ000703
3485,2012-02-01,62.11,61.42,62.65,61.42,11090,39025268.0,1.98,-1.14,-0.71,0.85,SZ000703
3486,2012-02-02,61.6,62.13,62.25,60.9,12473,43559648.0,2.2,1.16,0.71,0.95,SZ000703
3487,2012-02-03,61.93,62.57,63.27,61.62,17053,60752992.0,2.66,0.71,0.44,1.3,SZ000703
3488,2012-02-06,62.85,67.02,67.73,62.3,44244,164443552.0,8.68,7.11,4.45,3.38,SZ000703
3489,2012-02-07,67.02,65.25,67.02,64.64,26274,97820744.0,3.55,-2.64,-1.77,2.01,SZ000703
3490,2012-02-08,65.29,67.09,67.66,65.29,28283,107761976.0,3.63,2.82,1.84,2.16,SZ000703
3491,2012-02-09,66.48,66.48,67.66,65.95,21535,81670760.0,2.55,-0.91,-0.61,1.65,SZ000703
3492,2012-02-10,67.71,67.36,67.71,66.51,17201,65601200.0,1.81,1.32,0.88,1.31,SZ000703
3493,2012-02-13,66.6,68.55,69.48,66.11,22002,85699376.0,5.0,1.77,1.19,1.68,SZ000703
3494,2012-02-14,68.44,69.18,69.66,68.2,18134,71222032.0,2.13,0.92,0.63,1.39,SZ000703
3495,2012-02-15,69.18,69.18,69.5,68.2,15223,59561836.0,1.88,0.0,0.0,1.16,SZ000703
3496,2012-02-16,68.71,69.66,70.15,68.23,19764,77650256.0,2.78,0.69,0.48,1.51,SZ000703
3497,2012-02-17,70.38,70.02,70.38,69.2,15094,59926212.0,1.69,0.52,0.36,1.15,SZ000703
3498,2012-02-20,74.46,73.01,74.46,71.31,33444,138183264.0,4.5,4.27,2.99,2.56,SZ000703
3499,2012-02-21,73.67,73.45,76.5,72.13,50916,215617376.0,5.99,0.6,0.44,3.89,SZ000703
3500,2012-02-22,74.75,73.59,74.75,71.78,43403,180006928.0,4.04,0.19,0.14,3.32,SZ000703
3501,2012-02-23,73.53,72.39,73.87,71.34,32946,136113984.0,3.44,-1.63,-1.2,2.52,SZ000703
3502,2012-02-24,72.39,73.15,73.83,71.92,22701,94405496.0,2.64,1.05,0.76,1.74,SZ000703
3503,2012-02-27,73.11,73.32,74.52,72.67,37327,156250848.0,2.53,0.23,0.17,2.85,SZ000703
3504,2012-02-28,72.67,73.46,74.36,72.62,29788,124619288.0,2.37,0.19,0.14,2.28,SZ000703
3505,2012-02-29,73.01,73.25,74.24,72.96,19628,82125200.0,1.74,-0.29,-0.21,1.5,SZ000703
3506,2012-03-01,73.24,72.92,73.67,72.17,19676,81568864.0,2.05,-0.45,-0.33,1.5,SZ000703
3507,2012-03-02,73.27,74.1,74.38,72.31,22488,94459784.0,2.84,1.62,1.18,1.72,SZ000703
3508,2012-03-05,74.52,77.06,78.62,74.03,59783,261647360.0,6.19,3.99,2.96,4.57,SZ000703
3509,2012-03-07,76.52,79.13,84.05,75.66,56131,255654144.0,10.89,2.69,2.07,4.29,SZ000703
3510,2012-03-08,79.85,81.59,81.61,77.97,43228,196218928.0,4.6,3.11,2.46,3.3,SZ000703
3511,2012-03-09,81.55,82.03,83.84,80.52,41694,195029968.0,4.07,0.54,0.44,3.19,SZ000703
3512,2012-03-12,81.96,80.57,81.96,80.19,30072,137999472.0,2.16,-1.78,-1.46,2.3,SZ000703
3513,2012-03-14,82.47,75.85,83.01,75.15,53370,240336128.0,9.76,-5.86,-4.72,4.08,SZ000703
3514,2012-03-15,75.13,75.89,77.4,72.89,30758,131515512.0,5.95,0.05,0.04,2.35,SZ000703
3515,2012-03-16,75.92,76.06,77.03,74.24,24548,105501784.0,3.68,0.22,0.17,1.87,SZ000703
3516,2012-03-19,76.11,78.94,78.94,74.94,33013,144700640.0,5.26,3.79,2.88,2.52,SZ000703
3517,2012-03-20,81.41,83.12,85.22,80.13,97210,456463152.0,6.45,5.3,4.18,7.42,SZ000703
3518,2012-03-21,83.75,81.77,84.2,78.97,56519,260435178.0,6.29,-1.62,-1.35,4.31,SZ000703
3519,2012-03-22,81.43,81.78,83.45,80.03,31163,145265679.0,4.18,0.01,0.01,2.38,SZ000703
3520,2012-03-23,82.27,80.03,83.34,77.97,46913,214418912.0,6.57,-2.14,-1.75,3.58,SZ000703
3521,2012-03-26,80.41,78.2,80.82,76.52,34212,151823901.0,5.37,-2.29,-1.83,2.61,SZ000703
3522,2012-03-27,76.38,73.57,78.03,72.9,90503,188949094.0,6.56,-5.92,-4.63,3.45,SZ000703
3523,2012-03-28,72.87,75.18,78.34,70.76,121869,254460328.0,10.3,2.19,1.61,4.65,SZ000703
3524,2012-03-29,75.46,75.57,77.36,72.41,95300,200265031.0,6.58,0.52,0.39,3.64,SZ000703
3525,2012-03-30,75.57,75.32,76.8,73.11,66072,137974290.0,4.88,-0.33,-0.25,2.52,SZ000703
3526,2012-04-05,74.62,76.31,76.62,73.82,60280,126783988.0,3.72,1.31,0.99,2.3,SZ000703
3527,2012-04-06,76.31,73.32,76.31,72.76,74011,152030786.0,4.65,-3.92,-2.99,2.83,SZ000703
3528,2012-04-09,72.13,68.97,72.13,68.8,70440,136844858.0,4.54,-5.93,-4.35,2.69,SZ000703
3529,2012-04-11,70.02,75.68,75.68,69.32,81422,168447539.0,9.22,9.73,6.71,3.11,SZ000703
3530,2012-04-12,79.15,76.38,79.15,75.68,122510,262559962.0,4.59,0.92,0.7,4.68,SZ000703
3531,2012-04-13,75.43,77.75,78.52,74.24,106085,224043362.0,5.6,1.79,1.37,4.05,SZ000703
3532,2012-04-16,77.22,77.01,78.41,75.85,62890,135374060.0,3.29,-0.95,-0.74,2.4,SZ000703
3533,2012-04-17,76.8,75.71,77.92,75.01,52009,110225291.0,3.78,-1.69,-1.3,1.99,SZ000703
3534,2012-04-18,75.64,76.06,76.66,75.08,44100,92872258.0,2.09,0.46,0.35,1.68,SZ000703
3535,2012-04-19,75.68,74.8,76.31,73.99,37687,78826763.0,3.05,-1.66,-1.26,1.44,SZ000703
3536,2012-04-20,73.89,74.94,76.27,73.39,37612,78792237.0,3.85,0.19,0.14,1.44,SZ000703
3537,2012-04-23,76.1,73.92,77.4,73.82,46304,97119317.0,4.78,-1.36,-1.02,1.77,SZ000703
3538,2012-04-24,72.97,72.48,75.29,71.08,41991,84888224.0,5.7,-1.95,-1.44,1.6,SZ000703
3539,2012-04-25,72.48,71.22,73.08,70.38,43339,85702155.0,3.73,-1.74,-1.26,1.65,SZ000703
3540,2012-04-27,71.78,74.06,77.57,71.46,57799,120077400.0,8.58,3.99,2.84,2.21,SZ000703
3541,2012-05-02,75.64,74.73,76.34,73.11,52929,109364981.0,4.36,0.9,0.67,2.02,SZ000703
3542,2012-05-03,74.06,74.03,74.69,73.92,31622,65086743.0,1.03,-0.94,-0.7,1.21,SZ000703
3543,2012-05-04,74.1,74.41,74.59,73.32,32121,65956722.0,1.72,0.51,0.38,1.23,SZ000703
3544,2012-05-07,73.96,72.55,73.99,71.08,74979,150240387.0,3.91,-2.5,-1.86,2.86,SZ000703
3545,2012-05-08,72.48,71.74,72.48,71.08,40403,80226589.0,1.93,-1.12,-0.81,1.54,SZ000703
3546,2012-05-09,71.08,70.87,72.62,70.62,36950,73257569.0,2.79,-1.21,-0.87,1.41,SZ000703
3547,2012-05-10,70.83,70.87,71.39,70.52,32800,64478721.0,1.23,0.0,0.0,1.25,SZ000703
3548,2012-05-11,70.62,71.64,72.52,70.55,43728,86715889.0,2.78,1.09,0.77,1.67,SZ000703
3549,2012-05-14,72.24,70.66,72.31,70.59,34514,67939795.0,2.4,-1.37,-0.98,1.32,SZ000703
3550,2012-05-15,69.32,68.9,69.67,67.95,38945,74171165.0,2.43,-2.49,-1.76,1.49,SZ000703
3551,2012-05-16,68.62,67.95,69.25,67.95,20664,39116306.0,1.89,-1.38,-0.95,0.79,SZ000703
3552,2012-05-17,68.44,67.99,68.76,67.15,24776,46580247.0,2.37,0.06,0.04,0.95,SZ000703
3553,2012-05-18,67.57,64.86,67.57,64.76,37300,68163578.0,4.13,-4.6,-3.13,1.42,SZ000703
3554,2012-05-21,65.04,63.92,65.71,62.83,24918,44286791.0,4.44,-1.45,-0.94,0.95,SZ000703
3555,2012-05-22,63.39,65.29,65.29,63.36,33214,59264307.0,3.02,2.14,1.37,1.27,SZ000703
3556,2012-05-23,65.29,64.41,65.29,64.09,19501,34753216.0,1.84,-1.35,-0.88,0.74,SZ000703
3557,2012-05-24,64.23,63.11,64.34,62.93,26129,45825698.0,2.19,-2.02,-1.3,1.0,SZ000703
3558,2012-05-25,63.07,63.18,63.88,62.65,23856,41694148.0,1.95,0.11,0.07,0.91,SZ000703
3559,2012-05-28,63.18,63.32,63.32,61.42,22278,38492024.0,3.01,0.22,0.14,0.85,SZ000703
3560,2012-05-29,64.48,67.18,68.87,64.44,59645,110580003.0,7.0,6.1,3.86,2.28,SZ000703
3561,2012-05-30,67.08,66.02,67.08,65.53,28184,51638706.0,2.31,-1.73,-1.16,1.08,SZ000703
3562,2012-05-31,65.39,65.85,66.55,65.01,23477,42666919.0,2.33,-0.26,-0.17,0.9,SZ000703
3563,2012-06-01,65.85,67.6,68.8,65.46,54605,101982736.0,5.07,2.66,1.75,2.08,SZ000703
3564,2012-06-04,65.57,65.32,67.04,65.25,29334,53704410.0,2.65,-3.37,-2.28,1.12,SZ000703
3565,2012-06-05,65.11,63.88,66.48,63.81,28415,50869593.0,4.09,-2.2,-1.44,1.08,SZ000703
3566,2012-06-06,65.11,62.62,65.11,62.37,21464,37585524.0,4.29,-1.97,-1.26,0.82,SZ000703
3567,2012-06-07,63.36,62.37,64.06,61.99,17540,30415858.0,3.31,-0.4,-0.25,0.67,SZ000703
3568,2012-06-08,63.29,61.35,63.29,60.9,18751,32101059.0,3.83,-1.64,-1.02,0.72,SZ000703
3569,2012-06-11,61.42,62.65,62.76,61.32,19233,32975448.0,2.35,2.12,1.3,0.73,SZ000703
3570,2012-06-12,62.3,62.72,63.14,62.02,15108,26106729.0,1.79,0.11,0.07,0.58,SZ000703
3571,2012-06-13,63.0,64.97,65.04,62.72,29869,52784584.0,3.7,3.59,2.25,1.14,SZ000703
3572,2012-06-14,64.76,64.97,66.23,64.2,33065,59930343.0,3.12,0.0,0.0,1.26,SZ000703
3573,2012-06-15,65.46,65.08,66.16,64.76,24661,44580747.0,2.15,0.17,0.11,0.94,SZ000703
3574,2012-06-18,65.11,65.46,66.13,65.04,18349,33278040.0,1.67,0.58,0.38,0.7,SZ000703
3575,2012-06-19,65.5,64.34,65.74,64.23,16230,29151108.0,2.31,-1.71,-1.12,0.62,SZ000703
3576,2012-06-20,64.2,64.51,65.43,64.2,11322,20288206.0,1.91,0.26,0.17,0.43,SZ000703
3577,2012-06-21,65.11,64.41,65.64,64.06,20791,37225634.0,2.45,-0.16,-0.1,0.79,SZ000703
3578,2012-06-26,62.76,60.48,62.79,59.32,32194,54095800.0,5.39,-6.1,-3.93,1.23,SZ000703
3579,2012-06-27,60.51,61.25,62.69,60.51,18667,31779851.0,3.6,1.27,0.77,0.71,SZ000703
3580,2012-06-28,61.6,61.5,61.99,60.97,21525,36575453.0,1.67,0.41,0.25,0.82,SZ000703
3581,2012-06-29,61.21,60.3,61.99,60.3,38315,64454301.0,2.75,-1.95,-1.2,1.46,SZ000703
3582,2012-07-02,60.62,61.28,61.95,60.58,25245,42590877.0,2.27,1.63,0.98,0.96,SZ000703
3583,2012-07-03,61.07,61.14,61.67,60.58,16930,28574779.0,1.78,-0.23,-0.14,0.65,SZ000703
3584,2012-07-04,61.07,62.9,63.88,60.93,29414,51117131.0,4.82,2.88,1.76,1.12,SZ000703
3585,2012-07-05,62.02,61.28,62.58,60.65,17282,29316101.0,3.07,-2.58,-1.62,0.66,SZ000703
3586,2012-07-06,62.65,62.06,62.65,60.51,14817,25198567.0,3.49,1.27,0.78,0.57,SZ000703
3587,2012-07-09,60.97,60.02,61.92,60.02,15840,26563928.0,3.06,-3.29,-2.04,0.6,SZ000703
3588,2012-07-10,60.09,59.18,61.04,59.07,13501,22235176.0,3.28,-1.4,-0.84,0.52,SZ000703
3589,2012-07-11,59.11,57.77,59.14,57.32,23715,37737685.0,3.08,-2.38,-1.41,0.91,SZ000703
3590,2012-07-12,57.67,58.72,59.0,57.14,22951,36768735.0,3.22,1.64,0.95,0.88,SZ000703
3591,2012-07-13,55.28,53.04,55.63,53.04,64792,94959779.0,4.41,-9.67,-5.68,2.47,SZ000703
3592,2012-07-16,51.18,50.05,51.18,47.91,52998,71509355.0,6.17,-5.64,-2.99,2.02,SZ000703
3593,2012-07-17,48.96,49.63,50.02,48.61,19065,25805365.0,2.82,-0.84,-0.42,0.73,SZ000703
3594,2012-07-18,49.49,48.68,49.49,47.74,30093,39805542.0,3.53,-1.91,-0.95,1.15,SZ000703
3595,2012-07-19,48.72,49.07,50.09,48.68,27305,36925949.0,2.9,0.8,0.39,1.04,SZ000703
3596,2012-07-20,49.07,49.63,50.19,49.07,21188,28842113.0,2.28,1.14,0.56,0.81,SZ000703
3597,2012-07-23,50.09,49.74,50.12,48.68,22921,31128651.0,2.9,0.22,0.11,0.87,SZ000703
3598,2012-07-24,49.14,49.25,50.02,47.95,18043,24144278.0,4.16,-0.99,-0.49,0.69,SZ000703
3599,2012-07-25,49.25,48.3,49.25,48.19,11753,15650539.0,2.15,-1.93,-0.95,0.45,SZ000703
3600,2012-07-26,48.33,48.26,48.86,47.91,13871,18366520.0,1.97,-0.08,-0.04,0.53,SZ000703
3601,2012-07-27,48.72,49.32,49.67,48.3,20942,28234904.0,2.84,2.2,1.06,0.8,SZ000703
3602,2012-07-30,49.39,50.65,50.86,48.96,27820,38335475.0,3.85,2.7,1.33,1.06,SZ000703
3603,2012-07-31,50.65,51.28,52.69,50.37,26714,37869352.0,4.58,1.24,0.63,1.02,SZ000703
3604,2012-08-01,50.3,51.07,51.42,50.02,18701,26010925.0,2.73,-0.41,-0.21,0.71,SZ000703
3605,2012-08-02,51.0,51.11,51.7,50.54,17332,24278688.0,2.27,0.08,0.04,0.66,SZ000703
3606,2012-08-03,51.11,51.32,52.54,49.7,23082,32275559.0,5.56,0.41,0.21,0.88,SZ000703
3607,2012-08-06,51.42,51.91,51.95,50.44,27157,38231397.0,2.94,1.15,0.59,1.04,SZ000703
3608,2012-08-07,51.42,54.9,55.88,51.42,46122,69183314.0,8.59,5.76,2.99,1.76,SZ000703
3609,2012-08-08,54.83,54.69,54.86,53.63,32794,48998263.0,2.24,-0.38,-0.21,1.25,SZ000703
3610,2012-08-09,55.42,54.72,55.42,54.02,18396,27619550.0,2.56,0.05,0.03,0.7,SZ000703
3611,2012-08-10,54.93,56.62,58.72,54.93,44035,69174005.0,6.93,3.47,1.9,1.68,SZ000703
3612,2012-08-13,56.23,54.09,56.23,54.09,27504,41536162.0,3.78,-4.47,-2.53,1.05,SZ000703
3613,2012-08-14,54.23,53.7,54.55,51.25,22601,33060965.0,6.1,-0.72,-0.39,0.86,SZ000703
3614,2012-08-15,53.32,53.11,54.86,52.16,16365,24229249.0,5.03,-1.1,-0.59,0.62,SZ000703
3615,2012-08-16,52.23,52.26,53.88,52.16,13495,19501445.0,3.24,-1.6,-0.85,0.52,SZ000703
3616,2012-08-17,52.3,51.77,52.61,51.32,15625,22143358.0,2.47,-0.94,-0.49,0.6,SZ000703
3617,2012-08-20,51.07,51.7,51.84,51.07,8869,12496812.0,1.49,-0.14,-0.07,0.34,SZ000703
3618,2012-08-21,52.3,52.3,53.0,51.42,11239,16172337.0,3.06,1.16,0.6,0.43,SZ000703
3619,2012-08-22,52.19,52.05,52.76,51.98,10372,14888908.0,1.49,-0.48,-0.25,0.4,SZ000703
3620,2012-08-23,52.54,51.95,52.54,51.42,12834,18257999.0,2.15,-0.19,-0.1,0.49,SZ000703
3621,2012-08-24,51.28,50.54,51.95,50.4,10088,14114799.0,2.98,-2.71,-1.41,0.39,SZ000703
3622,2012-08-27,50.54,48.33,50.58,47.91,15570,20790232.0,5.28,-4.37,-2.21,0.59,SZ000703
3623,2012-08-28,48.82,48.3,49.14,47.95,18659,24719598.0,2.46,-0.06,-0.03,0.71,SZ000703
3624,2012-08-29,49.07,48.86,49.88,48.44,17557,23710468.0,2.98,1.16,0.56,0.67,SZ000703
3625,2012-08-30,48.12,47.81,48.93,47.6,13640,17985437.0,2.72,-2.15,-1.05,0.52,SZ000703
3626,2012-08-31,47.98,47.74,48.09,47.53,12769,16661214.0,1.17,-0.15,-0.07,0.49,SZ000703
3627,2012-09-03,47.56,47.98,48.33,46.93,18144,23706277.0,2.93,0.5,0.24,0.69,SZ000703
3628,2012-09-04,47.67,46.3,47.95,46.23,22982,29566825.0,3.58,-3.5,-1.68,0.88,SZ000703
3629,2012-09-05,46.3,46.05,46.86,45.24,20793,26087943.0,3.5,-0.54,-0.25,0.79,SZ000703
3630,2012-09-06,45.81,46.23,46.44,45.74,12476,15670063.0,1.52,0.39,0.18,0.48,SZ000703
3631,2012-09-07,46.51,48.61,49.0,46.51,44491,58699712.0,5.39,5.15,2.38,1.7,SZ000703
3632,2012-09-10,48.37,49.74,50.09,48.09,27529,37367232.0,4.11,2.32,1.13,1.05,SZ000703
3633,2012-09-11,49.6,48.58,49.6,47.21,27929,36782324.0,4.8,-2.33,-1.16,1.07,SZ000703
3634,2012-09-12,48.79,48.61,49.28,47.98,20895,27735836.0,2.68,0.06,0.03,0.8,SZ000703
3635,2012-09-13,48.61,48.3,49.14,48.3,18051,23997918.0,1.73,-0.64,-0.31,0.69,SZ000703
3636,2012-09-14,48.79,48.51,49.1,48.12,23911,31816654.0,2.03,0.43,0.21,0.91,SZ000703
3637,2012-09-17,48.47,46.96,49.84,46.96,23157,30605312.0,5.94,-3.2,-1.55,0.88,SZ000703
3638,2012-09-18,46.51,44.68,46.51,44.05,23408,29018990.0,5.24,-4.86,-2.28,0.89,SZ000703
3639,2012-09-19,44.79,45.14,45.45,44.47,13215,16198181.0,2.19,1.03,0.46,0.5,SZ000703
3640,2012-09-20,44.72,43.14,45.03,43.14,17307,20715570.0,4.19,-4.43,-2.0,0.66,SZ000703
3641,2012-09-21,43.03,43.0,43.56,42.65,12092,14181262.0,2.11,-0.32,-0.14,0.46,SZ000703
3642,2012-09-24,42.12,42.82,43.28,41.63,10440,12013520.0,3.84,-0.42,-0.18,0.4,SZ000703
3643,2012-09-25,43.0,42.19,43.14,41.98,9706,11248874.0,2.71,-1.47,-0.63,0.37,SZ000703
3644,2012-09-26,42.12,40.72,42.47,40.54,12335,13794971.0,4.57,-3.48,-1.47,0.47,SZ000703
3645,2012-09-27,41.24,41.66,42.4,40.58,16546,18713464.0,4.47,2.31,0.94,0.63,SZ000703
3646,2012-09-28,41.17,42.4,42.51,41.17,15902,18094227.0,3.22,1.78,0.74,0.61,SZ000703
3647,2012-10-08,42.4,43.28,45.17,42.33,27775,33272257.0,6.7,2.08,0.88,1.06,SZ000703
3648,2012-10-09,44.05,44.58,44.75,43.31,24962,30145957.0,3.33,3.0,1.3,0.95,SZ000703
3649,2012-10-10,44.3,44.61,44.61,43.45,20465,24578237.0,2.6,0.07,0.03,0.78,SZ000703
3650,2012-10-11,44.33,44.16,46.37,43.38,30833,37944549.0,6.7,-1.01,-0.45,1.18,SZ000703
3651,2012-10-12,44.16,45.28,45.77,44.05,28488,34865599.0,3.89,2.54,1.12,1.09,SZ000703
3652,2012-10-15,45.03,43.56,45.1,43.35,21215,25388309.0,3.86,-3.8,-1.72,0.81,SZ000703
3653,2012-10-16,43.56,43.24,44.12,43.07,13620,16100722.0,2.41,-0.73,-0.32,0.52,SZ000703
3654,2012-10-17,43.35,43.56,43.88,42.93,15569,18446516.0,2.2,0.74,0.32,0.59,SZ000703
3655,2012-10-18,43.91,44.44,44.86,43.56,16399,19804442.0,2.98,2.02,0.88,0.63,SZ000703
3656,2012-10-19,44.37,44.16,44.72,43.77,11545,13918198.0,2.14,-0.63,-0.28,0.44,SZ000703
3657,2012-10-22,43.88,44.09,44.33,43.38,7645,9115427.0,2.15,-0.16,-0.07,0.29,SZ000703
3658,2012-10-23,44.05,43.84,44.51,43.77,11199,13450048.0,1.68,-0.57,-0.25,0.43,SZ000703
3659,2012-10-24,43.66,44.68,46.3,43.42,28596,35140092.0,6.57,1.92,0.84,1.09,SZ000703
3660,2012-10-25,44.19,43.91,44.54,43.56,16311,19553863.0,2.19,-1.72,-0.77,0.62,SZ000703
3661,2012-10-26,43.91,42.12,44.05,41.94,16888,19636219.0,4.81,-4.08,-1.79,0.64,SZ000703
3662,2012-10-29,41.94,41.28,42.58,41.1,10639,12080989.0,3.51,-1.99,-0.84,0.41,SZ000703
3663,2012-10-30,41.59,41.1,41.59,40.86,9849,11007710.0,1.77,-0.44,-0.18,0.38,SZ000703
3664,2012-10-31,41.1,41.0,41.52,40.82,8683,9661528.0,1.7,-0.24,-0.1,0.33,SZ000703
3665,2012-11-01,41.03,41.66,41.87,41.03,21833,24619713.0,2.05,1.61,0.66,0.83,SZ000703
3666,2012-11-02,41.66,41.63,42.23,41.42,14722,16672674.0,1.94,-0.07,-0.03,0.56,SZ000703
3667,2012-11-05,41.7,41.45,41.87,41.17,9903,11155346.0,1.68,-0.43,-0.18,0.38,SZ000703
3668,2012-11-06,41.42,41.14,41.7,40.65,14543,16227688.0,2.53,-0.75,-0.31,0.56,SZ000703
3669,2012-11-07,41.07,41.14,41.45,40.89,9203,10288056.0,1.36,0.0,0.0,0.35,SZ000703
3670,2012-11-08,40.96,39.56,40.96,39.56,15170,16491342.0,3.4,-3.84,-1.58,0.58,SZ000703
3671,2012-11-09,39.14,39.24,39.73,39.0,7822,8322804.0,1.85,-0.81,-0.32,0.3,SZ000703
3672,2012-11-12,39.31,39.07,39.52,38.4,12718,13421407.0,2.85,-0.43,-0.17,0.49,SZ000703
3673,2012-11-13,39.0,37.35,39.21,37.35,14416,14825911.0,4.76,-4.4,-1.72,0.55,SZ000703
3674,2012-11-14,37.63,37.91,37.91,36.78,12257,12340368.0,3.03,1.5,0.56,0.47,SZ000703
3675,2012-11-15,37.52,36.75,37.52,36.68,12572,12570570.0,2.22,-3.06,-1.16,0.48,SZ000703
3676,2012-11-16,36.4,36.47,36.93,35.8,9624,9389893.0,3.07,-0.76,-0.28,0.37,SZ000703
3677,2012-11-19,36.01,34.71,36.68,33.87,40381,37768807.0,7.7,-4.83,-1.76,1.54,SZ000703
3678,2012-11-20,34.57,34.33,34.68,34.26,18131,16765526.0,1.21,-1.09,-0.38,0.69,SZ000703
3679,2012-11-21,34.43,34.92,34.99,33.91,19482,18088760.0,3.15,1.72,0.59,0.74,SZ000703
3680,2012-11-22,34.64,35.84,36.29,34.22,64336,61528974.0,5.93,2.63,0.92,2.46,SZ000703
3681,2012-11-23,35.24,34.71,35.59,34.68,23535,22234827.0,2.54,-3.15,-1.13,0.9,SZ000703
3682,2012-11-26,34.71,34.01,34.82,33.84,20951,19225581.0,2.82,-2.02,-0.7,0.8,SZ000703
3683,2012-11-27,33.84,34.36,34.85,33.2,30934,28485363.0,4.85,1.03,0.35,1.18,SZ000703
3684,2012-11-28,34.15,36.12,37.03,33.17,90008,86291360.0,11.23,5.12,1.76,3.44,SZ000703
3685,2012-11-29,35.84,35.35,35.98,35.06,59308,56760497.0,2.55,-2.13,-0.77,2.26,SZ000703
3686,2012-11-30,35.06,34.68,35.35,33.63,34731,32172430.0,4.87,-1.9,-0.67,1.33,SZ000703
3687,2012-12-03,34.43,34.54,35.45,33.87,35399,33133518.0,4.56,-0.4,-0.14,1.35,SZ000703
3688,2012-12-04,34.15,35.17,35.42,33.87,41508,38643587.0,4.49,1.82,0.63,1.58,SZ000703
3689,2012-12-05,34.85,36.61,37.28,34.85,83745,81977437.0,6.91,4.09,1.44,3.2,SZ000703
3690,2012-12-06,36.15,37.03,37.21,36.08,71872,71225497.0,3.09,1.15,0.42,2.74,SZ000703
3691,2012-12-07,37.03,37.56,37.91,36.64,77633,78317561.0,3.43,1.43,0.53,2.96,SZ000703
3692,2012-12-10,38.61,38.15,39.31,37.77,72248,74893515.0,4.1,1.57,0.59,2.76,SZ000703
3693,2012-12-11,38.26,38.15,39.0,37.24,62955,64721565.0,4.61,0.0,0.0,2.4,SZ000703
3694,2012-12-12,37.84,37.66,38.19,37.31,33409,34017538.0,2.31,-1.28,-0.49,1.28,SZ000703
3695,2012-12-13,37.56,37.59,38.47,37.28,28689,29347990.0,3.16,-0.19,-0.07,1.1,SZ000703
3696,2012-12-14,37.66,38.79,39.0,37.49,57249,59625652.0,4.02,3.19,1.2,2.19,SZ000703
3697,2012-12-17,38.79,39.59,40.68,38.79,95734,102939030.0,4.87,2.06,0.8,3.65,SZ000703
3698,2012-12-18,39.59,38.79,39.77,38.5,49922,52670934.0,3.21,-2.02,-0.8,1.91,SZ000703
3699,2012-12-19,38.82,38.89,39.42,38.68,36308,38401018.0,1.91,0.26,0.1,1.39,SZ000703
3700,2012-12-20,38.89,38.65,39.24,38.29,33473,35074255.0,2.44,-0.62,-0.24,1.28,SZ000703
3701,2012-12-21,38.79,37.49,39.66,37.35,63247,65906145.0,5.98,-3.0,-1.16,2.41,SZ000703
3702,2012-12-24,37.38,37.66,37.8,37.07,30437,30890841.0,1.95,0.45,0.17,1.16,SZ000703
3703,2012-12-25,37.66,38.82,39.38,37.49,72680,75910878.0,5.02,3.08,1.16,2.77,SZ000703
3704,2012-12-26,38.82,41.21,41.42,38.72,105611,114944236.0,6.96,6.16,2.39,4.03,SZ000703
3705,2012-12-27,41.42,40.15,42.44,39.94,83940,93512607.0,6.07,-2.57,-1.06,3.2,SZ000703
3706,2012-12-28,40.15,40.29,40.72,39.77,39893,43506396.0,2.37,0.35,0.14,1.52,SZ000703
3707,2012-12-31,40.26,41.03,41.45,40.22,43994,48861428.0,3.05,1.84,0.74,1.68,SZ000703
3708,2013-01-04,41.42,40.29,41.59,40.12,39830,43929015.0,3.58,-1.8,-0.74,1.51,SZ000703
3709,2013-01-07,40.19,41.38,41.7,39.49,51676,57512668.0,5.49,2.71,1.09,1.97,SZ000703
3710,2013-01-08,41.42,42.51,43.35,41.42,90048,103713415.0,4.66,2.73,1.13,3.42,SZ000703
3711,2013-01-09,42.51,42.12,42.93,41.59,58306,66805805.0,3.15,-0.92,-0.39,2.22,SZ000703
3712,2013-01-10,41.98,42.12,42.51,41.59,31678,36140098.0,2.18,0.0,0.0,1.2,SZ000703
3713,2013-01-11,42.23,40.86,42.58,40.29,52614,58884973.0,5.44,-2.99,-1.26,2.0,SZ000703
3714,2013-01-14,40.54,42.01,42.19,40.05,60054,67636725.0,5.24,2.81,1.15,2.28,SZ000703
3715,2013-01-15,42.08,43.17,43.21,41.98,71348,83049823.0,2.93,2.76,1.16,2.71,SZ000703
3716,2013-01-16,43.28,42.61,43.45,41.45,60195,69490921.0,4.63,-1.3,-0.56,2.29,SZ000703
3717,2013-01-17,42.54,42.23,43.07,41.77,33930,39069970.0,3.05,-0.89,-0.38,1.29,SZ000703
3718,2013-01-18,42.72,42.75,42.93,41.84,42812,49443545.0,2.58,1.23,0.52,1.63,SZ000703
3719,2013-01-21,42.82,42.93,43.49,42.72,45831,53665479.0,1.8,0.42,0.18,1.74,SZ000703
3720,2013-01-22,42.93,41.59,43.28,41.28,50419,57432265.0,4.66,-3.12,-1.34,1.92,SZ000703
3721,2013-01-23,41.59,41.84,41.91,41.28,27259,30788468.0,1.51,0.6,0.25,1.04,SZ000703
3722,2013-01-24,41.8,40.51,42.82,39.91,54381,61298551.0,6.96,-3.18,-1.33,2.07,SZ000703
3723,2013-01-25,41.21,39.77,41.21,39.77,34972,38025509.0,3.55,-1.83,-0.74,1.33,SZ000703
3724,2013-01-28,40.22,41.07,41.56,39.59,39727,43830942.0,4.95,3.27,1.3,1.51,SZ000703
3725,2013-01-29,40.89,40.75,41.24,40.29,42725,47195607.0,2.31,-0.78,-0.32,1.62,SZ000703
3726,2013-01-30,40.93,40.12,41.07,39.77,43500,47493644.0,3.19,-1.55,-0.63,1.65,SZ000703
3727,2013-01-31,40.12,40.54,40.82,40.08,34817,38260577.0,1.84,1.05,0.42,1.32,SZ000703
3728,2013-02-01,40.19,40.29,40.79,39.8,29748,32515860.0,2.44,-0.62,-0.25,1.13,SZ000703
3729,2013-02-04,40.61,41.14,41.38,39.8,62440,68718464.0,3.92,2.11,0.85,2.37,SZ000703
3730,2013-02-05,41.14,40.89,41.14,40.47,48013,53140403.0,1.63,-0.61,-0.25,1.83,SZ000703
3731,2013-02-06,40.96,41.66,42.3,40.72,58584,65992763.0,3.86,1.88,0.77,2.23,SZ000703
3732,2013-02-07,41.49,41.66,42.05,40.79,42768,48234194.0,3.02,0.0,0.0,1.63,SZ000703
3733,2013-02-08,41.56,42.58,43.0,41.56,47652,55111892.0,3.46,2.21,0.92,1.81,SZ000703
3734,2013-02-18,42.82,43.38,43.95,42.82,70738,83792468.0,2.65,1.88,0.8,2.69,SZ000703
3735,2013-02-19,43.35,42.54,43.95,42.47,52766,61819251.0,3.41,-1.94,-0.84,2.01,SZ000703
3736,2013-02-20,42.58,43.07,43.17,42.3,33811,39345467.0,2.05,1.25,0.53,1.29,SZ000703
3737,2013-02-21,42.47,41.35,42.54,41.03,54101,61491193.0,3.51,-3.99,-1.72,2.06,SZ000703
3738,2013-02-22,41.59,42.08,42.44,41.45,39292,44890071.0,2.39,1.77,0.73,1.49,SZ000703
3739,2013-02-25,42.58,44.65,44.82,42.54,104126,124218011.0,5.42,6.11,2.57,3.96,SZ000703
3740,2013-02-26,47.6,44.37,48.12,43.88,199356,250116981.0,9.5,-0.63,-0.28,7.58,SZ000703
3741,2013-02-27,43.63,43.0,44.75,42.33,83616,98612712.0,5.45,-3.09,-1.37,3.18,SZ000703
3742,2013-02-28,43.1,43.45,43.66,42.47,50913,59776185.0,2.77,1.05,0.45,1.94,SZ000703
3743,2013-03-01,43.49,43.14,43.66,42.65,50531,59127410.0,2.32,-0.71,-0.31,1.92,SZ000703
3744,2013-03-04,42.54,41.1,43.07,40.82,64823,73896506.0,5.22,-4.73,-2.04,2.46,SZ000703
3745,2013-03-05,41.07,41.42,41.52,40.29,45822,50798659.0,2.99,0.78,0.32,1.74,SZ000703
3746,2013-03-06,41.77,41.77,42.3,41.38,59085,67116472.0,2.22,0.85,0.35,2.25,SZ000703
3747,2013-03-07,41.31,41.21,41.73,40.86,63933,71585873.0,2.08,-1.34,-0.56,2.43,SZ000703
3748,2013-03-08,41.0,40.79,41.38,40.4,58483,64931914.0,2.38,-1.02,-0.42,2.22,SZ000703
3749,2013-03-11,40.54,39.14,40.58,38.79,66280,70958328.0,4.39,-4.05,-1.65,2.52,SZ000703
3750,2013-03-12,39.31,37.45,39.45,36.86,80634,82660451.0,6.62,-4.32,-1.69,3.07,SZ000703
3751,2013-03-13,38.01,41.0,41.0,37.98,251165,276466912.0,8.06,9.48,3.55,9.55,SZ000703
3752,2013-03-14,40.05,40.4,41.17,39.7,141009,154722115.0,3.59,-1.46,-0.6,5.36,SZ000703
3753,2013-03-15,39.84,39.63,40.47,38.79,83027,89201570.0,4.16,-1.91,-0.77,3.16,SZ000703
3754,2013-03-18,39.14,37.66,39.14,37.56,81750,84386107.0,3.99,-4.97,-1.97,3.11,SZ000703
3755,2013-03-19,37.63,38.82,39.35,37.45,73957,76703736.0,5.05,3.08,1.16,2.81,SZ000703
3756,2013-03-20,38.43,39.1,39.28,38.19,70466,73994592.0,2.81,0.72,0.28,2.68,SZ000703
3757,2013-03-21,38.82,39.28,39.8,38.82,59813,63587447.0,2.51,0.46,0.18,2.27,SZ000703
3758,2013-03-22,38.96,39.17,39.94,38.93,52399,55964769.0,2.57,-0.28,-0.11,1.99,SZ000703
3759,2013-03-25,39.49,38.5,39.49,38.26,46194,48679407.0,3.14,-1.71,-0.67,1.76,SZ000703
3760,2013-03-26,38.36,37.66,38.36,37.49,45739,46716766.0,2.26,-2.18,-0.84,1.74,SZ000703
3761,2013-03-27,37.73,37.59,38.19,37.21,40859,41667561.0,2.6,-0.19,-0.07,1.55,SZ000703
3762,2013-03-28,37.14,36.22,37.14,36.12,50364,49565423.0,2.71,-3.64,-1.37,1.92,SZ000703
3763,2013-03-29,36.33,36.29,36.64,36.15,25384,24871425.0,1.35,0.19,0.07,0.97,SZ000703
3764,2013-04-01,35.87,36.29,36.61,35.7,25074,24561123.0,2.51,0.0,0.0,0.95,SZ000703
3765,2013-04-02,36.43,35.63,36.82,35.45,28843,28016517.0,3.78,-1.82,-0.66,1.1,SZ000703
3766,2013-04-03,35.59,34.26,35.94,33.63,67641,62516693.0,6.48,-3.85,-1.37,2.57,SZ000703
3767,2013-04-08,33.94,33.8,34.22,33.35,43925,39742417.0,2.54,-1.34,-0.46,1.67,SZ000703
3768,2013-04-09,34.43,34.78,35.38,34.4,43868,41338125.0,2.9,2.9,0.98,1.67,SZ000703
3769,2013-04-10,34.57,34.61,34.89,34.43,23445,21857880.0,1.32,-0.49,-0.17,0.89,SZ000703
3770,2013-04-11,34.71,34.68,35.06,34.61,30159,28255776.0,1.3,0.2,0.07,1.15,SZ000703
3771,2013-04-12,33.63,33.35,34.15,32.82,66324,59773920.0,3.84,-3.84,-1.33,2.52,SZ000703
3772,2013-04-15,32.92,32.19,33.1,31.94,45672,39479260.0,3.48,-3.48,-1.16,1.74,SZ000703
3773,2013-04-16,31.77,32.85,32.96,31.59,40274,34965143.0,4.26,2.05,0.66,1.53,SZ000703
3774,2013-04-17,32.89,32.75,33.03,32.36,29811,26112235.0,2.04,-0.3,-0.1,1.13,SZ000703
3775,2013-04-18,32.5,32.82,32.99,32.29,31801,27918034.0,2.14,0.21,0.07,1.21,SZ000703
3776,2013-04-19,32.64,33.31,33.42,32.61,39235,35015727.0,2.47,1.49,0.49,1.49,SZ000703
3777,2013-04-22,33.31,33.35,34.15,33.03,34179,30852607.0,3.36,0.12,0.04,1.3,SZ000703
3778,2013-04-23,33.38,32.33,33.66,32.12,31311,27413715.0,4.62,-3.06,-1.02,1.19,SZ000703
3779,2013-04-24,32.19,32.5,32.78,32.19,22448,19543587.0,1.82,0.53,0.17,0.85,SZ000703
3780,2013-04-25,32.61,32.33,32.68,31.91,40093,34691928.0,2.37,-0.52,-0.17,1.52,SZ000703
3781,2013-04-26,32.5,31.41,32.54,31.34,25167,21488618.0,3.71,-2.85,-0.92,0.96,SZ000703
3782,2013-05-02,31.41,30.54,31.7,30.19,33053,26969192.0,4.81,-2.77,-0.87,1.26,SZ000703
3783,2013-05-03,30.64,30.82,31.24,30.47,24263,20093240.0,2.52,0.92,0.28,0.92,SZ000703
3784,2013-05-06,30.89,31.38,31.63,30.82,28725,24064136.0,2.63,1.82,0.56,1.09,SZ000703
3785,2013-05-07,31.38,31.59,31.94,31.17,21614,18292202.0,2.45,0.67,0.21,0.82,SZ000703
3786,2013-05-08,31.87,31.7,31.94,31.52,21725,18426667.0,1.33,0.35,0.11,0.82,SZ000703
3787,2013-05-09,31.59,31.8,31.94,31.52,26663,22632525.0,1.32,0.32,0.1,1.01,SZ000703
3788,2013-05-10,31.77,32.08,32.26,31.41,23252,19811876.0,2.67,0.88,0.28,0.88,SZ000703
3789,2013-05-13,32.19,31.87,32.29,31.73,21546,18411239.0,1.75,-0.65,-0.21,0.82,SZ000703
3790,2013-05-14,31.94,30.82,31.94,30.68,43098,35793530.0,3.95,-3.29,-1.05,1.64,SZ000703
3791,2013-05-15,30.89,31.03,31.13,30.71,17306,14287819.0,1.36,0.68,0.21,0.66,SZ000703
3792,2013-05-16,30.89,31.27,31.34,30.43,34635,28677813.0,2.93,0.77,0.24,1.32,SZ000703
3793,2013-05-17,31.2,31.8,32.19,31.13,47077,39889424.0,3.39,1.69,0.53,1.79,SZ000703
3794,2013-05-20,31.77,32.54,32.78,31.77,66391,57635365.0,3.18,2.33,0.74,2.52,SZ000703
3795,2013-05-21,32.54,32.61,32.99,32.15,47138,41218428.0,2.58,0.22,0.07,1.79,SZ000703
3796,2013-05-22,32.61,32.71,33.45,32.54,49844,44016858.0,2.79,0.31,0.1,1.89,SZ000703
3797,2013-05-23,32.57,32.29,32.89,32.15,46633,40526130.0,2.26,-1.28,-0.42,1.77,SZ000703
3798,2013-05-24,32.22,32.68,32.96,32.22,43565,38187859.0,2.29,1.21,0.39,1.65,SZ000703
3799,2013-05-27,32.71,32.71,33.24,32.47,45290,39848272.0,2.36,0.09,0.03,1.72,SZ000703
3800,2013-05-28,32.71,33.49,33.73,32.47,92489,82537649.0,3.85,2.38,0.78,3.51,SZ000703
3801,2013-05-29,33.8,33.7,34.57,33.52,84486,77151166.0,3.14,0.63,0.21,3.21,SZ000703
3802,2013-05-30,33.52,33.77,33.91,33.27,55609,50294402.0,1.9,0.21,0.07,2.11,SZ000703
3803,2013-05-31,33.98,34.15,34.54,33.7,53336,48811021.0,2.49,1.13,0.38,2.03,SZ000703
3804,2013-06-03,33.87,33.73,34.47,33.63,48623,44448199.0,2.46,-1.23,-0.42,1.85,SZ000703
3805,2013-06-04,33.73,32.12,33.84,32.12,54492,47821599.0,5.1,-4.77,-1.61,2.07,SZ000703
3806,2013-06-05,32.22,31.66,32.47,31.63,39497,33772056.0,2.62,-1.43,-0.46,1.5,SZ000703
3807,2013-06-06,31.55,31.66,32.85,31.45,42003,36087215.0,4.42,0.0,0.0,1.59,SZ000703
3808,2013-06-07,31.77,31.03,31.8,30.99,39537,32827468.0,2.56,-1.99,-0.63,1.5,SZ000703
3809,2013-06-13,31.06,29.03,31.1,28.78,53885,41501684.0,7.48,-6.45,-2.0,2.05,SZ000703
3810,2013-06-14,28.68,29.17,29.45,28.68,30857,23685273.0,2.65,0.48,0.14,1.17,SZ000703
3811,2013-06-17,29.2,28.99,29.31,28.26,37779,28689090.0,3.6,-0.62,-0.18,1.43,SZ000703
3812,2013-06-18,29.03,29.17,29.59,28.92,22618,17313576.0,2.31,0.62,0.18,0.86,SZ000703
3813,2013-06-19,29.17,28.19,29.2,27.73,39504,29199350.0,5.04,-3.36,-0.98,1.5,SZ000703
3814,2013-06-20,28.19,28.04,28.71,27.9,29651,21956889.0,2.87,-0.53,-0.15,1.13,SZ000703
3815,2013-06-21,28.68,29.62,30.36,28.68,84872,66043980.0,5.99,5.63,1.58,3.22,SZ000703
3816,2013-06-24,28.99,30.64,31.55,28.85,129159,103874174.0,9.12,3.44,1.02,4.9,SZ000703
3817,2013-06-25,30.71,33.42,33.49,29.94,194385,162956533.0,11.59,9.07,2.78,7.38,SZ000703
3818,2013-06-26,33.03,34.26,34.92,31.94,180683,162934558.0,8.92,2.51,0.84,6.86,SZ000703
3819,2013-06-27,33.87,33.1,34.5,32.64,128660,114492518.0,5.43,-3.39,-1.16,4.89,SZ000703
3820,2013-06-28,32.64,32.5,33.1,31.63,92296,79343289.0,4.44,-1.81,-0.6,3.5,SZ000703
3821,2013-07-01,32.33,33.56,33.73,32.01,92537,80808867.0,5.29,3.26,1.06,3.51,SZ000703
3822,2013-07-02,33.52,33.31,34.19,32.61,88589,78407944.0,4.71,-0.74,-0.25,3.36,SZ000703
3823,2013-07-03,33.17,34.05,34.05,32.64,108618,96719000.0,4.23,2.22,0.74,4.12,SZ000703
3824,2013-07-04,33.87,33.49,34.85,33.45,125369,114695743.0,4.11,-1.64,-0.56,4.76,SZ000703
3825,2013-07-05,33.17,32.05,33.52,31.94,110707,95659049.0,4.72,-4.3,-1.44,4.2,SZ000703
3826,2013-07-08,31.38,29.06,31.38,29.06,97143,75891052.0,7.24,-9.33,-2.99,3.69,SZ000703
3827,2013-07-09,28.08,29.06,29.2,27.94,43351,32711312.0,4.34,0.0,0.0,1.65,SZ000703
3828,2013-07-10,28.89,29.62,29.69,28.61,40929,31476631.0,3.72,1.93,0.56,1.55,SZ000703
3829,2013-07-11,29.41,30.05,30.54,29.34,70659,55927528.0,4.05,1.45,0.43,2.68,SZ000703
3830,2013-07-12,29.94,29.24,30.08,29.2,56245,43954415.0,2.93,-2.7,-0.81,2.14,SZ000703
3831,2013-07-15,29.13,29.34,29.59,28.82,40946,31391310.0,2.63,0.34,0.1,1.55,SZ000703
3832,2013-07-16,29.13,30.26,30.43,29.06,61198,48257220.0,4.67,3.14,0.92,2.32,SZ000703
3833,2013-07-17,30.08,29.94,30.61,29.87,53678,42712773.0,2.45,-1.06,-0.32,2.04,SZ000703
3834,2013-07-18,29.98,29.84,30.15,29.34,40532,31775868.0,2.71,-0.33,-0.1,1.54,SZ000703
3835,2013-07-19,29.8,28.43,30.15,27.94,51002,39184095.0,7.41,-4.73,-1.41,1.94,SZ000703
3836,2013-07-22,28.19,28.43,28.71,27.24,51641,37994354.0,5.17,0.0,0.0,1.96,SZ000703
3837,2013-07-23,28.29,28.92,29.1,28.12,31041,23435609.0,3.45,1.72,0.49,1.18,SZ000703
3838,2013-07-24,28.82,28.71,29.27,28.33,36242,27288931.0,3.25,-0.73,-0.21,1.38,SZ000703
3839,2013-07-25,28.85,28.96,29.1,28.15,44333,33428832.0,3.31,0.87,0.25,1.68,SZ000703
3840,2013-07-26,28.96,28.43,29.1,28.43,24290,18323514.0,2.31,-1.83,-0.53,0.92,SZ000703
3841,2013-07-29,28.26,27.31,28.26,27.31,39649,28634598.0,3.34,-3.94,-1.12,1.51,SZ000703
3842,2013-07-30,27.17,27.69,27.83,27.03,25334,18209126.0,2.93,1.39,0.38,0.96,SZ000703
3843,2013-07-31,27.87,27.48,27.94,27.38,24035,17315927.0,2.02,-0.76,-0.21,0.91,SZ000703
3844,2013-08-01,27.45,27.66,27.87,27.41,33723,24429508.0,1.67,0.66,0.18,1.28,SZ000703
3845,2013-08-02,27.8,27.76,28.08,27.66,22915,16694311.0,1.52,0.36,0.1,0.87,SZ000703
3846,2013-08-05,27.73,28.04,28.12,27.59,32280,23596587.0,1.91,1.01,0.28,1.23,SZ000703
3847,2013-08-06,27.9,28.29,28.68,27.9,50397,37483590.0,2.78,0.89,0.25,1.91,SZ000703
3848,2013-08-07,28.29,28.36,28.54,28.12,34097,25337924.0,1.48,0.25,0.07,1.29,SZ000703
3849,2013-08-08,28.33,28.36,28.71,28.19,31503,23505913.0,1.83,0.0,0.0,1.2,SZ000703
3850,2013-08-09,28.47,28.4,28.64,28.08,51710,38541783.0,1.97,0.14,0.04,1.96,SZ000703
3851,2013-08-12,28.82,29.38,29.8,28.75,106577,81927190.0,3.7,3.45,0.98,4.05,SZ000703
3852,2013-08-13,29.48,29.62,30.19,29.48,76458,59930375.0,2.42,0.82,0.24,2.9,SZ000703
3853,2013-08-14,29.38,29.34,29.8,29.2,58371,45366528.0,2.03,-0.95,-0.28,2.22,SZ000703
3854,2013-08-15,29.17,28.92,29.45,28.89,46186,35349527.0,1.91,-1.43,-0.42,1.75,SZ000703
3855,2013-08-16,28.78,28.5,29.98,28.47,55252,42404761.0,5.22,-1.45,-0.42,2.1,SZ000703
3856,2013-08-19,28.5,28.89,29.2,28.47,45869,34929007.0,2.56,1.37,0.39,1.74,SZ000703
3857,2013-08-20,28.89,28.82,29.27,28.64,44109,33537855.0,2.18,-0.24,-0.07,1.67,SZ000703
3858,2013-08-21,28.92,29.17,29.45,28.61,43743,33487314.0,2.91,1.21,0.35,1.66,SZ000703
3859,2013-08-22,29.13,30.29,31.2,28.96,92431,73202091.0,7.68,3.84,1.12,3.51,SZ000703
3860,2013-08-23,30.15,30.92,32.05,29.91,137779,112300993.0,7.07,2.08,0.63,5.23,SZ000703
3861,2013-08-26,30.5,31.13,31.91,30.47,88506,73111984.0,4.66,0.68,0.21,3.36,SZ000703
3862,2013-08-27,31.06,31.13,31.45,30.75,49814,40965671.0,2.25,0.0,0.0,1.89,SZ000703
3863,2013-08-28,30.89,30.47,30.92,29.66,60157,48482126.0,4.05,-2.12,-0.66,2.28,SZ000703
3864,2013-08-29,30.4,30.68,31.27,30.12,53213,43199888.0,3.77,0.69,0.21,2.02,SZ000703
3865,2013-08-30,30.5,30.92,31.13,30.5,57774,47041918.0,2.05,0.78,0.24,2.19,SZ000703
3866,2013-09-02,30.89,31.45,31.59,30.71,46192,38155851.0,2.85,1.71,0.53,1.75,SZ000703
3867,2013-09-03,31.41,31.59,31.87,31.1,51201,42654972.0,2.45,0.45,0.14,1.94,SZ000703
3868,2013-09-04,31.41,31.8,31.98,31.24,49785,41751862.0,2.34,0.66,0.21,1.89,SZ000703
3869,2013-09-05,31.77,32.12,32.68,31.1,116104,98942087.0,4.97,1.01,0.32,4.41,SZ000703
3870,2013-09-06,32.01,32.5,32.68,31.48,62621,53615293.0,3.74,1.18,0.38,2.38,SZ000703
3871,2013-09-09,32.61,33.45,33.8,32.29,79745,70240998.0,4.65,2.92,0.95,3.03,SZ000703
3872,2013-09-10,33.27,34.64,34.82,33.2,89952,82185123.0,4.84,3.56,1.19,3.42,SZ000703
3873,2013-09-11,34.64,33.06,34.85,32.96,81746,73144794.0,5.46,-4.56,-1.58,3.1,SZ000703
3874,2013-09-12,33.06,33.8,34.15,32.64,61363,54756584.0,4.57,2.24,0.74,2.33,SZ000703
3875,2013-09-13,33.8,32.92,33.98,32.82,35625,31498705.0,3.43,-2.6,-0.88,1.35,SZ000703
3876,2013-09-16,32.92,32.22,33.42,32.01,45027,38909565.0,4.28,-2.13,-0.7,1.71,SZ000703
3877,2013-09-17,32.19,32.33,32.71,31.94,27703,23709369.0,2.39,0.34,0.11,1.05,SZ000703
3878,2013-09-18,32.29,32.78,32.78,31.7,29077,24813371.0,3.34,1.39,0.45,1.1,SZ000703
3879,2013-09-23,32.68,32.89,32.99,32.26,45163,38980628.0,2.23,0.34,0.11,1.71,SZ000703
3880,2013-09-24,32.71,32.47,32.89,32.22,22691,19519973.0,2.04,-1.28,-0.42,0.86,SZ000703
3881,2013-09-25,32.33,31.7,32.57,31.17,46300,38777140.0,4.31,-2.37,-0.77,1.76,SZ000703
3882,2013-09-26,31.48,31.84,33.17,30.92,45474,38659069.0,7.1,0.44,0.14,1.73,SZ000703
3883,2013-09-27,31.45,31.55,31.84,31.27,22570,18785778.0,1.79,-0.91,-0.29,0.86,SZ000703
3884,2013-09-30,31.52,31.41,31.73,30.92,21580,17774726.0,2.57,-0.44,-0.14,0.82,SZ000703
3885,2013-10-08,31.41,31.7,32.12,31.13,24506,20533020.0,3.15,0.92,0.29,0.93,SZ000703
3886,2013-10-09,31.66,31.66,32.08,31.41,22752,19031146.0,2.11,-0.13,-0.04,0.86,SZ000703
3887,2013-10-10,31.41,31.45,31.66,30.92,29097,24009223.0,2.34,-0.66,-0.21,1.1,SZ000703
3888,2013-10-11,31.41,32.36,32.43,30.99,54496,45911044.0,4.58,2.89,0.91,2.07,SZ000703
3889,2013-10-14,32.71,32.36,32.82,32.01,49302,42351152.0,2.5,0.0,0.0,1.87,SZ000703
3890,2013-10-15,32.26,32.22,32.4,31.77,35800,30354717.0,1.95,-0.43,-0.14,1.36,SZ000703
3891,2013-10-16,32.05,31.77,32.47,31.03,30820,25703520.0,4.47,-1.4,-0.45,1.17,SZ000703
3892,2013-10-17,31.77,31.59,31.98,31.34,17718,14811887.0,2.01,-0.57,-0.18,0.67,SZ000703
3893,2013-10-18,31.45,31.45,31.63,31.17,12633,10492638.0,1.46,-0.44,-0.14,0.48,SZ000703
3894,2013-10-21,31.38,31.7,31.73,31.2,20544,17120466.0,1.69,0.79,0.25,0.78,SZ000703
3895,2013-10-22,31.66,32.5,32.75,31.52,66127,56567986.0,3.88,2.52,0.8,2.51,SZ000703
3896,2013-10-23,32.68,31.73,32.71,31.24,43879,36979998.0,4.52,-2.37,-0.77,1.67,SZ000703
3897,2013-10-24,31.66,31.41,31.66,30.96,19534,16100496.0,2.21,-1.01,-0.32,0.74,SZ000703
3898,2013-10-25,31.45,31.7,32.43,31.31,52803,44728188.0,3.57,0.92,0.29,2.01,SZ000703
3899,2013-10-28,33.87,33.35,34.64,32.43,133278,117791778.0,6.97,5.21,1.65,5.06,SZ000703
3900,2013-10-29,33.24,35.98,36.47,33.1,468930,452376656.0,10.1,7.89,2.63,17.81,SZ000703
3901,2013-10-30,34.92,36.15,36.82,34.61,287591,274280928.0,6.14,0.47,0.17,10.92,SZ000703
3902,2013-10-31,35.94,34.12,36.68,33.77,215886,200781915.0,8.05,-5.62,-2.03,8.2,SZ000703
3903,2013-11-01,33.77,32.19,33.98,31.63,155842,133797957.0,6.89,-5.66,-1.93,5.92,SZ000703
3904,2013-11-04,31.94,32.26,32.54,31.77,59562,50782924.0,2.39,0.22,0.07,2.26,SZ000703
3905,2013-11-05,31.94,33.03,33.87,30.61,150298,128633821.0,10.11,2.39,0.77,5.71,SZ000703
3906,2013-11-06,32.71,33.38,34.57,32.36,183118,164213442.0,6.69,1.06,0.35,6.95,SZ000703
3907,2013-11-07,32.68,32.05,32.85,31.66,95909,81841955.0,3.57,-3.98,-1.33,3.64,SZ000703
3908,2013-11-08,31.8,31.7,32.5,31.2,76149,63847544.0,4.06,-1.09,-0.35,2.89,SZ000703
3909,2013-11-11,31.45,31.41,32.26,30.78,52003,43433198.0,4.67,-0.91,-0.29,1.97,SZ000703
3910,2013-11-12,31.41,31.31,31.55,30.96,57436,47369112.0,1.88,-0.32,-0.1,2.18,SZ000703
3911,2013-11-13,31.17,29.52,31.17,29.31,92735,73087081.0,5.94,-5.72,-1.79,3.52,SZ000703
3912,2013-11-14,29.41,29.48,29.69,28.96,68051,52441318.0,2.47,-0.14,-0.04,2.58,SZ000703
3913,2013-11-15,29.52,29.76,30.26,29.13,50926,39882309.0,3.83,0.95,0.28,1.93,SZ000703
3914,2013-11-18,29.76,30.4,30.54,29.55,67381,53454946.0,3.33,2.15,0.64,2.56,SZ000703
3915,2013-11-19,30.29,30.47,30.82,30.05,56726,45459370.0,2.53,0.23,0.07,2.15,SZ000703
3916,2013-11-20,30.61,30.15,30.68,29.94,51093,40573693.0,2.43,-1.05,-0.32,1.94,SZ000703
3917,2013-11-21,30.08,30.4,30.43,29.84,43430,34442278.0,1.96,0.83,0.25,1.65,SZ000703
3918,2013-11-22,30.36,30.68,31.2,30.19,62764,50783815.0,3.32,0.92,0.28,2.38,SZ000703
3919,2013-11-25,30.68,30.22,30.82,30.15,42692,34324329.0,2.18,-1.5,-0.46,1.62,SZ000703
3920,2013-11-26,30.19,30.19,30.47,30.08,27196,21671441.0,1.29,-0.1,-0.03,1.03,SZ000703
3921,2013-11-27,30.19,30.36,30.4,29.84,39483,31373907.0,1.85,0.56,0.17,1.5,SZ000703
3922,2013-11-28,30.47,30.5,30.75,30.01,60287,48418765.0,2.44,0.46,0.14,2.29,SZ000703
3923,2013-11-29,30.4,30.54,30.68,30.4,43457,34992319.0,0.92,0.13,0.04,1.65,SZ000703
3924,2013-12-02,30.33,29.55,30.5,29.2,48870,38372415.0,4.26,-3.24,-0.99,1.86,SZ000703
3925,2013-12-03,29.52,29.87,29.94,29.17,37317,29073853.0,2.61,1.08,0.32,1.42,SZ000703
3926,2013-12-04,29.73,30.01,30.26,29.69,37532,29699297.0,1.91,0.47,0.14,1.43,SZ000703
3927,2013-12-05,29.98,30.29,30.5,29.94,36808,29353083.0,1.87,0.93,0.28,1.4,SZ000703
3928,2013-12-06,30.12,30.26,30.43,30.05,29460,23465122.0,1.25,-0.1,-0.03,1.12,SZ000703
3929,2013-12-09,30.33,30.33,30.47,30.12,31514,25150261.0,1.16,0.23,0.07,1.2,SZ000703
3930,2013-12-10,30.36,30.71,30.92,30.29,46894,37910190.0,2.08,1.25,0.38,1.78,SZ000703
3931,2013-12-11,30.54,30.01,30.57,29.76,40856,32331433.0,2.64,-2.28,-0.7,1.55,SZ000703
3932,2013-12-12,29.94,30.08,30.19,29.84,26668,21096098.0,1.17,0.23,0.07,1.01,SZ000703
3933,2013-12-13,29.59,30.29,30.61,29.59,41698,33293281.0,3.39,0.7,0.21,1.58,SZ000703
3934,2013-12-16,30.29,29.62,30.47,29.62,29922,23629983.0,2.81,-2.21,-0.67,1.14,SZ000703
3935,2013-12-17,29.55,29.52,29.84,29.48,18876,14714509.0,1.22,-0.34,-0.1,0.72,SZ000703
3936,2013-12-18,29.48,29.45,29.87,29.24,24823,19245534.0,2.13,-0.24,-0.07,0.94,SZ000703
3937,2013-12-19,29.62,29.1,29.66,29.1,16858,13053885.0,1.9,-1.19,-0.35,0.64,SZ000703
3938,2013-12-20,29.31,28.15,29.31,27.97,30353,22714770.0,4.6,-3.26,-0.95,1.15,SZ000703
3939,2013-12-23,28.04,28.22,28.26,27.59,28929,21119988.0,2.38,0.25,0.07,1.1,SZ000703
3940,2013-12-24,28.22,28.29,28.54,27.97,38155,28296026.0,2.02,0.25,0.07,1.45,SZ000703
3941,2013-12-25,28.36,28.33,28.5,28.08,14666,10867722.0,1.48,0.14,0.04,0.56,SZ000703
3942,2013-12-26,28.15,27.73,28.4,27.55,23516,17177423.0,3.0,-2.12,-0.6,0.89,SZ000703
3943,2013-12-27,27.59,28.19,28.26,27.55,17867,13113765.0,2.56,1.66,0.46,0.68,SZ000703
3944,2013-12-30,28.19,28.22,28.43,28.04,14649,10840976.0,1.38,0.11,0.03,0.56,SZ000703
3945,2013-12-31,28.08,28.54,28.61,27.94,16276,12110171.0,2.37,1.13,0.32,0.62,SZ000703
3946,2014-01-02,28.57,29.2,29.24,28.33,21574,16348865.0,3.19,2.31,0.66,0.82,SZ000703
3947,2014-01-03,28.96,28.47,29.24,28.33,31963,23955812.0,3.12,-2.5,-0.73,1.21,SZ000703
3948,2014-01-06,28.33,27.66,28.54,27.34,25351,18360253.0,4.21,-2.85,-0.81,0.96,SZ000703
3949,2014-01-07,27.66,27.48,27.76,27.38,15721,11313206.0,1.37,-0.65,-0.18,0.6,SZ000703
3950,2014-01-08,27.66,27.03,27.69,26.92,20619,14667478.0,2.8,-1.64,-0.45,0.78,SZ000703
3951,2014-01-09,26.96,27.06,27.38,26.68,20108,14156965.0,2.59,0.11,0.03,0.76,SZ000703
3952,2014-01-10,26.96,25.9,27.06,25.83,32980,22557226.0,4.55,-4.29,-1.16,1.25,SZ000703
3953,2014-01-13,25.9,25.34,26.15,25.31,21548,14432236.0,3.24,-2.16,-0.56,0.82,SZ000703
3954,2014-01-14,25.2,25.69,25.83,25.2,18816,12453012.0,2.49,1.38,0.35,0.71,SZ000703
3955,2014-01-15,25.73,25.9,26.04,25.62,13752,9245709.0,1.63,0.82,0.21,0.52,SZ000703
3956,2014-01-16,25.76,25.83,26.15,25.76,14029,9473233.0,1.51,-0.27,-0.07,0.53,SZ000703
3957,2014-01-17,25.73,25.48,25.9,25.41,18864,12537431.0,1.9,-1.36,-0.35,0.72,SZ000703
3958,2014-01-20,25.27,25.48,25.48,24.39,35697,22968290.0,4.28,0.0,0.0,1.36,SZ000703
3959,2014-01-21,25.34,26.22,26.47,25.03,70481,47128992.0,5.65,2.9,0.74,2.68,SZ000703
3960,2014-01-22,26.08,27.59,27.66,26.08,74511,52615539.0,6.03,5.23,1.37,2.83,SZ000703
3961,2014-01-23,27.55,27.97,28.4,27.27,48927,35512587.0,4.1,1.38,0.38,1.86,SZ000703
3962,2014-01-24,27.87,27.8,28.4,27.69,105600,77856360.0,2.54,-0.61,-0.17,4.01,SZ000703
3963,2014-01-27,27.73,28.01,28.08,27.41,32991,23925135.0,2.41,0.76,0.21,1.25,SZ000703
3964,2014-01-28,28.04,28.47,28.57,27.76,108396,80186221.0,2.89,1.64,0.46,4.12,SZ000703
3965,2014-01-29,27.9,27.62,28.57,27.52,69860,50857256.0,3.69,-2.99,-0.85,2.65,SZ000703
3966,2014-01-30,27.38,27.1,27.69,26.64,38887,27573487.0,3.8,-1.88,-0.52,1.48,SZ000703
3967,2014-02-07,26.68,26.96,27.06,26.5,27144,18983008.0,2.07,-0.52,-0.14,1.03,SZ000703
3968,2014-02-10,27.38,27.48,27.52,27.06,37104,26488293.0,1.71,1.93,0.52,1.41,SZ000703
3969,2014-02-11,27.38,27.59,27.8,27.31,38616,27819975.0,1.78,0.4,0.11,1.47,SZ000703
3970,2014-02-12,27.59,27.8,27.87,27.48,35019,25359052.0,1.41,0.76,0.21,1.33,SZ000703
3971,2014-02-13,27.8,26.89,27.9,26.5,54863,39066494.0,5.04,-3.27,-0.91,2.08,SZ000703
3972,2014-02-14,26.85,27.2,27.38,26.85,25717,18231620.0,1.97,1.15,0.31,0.98,SZ000703
3973,2014-02-17,27.41,27.27,27.69,27.24,53830,38542098.0,1.65,0.26,0.07,2.04,SZ000703
3974,2014-02-18,27.31,27.69,27.94,27.27,88719,64233525.0,2.46,1.54,0.42,3.37,SZ000703
3975,2014-02-19,27.73,29.03,29.13,27.2,167462,125375765.0,6.97,4.84,1.34,6.36,SZ000703
3976,2014-02-20,30.01,31.7,31.7,30.01,361816,300090416.0,5.82,9.2,2.67,13.74,SZ000703
3977,2014-02-21,31.87,29.52,31.87,29.34,293892,231923604.0,7.98,-6.88,-2.18,11.16,SZ000703
3978,2014-02-24,28.78,28.61,29.52,28.5,114567,86798729.0,3.46,-3.08,-0.91,4.35,SZ000703
3979,2014-02-25,28.47,29.2,30.71,28.47,165264,128058231.0,7.83,2.06,0.59,6.28,SZ000703
3980,2014-02-26,29.2,31.17,31.2,28.96,237313,190414085.0,7.67,6.75,1.97,9.01,SZ000703
3981,2014-02-27,30.82,31.13,32.99,30.08,299886,250167149.0,9.34,-0.13,-0.04,11.39,SZ000703
3982,2014-02-28,30.57,30.29,30.92,29.69,160205,127979782.0,3.95,-2.7,-0.84,6.08,SZ000703
3983,2014-03-03,30.15,31.77,32.43,29.73,214261,177930089.0,8.91,4.89,1.48,8.14,SZ000703
3984,2014-03-04,31.48,31.34,32.05,30.36,141711,116920168.0,5.32,-1.35,-0.43,5.38,SZ000703
3985,2014-03-05,31.73,30.4,32.29,30.4,118343,97176475.0,6.03,-3.0,-0.94,4.49,SZ000703
3986,2014-03-06,30.01,30.29,30.92,29.34,108233,85429097.0,5.2,-0.36,-0.11,4.11,SZ000703
3987,2014-03-07,30.08,30.85,31.17,29.84,121156,97724134.0,4.39,1.85,0.56,4.6,SZ000703
3988,2014-03-10,30.43,28.75,30.43,28.75,94024,73140722.0,5.45,-6.81,-2.1,3.57,SZ000703
3989,2014-03-11,28.5,28.92,29.45,28.22,69190,52381688.0,4.28,0.59,0.17,2.63,SZ000703
3990,2014-03-12,28.26,27.03,28.29,26.89,121397,86369873.0,4.84,-6.54,-1.89,4.61,SZ000703
3991,2014-03-13,26.89,27.06,27.2,26.75,66877,47058938.0,1.66,0.11,0.03,2.54,SZ000703
3992,2014-03-14,26.89,26.71,27.17,26.5,64893,45259688.0,2.48,-1.29,-0.35,2.46,SZ000703
3993,2014-03-17,26.78,27.24,27.24,26.78,56916,40164937.0,1.72,1.98,0.53,2.16,SZ000703
3994,2014-03-18,27.2,27.03,27.52,26.99,61372,43708156.0,1.95,-0.77,-0.21,2.33,SZ000703
3995,2014-03-19,27.06,27.69,27.73,26.71,69757,49825839.0,3.77,2.44,0.66,2.65,SZ000703
3996,2014-03-20,27.45,27.2,28.08,27.17,84208,60640083.0,3.29,-1.77,-0.49,3.2,SZ000703
3997,2014-03-21,26.57,27.48,27.83,26.22,78378,55591850.0,5.92,1.03,0.28,2.98,SZ000703
3998,2014-03-24,27.27,27.52,27.66,27.13,55849,39949710.0,1.93,0.15,0.04,2.12,SZ000703
3999,2014-03-25,27.38,27.62,27.76,27.24,47188,33959414.0,1.89,0.36,0.1,1.79,SZ000703
4000,2014-03-26,27.59,28.04,28.61,27.38,78359,57341945.0,4.45,1.52,0.42,2.98,SZ000703
4001,2014-03-27,28.01,27.38,28.19,27.34,46746,33936869.0,3.03,-2.35,-0.66,1.78,SZ000703
4002,2014-03-28,27.24,26.92,27.8,26.85,36270,25819829.0,3.47,-1.68,-0.46,1.38,SZ000703
4003,2014-03-31,27.1,26.54,27.2,26.54,29771,20720751.0,2.45,-1.41,-0.38,1.13,SZ000703
4004,2014-04-01,26.57,27.06,27.13,26.43,27005,18942247.0,2.64,1.96,0.52,1.03,SZ000703
4005,2014-04-02,27.06,27.06,27.38,26.92,19647,13906871.0,1.7,0.0,0.0,0.75,SZ000703
4006,2014-04-03,27.13,26.96,27.31,26.68,46221,32439045.0,2.33,-0.37,-0.1,1.76,SZ000703
4007,2014-04-04,26.85,26.85,26.89,26.57,28353,19732240.0,1.19,-0.41,-0.11,1.08,SZ000703
4008,2014-04-08,26.78,27.03,27.1,26.57,48350,33896535.0,1.97,0.67,0.18,1.84,SZ000703
4009,2014-04-09,27.03,27.48,27.52,26.85,66494,47342134.0,2.48,1.66,0.45,2.52,SZ000703
4010,2014-04-10,27.41,27.38,27.48,27.2,38631,27582285.0,1.02,-0.36,-0.1,1.47,SZ000703
4011,2014-04-11,27.41,27.41,27.69,27.24,34340,24582259.0,1.64,0.11,0.03,1.3,SZ000703
4012,2014-04-14,27.45,27.55,27.66,27.27,37081,26585841.0,1.42,0.51,0.14,1.41,SZ000703
4013,2014-04-15,27.52,26.89,27.52,26.89,40292,28557343.0,2.29,-2.4,-0.66,1.53,SZ000703
4014,2014-04-16,26.96,26.92,27.1,26.85,23397,16446446.0,0.93,0.11,0.03,0.89,SZ000703
4015,2014-04-17,26.96,27.06,27.27,26.89,30749,21725390.0,1.41,0.52,0.14,1.17,SZ000703
4016,2014-04-18,26.89,27.03,27.13,26.75,21954,15424618.0,1.4,-0.11,-0.03,0.83,SZ000703
4017,2014-04-21,26.92,26.47,26.92,26.43,29701,20617320.0,1.81,-2.07,-0.56,1.13,SZ000703
4018,2014-04-22,26.5,26.01,26.61,25.76,35087,23779743.0,3.21,-1.74,-0.46,1.33,SZ000703
4019,2014-04-23,25.87,25.8,26.22,25.73,20273,13667537.0,1.88,-0.81,-0.21,0.77,SZ000703
4020,2014-04-24,25.83,25.8,26.15,25.8,17796,12000470.0,1.36,0.0,0.0,0.68,SZ000703
4021,2014-04-25,25.8,25.17,25.94,25.13,31614,20747873.0,3.14,-2.44,-0.63,1.2,SZ000703
4022,2014-04-28,25.17,24.18,25.31,24.18,24722,15763784.0,4.49,-3.93,-0.99,0.94,SZ000703
4023,2014-04-29,24.15,24.5,24.5,24.15,14984,9410588.0,1.45,1.32,0.32,0.57,SZ000703
4024,2014-04-30,24.5,24.46,24.68,24.29,16717,10563900.0,1.59,-0.16,-0.04,0.63,SZ000703
4025,2014-05-05,24.39,24.36,24.53,24.18,18447,11610137.0,1.43,-0.41,-0.1,0.7,SZ000703
4026,2014-05-06,24.32,24.61,24.99,24.29,21200,13548919.0,2.87,1.03,0.25,0.81,SZ000703
4027,2014-05-07,24.43,24.46,24.75,24.39,12292,7800560.0,1.46,-0.61,-0.15,0.47,SZ000703
4028,2014-05-08,24.46,24.43,24.82,24.36,20356,12911153.0,1.88,-0.12,-0.03,0.77,SZ000703
4029,2014-05-09,24.53,24.22,24.61,24.18,16508,10386947.0,1.76,-0.86,-0.21,0.63,SZ000703
4030,2014-05-12,24.43,24.92,24.99,24.32,25371,16259013.0,2.77,2.89,0.7,0.96,SZ000703
4031,2014-05-13,24.92,25.41,26.08,24.78,42872,28502713.0,5.22,1.97,0.49,1.55,SZ000703
4032,2014-05-14,25.13,24.89,25.45,24.89,20618,13420274.0,2.2,-2.05,-0.52,0.75,SZ000703
4033,2014-05-15,25.2,25.1,25.45,24.99,22906,14910803.0,1.85,0.84,0.21,0.83,SZ000703
4034,2014-05-16,25.13,25.34,25.38,24.99,18249,11934019.0,1.55,0.96,0.24,0.66,SZ000703
4035,2014-05-19,24.5,24.01,24.68,23.38,24738,15297713.0,5.13,-5.25,-1.33,0.89,SZ000703
4036,2014-05-20,23.83,23.9,24.36,23.8,18328,11338697.0,2.33,-0.46,-0.11,0.66,SZ000703
4037,2014-05-21,23.83,24.5,24.68,23.76,25026,15605176.0,3.85,2.51,0.6,0.91,SZ000703
4038,2014-05-22,24.39,24.15,24.68,24.11,18796,11864966.0,2.33,-1.43,-0.35,0.68,SZ000703
4039,2014-05-23,24.15,24.11,24.36,24.08,15516,9687276.0,1.16,-0.17,-0.04,0.56,SZ000703
4040,2014-05-26,24.25,24.39,24.46,24.04,25709,16104857.0,1.74,1.16,0.28,0.93,SZ000703
4041,2014-05-27,24.39,24.01,24.39,23.97,24064,15008917.0,1.72,-1.56,-0.38,0.87,SZ000703
4042,2014-05-28,24.18,24.15,24.36,23.97,23905,14635976.0,1.62,0.58,0.14,0.86,SZ000703
4043,2014-05-29,24.15,24.36,24.43,24.04,36413,22439699.0,1.61,0.87,0.21,1.32,SZ000703
4044,2014-05-30,24.36,24.22,24.43,23.97,31344,19235733.0,1.89,-0.57,-0.14,1.13,SZ000703
4045,2014-06-03,24.25,26.4,26.4,24.25,215231,144430432.0,8.88,9.0,2.18,7.78,SZ000703
4046,2014-06-04,27.17,28.78,28.78,26.61,439975,312764032.0,8.22,9.02,2.38,15.91,SZ000703
4047,2014-06-05,28.36,28.47,28.99,27.24,377033,273245952.0,6.08,-1.08,-0.31,13.64,SZ000703
4048,2014-06-06,27.9,26.99,28.12,26.99,228830,162713774.0,3.97,-5.2,-1.48,8.28,SZ000703
4049,2014-06-09,26.68,27.34,27.45,26.54,178258,123834269.0,3.37,1.3,0.35,6.45,SZ000703
4050,2014-06-10,27.06,27.34,27.45,26.64,133980,93369908.0,2.96,0.0,0.0,4.85,SZ000703
4051,2014-06-11,27.13,27.13,27.38,26.75,129001,89862103.0,2.3,-0.77,-0.21,4.67,SZ000703
4052,2014-06-12,27.03,27.1,27.69,26.89,175179,123124727.0,2.95,-0.11,-0.03,6.34,SZ000703
4053,2014-06-13,27.1,27.97,28.47,26.61,247299,175617133.0,6.86,3.21,0.87,8.94,SZ000703
4054,2014-06-16,27.97,27.87,28.43,27.59,180359,130062333.0,3.0,-0.36,-0.1,6.52,SZ000703
4055,2014-06-17,27.62,26.71,27.87,26.61,147587,102516731.0,4.52,-4.16,-1.16,5.34,SZ000703
4056,2014-06-18,26.78,27.27,27.34,26.47,108070,74831977.0,3.26,2.1,0.56,3.91,SZ000703
4057,2014-06-19,26.99,25.06,27.03,24.92,148707,98408143.0,7.74,-8.1,-2.21,5.38,SZ000703
4058,2014-06-20,24.92,24.96,25.2,24.43,75960,48004655.0,3.07,-0.4,-0.1,2.75,SZ000703
4059,2014-06-23,25.03,24.89,25.41,24.82,80273,51267321.0,2.36,-0.28,-0.07,2.9,SZ000703
4060,2014-06-24,24.89,25.03,25.13,24.71,64943,41271498.0,1.69,0.56,0.14,2.35,SZ000703
4061,2014-06-25,24.96,25.13,25.45,24.82,68707,44160112.0,2.52,0.4,0.1,2.48,SZ000703
4062,2014-06-26,25.06,25.9,26.08,24.96,111031,72632238.0,4.46,3.06,0.77,4.02,SZ000703
4063,2014-06-27,25.9,25.69,26.04,25.55,86424,56909460.0,1.89,-0.81,-0.21,3.13,SZ000703
4064,2014-06-30,25.55,25.76,26.01,25.48,63702,41908214.0,2.06,0.27,0.07,2.3,SZ000703
4065,2014-07-01,25.9,25.55,25.97,25.31,81394,53078423.0,2.56,-0.82,-0.21,2.94,SZ000703
4066,2014-07-02,25.41,25.97,26.43,25.17,116176,76339214.0,4.93,1.64,0.42,4.2,SZ000703
4067,2014-07-03,25.8,25.8,25.94,25.55,69061,45469469.0,1.5,-0.65,-0.17,2.5,SZ000703
4068,2014-07-04,25.83,25.62,25.97,25.62,42840,28217448.0,1.36,-0.7,-0.18,1.55,SZ000703
4069,2014-07-07,25.52,25.24,25.66,25.03,64211,41428843.0,2.46,-1.48,-0.38,2.32,SZ000703
4070,2014-07-08,25.2,25.17,25.24,24.71,47353,30171274.0,2.1,-0.28,-0.07,1.71,SZ000703
4071,2014-07-09,25.17,25.06,25.52,24.99,63624,40975766.0,2.11,-0.44,-0.11,2.3,SZ000703
4072,2014-07-10,25.1,25.13,25.31,24.99,35122,22540877.0,1.28,0.28,0.07,1.27,SZ000703
4073,2014-07-11,25.1,25.24,25.38,25.1,32120,20702464.0,1.11,0.44,0.11,1.16,SZ000703
4074,2014-07-14,25.34,25.45,25.55,25.13,46246,29912187.0,1.66,0.83,0.21,1.67,SZ000703
4075,2014-07-15,25.41,25.83,25.94,25.31,82536,54065787.0,2.48,1.49,0.38,2.98,SZ000703
4076,2014-07-16,25.8,25.8,26.5,25.66,105354,70320119.0,3.25,-0.12,-0.03,0.91,SZ000703
4077,2014-07-17,25.8,26.54,26.75,25.62,115013,77169701.0,4.38,2.87,0.74,1.0,SZ000703
4078,2014-07-18,26.47,26.08,26.5,25.94,74943,50404424.0,2.11,-1.73,-0.46,0.65,SZ000703
4079,2014-07-21,25.94,26.04,26.33,25.83,43422,28950048.0,1.92,-0.15,-0.04,0.38,SZ000703
4080,2014-07-22,26.08,26.36,26.68,26.04,65546,44329370.0,2.46,1.23,0.32,0.57,SZ000703
4081,2014-07-23,26.43,26.68,27.55,26.33,126251,87197350.0,4.63,1.21,0.32,1.09,SZ000703
4082,2014-07-24,26.43,26.15,26.61,26.01,77539,52092317.0,2.25,-1.99,-0.53,0.67,SZ000703
4083,2014-07-25,26.04,26.36,26.54,26.01,50234,33966224.0,2.03,0.8,0.21,0.44,SZ000703
4084,2014-07-28,26.4,26.71,26.78,26.29,98294,66960985.0,1.86,1.33,0.35,0.85,SZ000703
4085,2014-07-29,26.64,26.71,27.06,26.54,92934,63947850.0,1.95,0.0,0.0,0.81,SZ000703
4086,2014-07-30,26.75,27.34,28.15,26.68,174822,123703177.0,5.5,2.36,0.63,1.52,SZ000703
4087,2014-07-31,27.31,27.17,27.38,26.96,93561,65177900.0,1.54,-0.62,-0.17,0.81,SZ000703
4088,2014-08-01,27.03,26.54,27.31,26.5,84897,58809789.0,2.98,-2.32,-0.63,0.74,SZ000703
4089,2014-08-04,26.57,27.03,27.03,26.5,62017,42774019.0,2.0,1.85,0.49,0.54,SZ000703
4090,2014-08-05,27.03,27.66,27.76,26.92,109059,76957776.0,3.11,2.33,0.63,0.95,SZ000703
4091,2014-08-06,27.48,27.55,27.87,27.38,95068,67733121.0,1.77,-0.4,-0.11,0.82,SZ000703
4092,2014-08-07,27.66,27.45,28.12,27.38,89495,63997467.0,2.69,-0.36,-0.1,0.78,SZ000703
4093,2014-08-08,27.41,27.76,27.94,27.41,67930,48544638.0,1.93,1.13,0.31,0.59,SZ000703
4094,2014-08-11,27.9,28.12,28.26,27.69,102841,74562750.0,2.05,1.3,0.36,0.89,SZ000703
4095,2014-08-12,28.33,27.97,28.4,27.76,64045,46243946.0,2.28,-0.53,-0.15,0.56,SZ000703
4096,2014-08-13,28.15,27.8,28.15,27.52,64894,46372061.0,2.25,-0.61,-0.17,0.56,SZ000703
4097,2014-08-14,27.83,27.59,27.9,27.45,62071,44312305.0,1.62,-0.76,-0.21,0.54,SZ000703
4098,2014-08-15,27.73,27.87,27.97,27.62,52334,37545653.0,1.27,1.01,0.28,0.45,SZ000703
4099,2014-08-18,27.97,28.4,28.78,27.8,95697,70038768.0,3.52,1.9,0.53,0.83,SZ000703
4100,2014-08-19,28.29,28.99,30.29,27.73,177924,132616658.0,9.01,2.08,0.59,1.54,SZ000703
4101,2014-08-20,28.75,28.82,29.31,28.61,94167,70354402.0,2.41,-0.59,-0.17,0.82,SZ000703
4102,2014-08-21,28.85,28.92,29.03,28.54,67061,49871285.0,1.7,0.35,0.1,0.58,SZ000703
4103,2014-08-22,28.85,29.27,29.59,28.78,82093,62194000.0,2.8,1.21,0.35,0.71,SZ000703
4104,2014-08-25,29.34,28.78,30.12,28.78,100471,76770219.0,4.58,-1.67,-0.49,0.87,SZ000703
4105,2014-08-26,28.75,30.01,30.22,28.26,211757,161522255.0,6.81,4.27,1.23,1.84,SZ000703
4106,2014-08-27,29.76,32.01,32.64,29.41,250169,204100880.0,10.76,6.66,2.0,2.17,SZ000703
4107,2014-08-28,31.45,32.43,33.94,31.45,197379,167007338.0,7.78,1.31,0.42,1.71,SZ000703
4108,2014-08-29,31.94,32.29,33.1,31.2,135875,114076931.0,5.86,-0.43,-0.14,1.18,SZ000703
4109,2014-09-01,31.94,32.33,32.89,31.8,83692,70508674.0,3.38,0.12,0.04,0.73,SZ000703
4110,2014-09-02,32.15,31.45,33.03,31.03,396928,328499312.0,6.19,-2.72,-0.88,3.44,SZ000703
4111,2014-09-03,31.31,31.24,31.45,30.75,151496,123128757.0,2.23,-0.67,-0.21,1.31,SZ000703
4112,2014-09-04,31.2,31.34,31.45,31.1,100352,81982546.0,1.12,0.32,0.1,0.87,SZ000703
4113,2014-09-05,31.45,31.2,31.55,30.85,106125,86208158.0,2.23,-0.45,-0.14,0.92,SZ000703
4114,2014-09-10,31.66,31.77,32.68,31.41,236304,198145167.0,4.07,1.83,0.57,2.05,SZ000703
4115,2014-09-11,31.73,31.31,31.98,31.03,145444,119532951.0,2.99,-1.45,-0.46,1.26,SZ000703
4116,2014-09-12,31.1,31.41,31.59,30.99,83260,68025291.0,1.92,0.32,0.1,0.72,SZ000703
4117,2014-09-15,31.73,31.7,32.19,31.45,95665,79176158.0,2.36,0.92,0.29,0.83,SZ000703
4118,2014-09-16,31.59,30.15,31.7,30.05,112948,91289307.0,5.21,-4.89,-1.55,0.98,SZ000703
4119,2014-09-17,30.36,30.29,30.5,30.01,58169,45769053.0,1.63,0.46,0.14,0.5,SZ000703
4120,2014-09-18,30.4,30.64,30.92,30.33,69789,55658206.0,1.95,1.16,0.35,0.6,SZ000703
4121,2014-09-19,30.57,30.85,30.92,30.36,50176,40198220.0,1.83,0.69,0.21,0.43,SZ000703
4122,2014-09-22,30.89,31.17,32.05,30.29,114918,93819444.0,5.71,1.04,0.32,1.0,SZ000703
4123,2014-09-23,31.27,31.87,32.29,30.99,118661,98082827.0,4.17,2.25,0.7,1.03,SZ000703
4124,2014-09-24,31.77,31.7,31.98,31.38,109823,90785200.0,1.88,-0.53,-0.17,0.95,SZ000703
4125,2014-09-25,31.52,31.27,31.77,31.13,110305,90666582.0,2.02,-1.36,-0.43,0.96,SZ000703
4126,2014-09-26,31.17,30.96,31.2,30.82,59191,47867035.0,1.22,-0.99,-0.31,0.51,SZ000703
4127,2014-09-29,30.85,30.36,31.1,30.19,152314,120973406.0,2.94,-1.94,-0.6,1.32,SZ000703
4128,2014-09-30,30.33,30.54,30.68,30.33,73542,58504086.0,1.15,0.59,0.18,0.64,SZ000703
4129,2014-10-08,30.57,30.82,30.96,30.54,72743,58302603.0,1.38,0.92,0.28,0.63,SZ000703
4130,2014-10-09,30.78,30.71,30.96,30.47,96115,76751752.0,1.59,-0.36,-0.11,0.83,SZ000703
4131,2014-10-10,30.64,31.38,31.41,30.5,141972,114867062.0,2.96,2.18,0.67,1.23,SZ000703
4132,2014-10-13,31.24,31.7,31.7,31.1,125583,103076344.0,1.91,1.02,0.32,1.09,SZ000703
4133,2014-10-14,31.8,30.78,31.94,30.68,135848,110593483.0,3.97,-2.9,-0.92,1.18,SZ000703
4134,2014-10-15,30.71,32.71,33.52,30.22,206642,170525262.0,10.72,6.27,1.93,1.79,SZ000703
4135,2014-10-16,32.15,30.57,33.06,30.47,461763,380672000.0,7.92,-6.54,-2.14,4.0,SZ000703
4136,2014-10-17,30.29,29.1,30.4,28.64,184479,141164550.0,5.76,-4.81,-1.47,1.6,SZ000703
4137,2014-10-20,29.1,29.34,29.48,28.99,81576,61875160.0,1.68,0.82,0.24,0.71,SZ000703
4138,2014-10-21,29.31,28.85,29.38,28.82,85871,64650654.0,1.91,-1.67,-0.49,0.74,SZ000703
4139,2014-10-22,28.85,28.43,29.76,28.33,225666,168296772.0,4.96,-1.46,-0.42,1.96,SZ000703
4140,2014-10-23,28.4,27.13,28.71,27.1,252731,180664590.0,5.66,-4.57,-1.3,2.19,SZ000703
4141,2014-10-24,27.13,27.13,27.45,27.03,73070,51273205.0,1.55,0.0,0.0,0.63,SZ000703
4142,2014-10-27,27.17,26.96,27.24,26.68,79434,55004857.0,2.06,-0.63,-0.17,0.69,SZ000703
4143,2014-10-28,27.06,27.66,27.69,26.96,106275,75157504.0,2.71,2.6,0.7,0.92,SZ000703
4144,2014-10-29,27.73,27.97,28.12,27.66,109475,78748226.0,1.66,1.12,0.31,0.95,SZ000703
4145,2014-10-30,28.04,28.01,28.33,27.83,105671,76713536.0,1.79,0.14,0.04,0.92,SZ000703
4146,2014-10-31,28.08,28.22,28.26,27.76,109774,79359546.0,1.79,0.75,0.21,0.95,SZ000703
4147,2014-11-03,28.33,28.54,28.96,28.19,156185,115408833.0,2.73,1.13,0.32,1.35,SZ000703
4148,2014-11-04,28.54,28.54,28.92,28.33,100898,74573525.0,2.07,0.0,0.0,0.87,SZ000703
4149,2014-11-05,28.47,28.64,28.82,28.26,93877,69443888.0,1.96,0.35,0.1,0.81,SZ000703
4150,2014-11-06,28.64,28.99,29.13,28.54,108289,80858900.0,2.06,1.22,0.35,0.94,SZ000703
4151,2014-11-07,29.06,29.2,29.73,28.71,192075,145187987.0,3.52,0.72,0.21,1.67,SZ000703
4152,2014-11-10,28.99,28.89,30.26,28.47,431261,324880640.0,6.13,-1.06,-0.31,3.74,SZ000703
4153,2014-11-11,28.82,27.66,29.17,27.48,232570,169515369.0,5.85,-4.26,-1.23,2.02,SZ000703
4154,2014-11-12,27.34,27.9,27.97,27.34,93791,67041628.0,2.28,0.87,0.24,0.81,SZ000703
4155,2014-11-13,27.94,27.62,28.01,27.41,99177,70637564.0,2.15,-1.0,-0.28,0.86,SZ000703
4156,2014-11-14,27.59,27.73,27.83,27.41,75076,53457725.0,1.52,0.4,0.11,0.65,SZ000703
4157,2014-11-17,27.73,27.87,27.97,27.59,70485,50545485.0,1.37,0.5,0.14,0.61,SZ000703
4158,2014-11-18,27.87,27.94,28.01,27.76,79467,57192472.0,0.9,0.25,0.07,0.69,SZ000703
4159,2014-11-19,27.9,27.9,28.04,27.66,88797,63834215.0,1.36,-0.14,-0.04,0.77,SZ000703
4160,2014-11-20,27.97,27.87,28.08,27.76,66629,48012990.0,1.15,-0.11,-0.03,0.58,SZ000703
4161,2014-11-21,27.87,27.94,28.01,27.76,73533,52915802.0,0.9,0.25,0.07,0.64,SZ000703
4162,2014-11-24,28.08,28.33,28.47,28.01,154881,113142086.0,1.65,1.4,0.39,1.34,SZ000703
4163,2014-11-25,28.36,28.61,28.71,28.19,126298,93105244.0,1.84,0.99,0.28,1.09,SZ000703
4164,2014-11-26,28.64,28.71,28.89,28.47,138824,103026208.0,1.47,0.35,0.1,1.2,SZ000703
4165,2014-11-27,28.78,28.64,29.03,28.54,157438,117141137.0,1.71,-0.24,-0.07,1.36,SZ000703
4166,2014-11-28,28.64,29.45,29.55,28.54,305116,229410301.0,3.53,2.83,0.81,2.64,SZ000703
4167,2014-12-01,29.55,28.78,29.59,28.54,241834,181706907.0,3.57,-2.28,-0.67,2.1,SZ000703
4168,2014-12-02,28.75,29.03,29.13,28.75,138876,104238006.0,1.32,0.87,0.25,1.2,SZ000703
4169,2014-12-03,29.17,29.8,29.8,28.92,265820,202265336.0,3.03,2.65,0.77,2.3,SZ000703
4170,2014-12-04,30.08,30.57,30.85,29.73,371265,293365392.0,3.76,2.58,0.77,3.22,SZ000703
4171,2014-12-05,30.36,29.45,30.64,28.61,323587,249737867.0,6.64,-3.66,-1.12,2.81,SZ000703
4172,2014-12-08,29.41,29.52,29.84,28.92,192822,147391763.0,3.12,0.24,0.07,1.67,SZ000703
4173,2014-12-09,29.45,28.04,29.55,27.87,257092,193281678.0,5.69,-5.01,-1.48,2.23,SZ000703
4174,2014-12-10,28.12,28.82,28.85,27.9,125141,91941912.0,3.39,2.78,0.78,1.08,SZ000703
4175,2014-12-11,28.61,29.59,29.59,28.57,176091,132450582.0,3.54,2.67,0.77,1.53,SZ000703
4176,2014-12-12,29.59,29.73,29.91,29.38,162963,125660499.0,1.79,0.47,0.14,1.41,SZ000703
4177,2014-12-15,29.87,30.57,30.78,29.48,266813,210082542.0,4.37,2.83,0.84,2.31,SZ000703
4178,2014-12-16,30.33,30.36,30.82,30.05,181755,143815128.0,2.52,-0.69,-0.21,1.58,SZ000703
4179,2014-12-17,30.5,29.73,30.54,29.34,180993,140172646.0,3.95,-2.08,-0.63,1.57,SZ000703
4180,2014-12-18,29.66,30.64,30.71,29.55,208896,164346371.0,3.9,3.06,0.91,1.81,SZ000703
4181,2014-12-19,30.68,31.06,31.59,30.05,268790,216507176.0,5.03,1.37,0.42,2.33,SZ000703
4182,2014-12-22,31.1,30.89,31.2,29.69,245011,193842492.0,4.86,-0.55,-0.17,2.12,SZ000703
4183,2014-12-23,30.71,31.63,32.47,30.19,394182,325860784.0,7.38,2.4,0.74,3.42,SZ000703
4184,2014-12-24,31.38,33.17,33.59,31.31,435498,372387312.0,7.21,4.87,1.54,3.78,SZ000703
4185,2014-12-25,32.82,33.27,34.15,32.47,376780,329598752.0,5.06,0.3,0.1,3.27,SZ000703
4186,2014-12-26,33.27,33.13,33.52,32.5,216275,187367334.0,3.07,-0.42,-0.14,1.87,SZ000703
4187,2014-12-29,33.17,35.63,35.98,33.17,381234,351033840.0,8.48,7.55,2.5,3.3,SZ000703
4188,2014-12-30,35.28,34.47,35.49,34.4,233393,214292728.0,3.06,-3.26,-1.16,2.02,SZ000703
4189,2014-12-31,34.57,34.33,34.85,33.63,147850,132766795.0,3.54,-0.41,-0.14,1.28,SZ000703
4190,2015-01-05,34.36,35.73,36.33,33.35,277406,255848623.0,8.68,4.08,1.4,2.4,SZ000703
4191,2015-01-06,35.45,34.71,36.47,34.57,209135,194938757.0,5.32,-2.85,-1.02,1.81,SZ000703
4192,2015-01-07,34.5,34.19,34.78,33.73,180187,162194448.0,3.03,-1.5,-0.52,1.56,SZ000703
4193,2015-01-08,34.19,33.06,34.22,32.99,195829,171901350.0,3.6,-3.31,-1.13,1.7,SZ000703
4194,2015-01-09,32.75,32.82,33.7,32.75,131712,115104630.0,2.87,-0.73,-0.24,1.14,SZ000703
4195,2015-01-12,32.92,32.19,33.7,32.05,156985,134671845.0,5.03,-1.92,-0.63,1.36,SZ000703
4196,2015-01-13,32.22,32.43,32.61,31.77,113239,95458941.0,2.61,0.75,0.24,0.98,SZ000703
4197,2015-01-14,32.47,32.12,32.71,31.91,92184,77969325.0,2.47,-0.96,-0.31,0.8,SZ000703
4198,2015-01-15,32.19,32.57,32.71,32.12,89154,75861739.0,1.84,1.4,0.45,0.77,SZ000703
4199,2015-01-16,32.57,34.12,35.31,32.57,233788,209107654.0,8.41,4.76,1.55,2.03,SZ000703
4200,2015-01-19,33.17,32.85,35.56,32.15,284678,255000575.0,9.99,-3.72,-1.27,2.47,SZ000703
4201,2015-01-20,32.92,33.91,34.12,32.92,158243,139613164.0,3.65,3.23,1.06,1.37,SZ000703
4202,2015-01-21,33.91,34.61,34.96,33.7,193123,174842622.0,3.72,2.06,0.7,1.67,SZ000703
4203,2015-01-22,34.61,34.64,35.1,34.12,156656,142356407.0,2.83,0.09,0.03,1.36,SZ000703
4204,2015-01-23,34.68,34.43,35.28,34.26,187000,171355026.0,2.94,-0.61,-0.21,1.62,SZ000703
4205,2015-01-26,34.4,34.71,34.75,33.52,153202,137237625.0,3.57,0.81,0.28,1.33,SZ000703
4206,2015-01-27,34.57,34.36,35.17,34.05,144642,131656903.0,3.23,-1.01,-0.35,1.25,SZ000703
4207,2015-01-28,34.36,33.49,34.54,33.31,130643,116409219.0,3.58,-2.53,-0.87,1.13,SZ000703
4208,2015-01-29,33.17,33.17,33.73,32.85,110417,96159562.0,2.63,-0.96,-0.32,0.96,SZ000703
4209,2015-01-30,33.24,33.45,33.7,32.92,107211,93875600.0,2.35,0.84,0.28,0.93,SZ000703
4210,2015-02-02,32.12,33.63,33.98,31.59,178660,154756629.0,7.14,0.54,0.18,1.55,SZ000703
4211,2015-02-03,33.59,35.52,36.54,33.59,362595,340704112.0,8.77,5.62,1.89,3.14,SZ000703
4212,2015-02-04,36.26,35.87,38.43,35.84,301524,293349440.0,7.29,0.99,0.35,2.61,SZ000703
4213,2015-02-05,35.87,35.28,37.38,35.21,217132,207736624.0,6.05,-1.64,-0.59,1.88,SZ000703
4214,2015-02-06,35.28,36.15,36.86,35.1,159817,151160874.0,4.99,2.47,0.87,1.39,SZ000703
4215,2015-02-09,35.77,37.35,38.4,35.52,209097,205890576.0,7.97,3.32,1.2,1.81,SZ000703
4216,2015-02-10,37.14,36.64,38.01,36.08,131828,127811164.0,5.17,-1.9,-0.71,1.14,SZ000703
4217,2015-02-11,36.64,36.47,36.71,35.28,116605,110836518.0,3.9,-0.46,-0.17,1.01,SZ000703
4218,2015-02-12,36.08,36.26,36.54,35.52,113813,108021046.0,2.8,-0.58,-0.21,0.99,SZ000703
4219,2015-02-13,36.61,36.05,36.86,36.05,106005,101993176.0,2.23,-0.58,-0.21,0.92,SZ000703
4220,2015-02-16,36.19,37.31,37.7,35.52,198411,190481790.0,6.05,3.5,1.26,1.72,SZ000703
4221,2015-02-17,37.35,38.5,38.79,37.07,186790,189086784.0,4.61,3.19,1.19,1.62,SZ000703
4222,2015-02-25,38.5,38.79,39.77,37.63,154603,159632204.0,5.56,0.75,0.29,1.34,SZ000703
4223,2015-02-26,38.79,39.31,39.84,38.54,133284,138807125.0,3.35,1.34,0.52,1.16,SZ000703
4224,2015-02-27,38.96,40.68,41.1,38.29,189848,200917023.0,7.15,3.49,1.37,1.65,SZ000703
4225,2015-03-02,42.08,40.68,42.51,39.98,193911,212077942.0,6.22,0.0,0.0,1.68,SZ000703
4226,2015-03-03,40.4,41.03,41.52,40.08,143807,156514629.0,3.54,0.86,0.35,1.25,SZ000703
4227,2015-03-04,40.86,41.56,42.23,40.47,124808,136918786.0,4.29,1.29,0.53,1.08,SZ000703
4228,2015-03-05,41.1,39.8,41.21,39.63,153004,164002859.0,3.8,-4.23,-1.76,1.33,SZ000703
4229,2015-03-06,39.73,38.65,40.4,38.43,143030,149481932.0,4.95,-2.89,-1.15,1.24,SZ000703
4230,2015-03-09,38.36,38.93,39.21,37.66,127652,131171102.0,4.01,0.72,0.28,1.11,SZ000703
4231,2015-03-10,38.93,38.82,39.52,38.5,90706,93958959.0,2.62,-0.28,-0.11,0.79,SZ000703
4232,2015-03-11,38.54,38.26,39.35,38.19,92183,94765597.0,2.99,-1.44,-0.56,0.8,SZ000703
4233,2015-03-12,38.19,39.0,39.1,37.8,96698,98798792.0,3.4,1.93,0.74,0.84,SZ000703
4234,2015-03-13,39.31,38.61,39.35,38.36,91487,94120002.0,2.54,-1.0,-0.39,0.79,SZ000703
4235,2015-03-16,38.47,39.07,39.17,37.98,188503,193546922.0,3.08,1.19,0.46,1.63,SZ000703
4236,2015-03-17,39.0,40.37,40.61,38.65,254151,266980706.0,5.02,3.33,1.3,2.2,SZ000703
4237,2015-03-18,40.15,40.4,40.72,40.05,179237,192783411.0,1.66,0.07,0.03,1.55,SZ000703
4238,2015-03-19,40.58,41.31,41.87,39.87,262267,287246256.0,4.95,2.25,0.91,2.27,SZ000703
4239,2015-03-20,41.17,40.65,41.45,40.19,173979,188731585.0,3.05,-1.6,-0.66,1.51,SZ000703
4240,2015-03-23,40.89,40.96,41.94,40.51,161014,176007118.0,3.52,0.76,0.31,1.4,SZ000703
4241,2015-03-24,40.89,39.45,40.96,38.68,285818,300944448.0,5.57,-3.69,-1.51,2.48,SZ000703
4242,2015-03-25,39.31,38.72,39.31,38.4,181296,186408211.0,2.31,-1.85,-0.73,1.57,SZ000703
4243,2015-03-26,38.43,39.21,39.66,38.4,133479,138826867.0,3.25,1.27,0.49,1.16,SZ000703
4244,2015-03-27,39.38,39.24,39.56,38.79,127114,132281342.0,1.96,0.08,0.03,1.1,SZ000703
4245,2015-03-30,39.28,40.19,40.54,39.24,185716,197503289.0,3.31,2.42,0.95,1.61,SZ000703
4246,2015-03-31,40.26,41.03,41.1,39.84,217865,234770880.0,3.14,2.09,0.84,1.89,SZ000703
4247,2015-04-01,41.07,41.24,41.45,40.61,297904,326015472.0,2.05,0.51,0.21,2.58,SZ000703
4248,2015-04-02,41.49,42.82,43.0,41.31,360535,406288048.0,4.1,3.83,1.58,3.13,SZ000703
4249,2015-04-03,42.65,44.82,45.1,42.12,344023,406509152.0,6.96,4.67,2.0,2.98,SZ000703
4250,2015-04-07,47.56,47.53,49.03,46.51,455071,585122896.0,5.62,6.05,2.71,3.94,SZ000703
4251,2015-04-08,47.91,49.63,51.07,45.45,442673,572360880.0,11.82,4.42,2.1,3.84,SZ000703
4252,2015-04-09,49.28,48.51,49.42,46.51,260957,338174240.0,5.86,-2.26,-1.12,2.26,SZ000703
4253,2015-04-10,48.61,49.35,50.16,47.91,299101,397013040.0,4.64,1.73,0.84,2.59,SZ000703
4254,2015-04-13,50.02,49.28,51.18,49.21,279080,376641120.0,3.99,-0.14,-0.07,2.42,SZ000703
4255,2015-04-14,49.25,47.88,49.25,47.49,235739,305128064.0,3.57,-2.84,-1.4,2.04,SZ000703
4256,2015-04-15,48.09,49.32,52.4,48.09,311050,419968576.0,9.0,3.01,1.44,2.7,SZ000703
4257,2015-04-16,49.32,51.25,52.12,48.12,275972,377279792.0,8.11,3.91,1.93,2.39,SZ000703
4258,2015-04-17,51.6,51.14,52.86,50.4,365190,510821152.0,4.8,-0.21,-0.11,3.17,SZ000703
4259,2015-04-20,50.9,48.96,51.0,48.54,237325,319197248.0,4.81,-4.26,-2.18,2.06,SZ000703
4260,2015-04-21,49.18,51.74,51.77,48.61,250864,341893984.0,6.45,5.68,2.78,2.17,SZ000703
4261,2015-04-22,52.47,52.69,53.88,51.49,288182,411719520.0,4.62,1.84,0.95,2.5,SZ000703
4262,2015-04-23,53.0,52.44,53.56,52.12,211326,302228784.0,2.73,-0.47,-0.25,1.83,SZ000703
4263,2015-04-24,52.3,53.98,54.37,51.46,262234,377605552.0,5.55,2.94,1.54,2.27,SZ000703
4264,2015-04-27,54.09,56.48,58.2,54.09,351476,533147872.0,7.61,4.63,2.5,3.05,SZ000703
4265,2015-04-28,55.28,54.23,57.25,52.65,279500,416532672.0,8.14,-3.98,-2.25,2.42,SZ000703
4266,2015-04-29,53.53,55.21,55.46,52.86,147722,217740427.0,4.79,1.81,0.98,1.28,SZ000703
4267,2015-04-30,54.93,54.26,55.32,53.91,145932,216255627.0,2.55,-1.72,-0.95,1.27,SZ000703
4268,2015-05-04,53.67,52.83,54.23,51.25,258295,364092528.0,5.49,-2.64,-1.43,2.24,SZ000703
4269,2015-05-05,56.97,51.11,56.97,50.82,192537,276759504.0,11.64,-3.26,-1.72,1.67,SZ000703
4270,2015-05-06,51.77,48.44,52.23,48.19,179881,241859826.0,7.9,-5.22,-2.67,1.56,SZ000703
4271,2015-05-07,48.16,49.6,51.42,45.98,227697,295822128.0,11.23,2.39,1.16,1.97,SZ000703
4272,2015-05-08,49.6,50.05,50.26,49.0,143541,192664600.0,2.54,0.91,0.45,1.24,SZ000703
4273,2015-05-11,50.05,50.86,51.18,49.67,153322,208860784.0,3.02,1.62,0.81,1.33,SZ000703
4274,2015-05-12,52.12,51.84,52.83,51.11,170317,239896827.0,3.38,1.93,0.98,1.48,SZ000703
4275,2015-05-13,52.12,52.65,53.21,50.79,199381,280006656.0,4.67,1.56,0.81,1.73,SZ000703
4276,2015-05-14,52.47,51.77,53.14,51.25,177257,249174339.0,3.59,-1.67,-0.88,1.54,SZ000703
4277,2015-05-15,51.39,49.0,51.39,48.93,168197,225510009.0,4.75,-5.35,-2.77,1.46,SZ000703
4278,2015-05-18,48.79,48.26,48.79,47.6,159897,207283526.0,2.43,-1.51,-0.74,1.39,SZ000703
4279,2015-05-19,48.12,49.35,49.49,48.09,130039,171655950.0,2.9,2.26,1.09,1.13,SZ000703
4280,2015-05-20,49.18,49.53,50.97,49.0,189373,256143446.0,3.99,0.36,0.18,1.64,SZ000703
4281,2015-05-21,49.53,51.25,51.6,49.53,201920,276323216.0,4.18,3.47,1.72,1.75,SZ000703
4282,2015-05-22,52.12,52.93,53.67,51.63,247623,352599328.0,3.98,3.28,1.68,2.15,SZ000703
4283,2015-05-25,53.35,55.42,55.95,52.83,261669,388030480.0,5.89,4.7,2.49,2.27,SZ000703
4284,2015-05-26,56.27,57.28,57.91,54.76,276108,423391696.0,5.68,3.36,1.86,2.39,SZ000703
4285,2015-05-27,57.04,57.63,57.91,54.86,297061,454289376.0,5.32,0.61,0.35,2.58,SZ000703
4286,2015-05-28,57.53,55.11,59.81,52.69,314454,493588544.0,12.35,-4.37,-2.52,2.73,SZ000703
4287,2015-05-29,54.51,55.28,55.95,51.39,285557,416252864.0,8.27,0.31,0.17,2.48,SZ000703
4288,2015-06-01,55.98,60.55,60.55,55.81,342587,550077776.0,8.57,9.53,5.27,2.97,SZ000703
4289,2015-06-02,61.78,64.41,65.29,60.9,359169,624235696.0,7.25,6.37,3.86,3.11,SZ000703
4290,2015-06-03,64.02,66.3,68.94,62.86,284967,514455792.0,9.44,2.93,1.89,2.47,SZ000703
4291,2015-06-04,66.44,68.97,70.09,63.0,298366,550474160.0,10.69,4.03,2.67,2.59,SZ000703
4292,2015-06-05,69.11,67.5,71.46,66.48,303493,566797552.0,7.22,-2.13,-1.47,2.63,SZ000703
4293,2015-06-08,67.22,64.86,67.22,63.39,251722,448730928.0,5.67,-3.91,-2.64,2.18,SZ000703
4294,2015-06-09,64.58,66.44,67.5,63.36,200371,360756160.0,6.38,2.44,1.58,1.74,SZ000703
4295,2015-06-10,65.46,66.16,67.53,64.23,149368,270322752.0,4.97,-0.42,-0.28,1.29,SZ000703
4296,2015-06-11,65.81,65.53,66.16,63.88,168364,299467600.0,3.45,-0.95,-0.63,1.46,SZ000703
4297,2015-06-12,65.99,67.6,68.59,65.99,223597,413208816.0,3.97,3.16,2.07,1.94,SZ000703
4298,2015-06-15,68.62,64.27,68.97,63.74,219778,396567264.0,7.74,-4.93,-3.33,1.91,SZ000703
4299,2015-06-16,62.93,61.99,65.32,61.42,163362,282606960.0,6.07,-3.55,-2.28,1.42,SZ000703
4300,2015-06-17,61.28,63.74,64.93,60.51,152960,260813047.0,7.13,2.82,1.75,1.33,SZ000703
4301,2015-06-18,63.32,61.78,64.97,61.6,111197,193283788.0,5.29,-3.07,-1.96,0.96,SZ000703
4302,2015-06-19,59.85,55.88,60.55,55.88,223938,350208912.0,7.56,-9.55,-5.9,1.94,SZ000703
4303,2015-06-23,55.88,55.49,56.86,50.54,184150,266535905.0,11.31,-0.7,-0.39,1.6,SZ000703
4304,2015-06-24,55.95,56.65,57.28,54.4,172157,262624452.0,5.19,2.09,1.16,1.49,SZ000703
4305,2015-06-25,56.69,53.0,56.79,51.77,180624,270668496.0,8.86,-6.44,-3.65,1.57,SZ000703
4306,2015-06-26,50.02,47.98,51.6,47.98,195636,260229437.0,6.83,-9.47,-5.02,1.7,SZ000703
4307,2015-06-29,49.7,43.45,49.7,43.45,253212,310906688.0,13.03,-9.44,-4.53,2.19,SZ000703
4308,2015-06-30,43.35,47.42,47.53,39.59,267456,313657408.0,18.27,9.14,3.97,2.32,SZ000703
4309,2015-07-01,47.42,44.82,49.95,44.23,224183,289596368.0,12.06,-5.48,-2.6,1.94,SZ000703
4310,2015-07-02,44.82,40.93,46.51,40.61,188026,216366737.0,13.16,-8.68,-3.89,1.63,SZ000703
4311,2015-07-03,39.49,38.01,43.35,37.1,268744,279273840.0,15.27,-7.13,-2.92,2.33,SZ000703
4312,2015-07-06,41.52,38.22,41.52,34.78,298141,299394064.0,17.73,0.55,0.21,2.58,SZ000703
4313,2015-07-07,36.36,34.68,37.66,34.68,144628,134680834.0,7.8,-9.26,-3.54,1.25,SZ000703
4314,2015-07-08,31.48,34.33,36.68,31.48,582198,500752416.0,14.99,-1.01,-0.35,5.05,SZ000703
4315,2015-07-09,34.57,37.49,37.49,34.33,162860,156295781.0,9.2,9.2,3.16,1.41,SZ000703
4316,2015-07-10,38.61,40.96,40.96,37.98,143930,155399743.0,7.95,9.26,3.47,1.25,SZ000703
4317,2015-07-13,43.17,44.79,44.79,41.84,283335,330619200.0,7.2,9.35,3.83,2.46,SZ000703
4318,2015-07-14,43.17,42.58,46.05,41.84,336550,396595680.0,9.4,-4.93,-2.21,2.92,SZ000703
4319,2015-07-15,40.89,38.57,41.94,38.57,175448,186939130.0,7.91,-9.42,-4.01,1.52,SZ000703
4320,2015-07-16,38.57,39.98,40.86,35.42,177485,184149724.0,14.1,3.66,1.41,1.54,SZ000703
4321,2015-07-17,40.12,42.26,43.17,39.98,137698,152531310.0,7.98,5.7,2.28,1.19,SZ000703
4322,2015-07-20,42.01,42.12,43.35,40.93,146348,165213300.0,5.73,-0.33,-0.14,1.27,SZ000703
4323,2015-07-21,41.52,44.75,44.75,40.72,206434,241353721.0,9.57,6.24,2.63,1.79,SZ000703
4324,2015-07-22,44.58,44.26,45.28,42.61,196057,230305414.0,5.97,-1.09,-0.49,1.7,SZ000703
4325,2015-07-23,43.73,46.09,46.33,43.52,222886,268193306.0,6.35,4.13,1.83,1.93,SZ000703
4326,2015-07-24,45.98,44.33,46.05,43.63,247966,300394400.0,5.25,-3.82,-1.76,2.15,SZ000703
4327,2015-07-27,42.79,40.15,44.33,40.15,175185,197277915.0,9.43,-9.43,-4.18,1.52,SZ000703
4328,2015-07-28,39.03,39.56,41.17,36.4,229977,236837275.0,11.88,-1.47,-0.59,1.99,SZ000703
4329,2015-07-29,40.05,41.35,41.42,38.79,121640,128919254.0,6.65,4.52,1.79,1.05,SZ000703
4330,2015-07-30,40.89,39.21,41.8,39.14,125545,136535907.0,6.43,-5.18,-2.14,1.09,SZ000703
4331,2015-07-31,38.68,39.49,39.98,38.68,79985,83475019.0,3.32,0.71,0.28,0.69,SZ000703
4332,2015-08-06,40.51,41.1,42.47,39.52,175016,192164059.0,7.47,4.08,1.61,1.52,SZ000703
4333,2015-08-07,41.14,42.26,42.26,40.61,159550,177056035.0,4.01,2.82,1.16,1.38,SZ000703
4334,2015-08-10,42.37,43.88,44.4,42.08,171321,197547824.0,5.49,3.83,1.62,1.49,SZ000703
4335,2015-08-11,43.42,44.12,45.88,42.86,231740,273236432.0,6.88,0.55,0.24,2.01,SZ000703
4336,2015-08-12,43.35,43.52,45.17,43.24,145419,171377056.0,4.37,-1.36,-0.6,1.26,SZ000703
4337,2015-08-13,44.33,44.47,45.31,43.35,152249,180898550.0,4.5,2.18,0.95,1.32,SZ000703
4338,2015-08-14,44.44,44.68,45.52,44.23,171205,205978555.0,2.9,0.47,0.21,1.48,SZ000703
4339,2015-08-17,44.05,44.44,44.44,43.03,137939,161525928.0,3.16,-0.54,-0.24,1.2,SZ000703
4340,2015-08-18,44.4,40.26,44.75,40.26,160125,182238459.0,10.1,-9.41,-4.18,1.39,SZ000703
4341,2015-08-19,38.65,40.58,40.89,37.03,138048,142766529.0,9.59,0.79,0.32,1.2,SZ000703
4342,2015-08-20,40.44,38.68,40.54,38.36,92420,97395949.0,5.37,-4.68,-1.9,0.8,SZ000703
4343,2015-08-21,37.66,35.31,38.61,35.28,99071,97296954.0,8.61,-8.71,-3.37,0.86,SZ000703
4344,2015-08-24,33.87,32.05,34.19,32.05,75076,63543957.0,6.06,-9.23,-3.26,0.65,SZ000703
4345,2015-08-25,29.1,29.13,30.26,29.1,184665,139934905.0,3.62,-9.11,-2.92,1.6,SZ000703
4346,2015-08-26,29.69,29.1,30.61,27.73,104364,80055312.0,9.89,-0.1,-0.03,0.9,SZ000703
4347,2015-08-27,29.66,30.36,30.36,28.75,92448,71179535.0,5.53,4.33,1.26,0.8,SZ000703
4348,2015-08-28,31.31,32.36,32.36,30.82,127681,105005920.0,5.07,6.59,2.0,1.11,SZ000703
4349,2015-08-31,32.43,32.29,33.66,31.41,109883,93858766.0,6.95,-0.22,-0.07,0.95,SZ000703
4350,2015-09-01,32.01,29.76,32.01,29.38,89425,70646792.0,8.14,-7.84,-2.53,0.78,SZ000703
4351,2015-09-02,28.96,28.33,30.4,27.94,74544,56309326.0,8.27,-4.81,-1.43,0.65,SZ000703
4352,2015-09-07,29.06,28.68,30.19,28.43,60383,45759384.0,6.21,1.24,0.35,0.52,SZ000703
4353,2015-09-08,28.57,30.36,30.61,28.36,64180,49118357.0,7.85,5.86,1.68,0.56,SZ000703
4354,2015-09-09,30.68,31.41,31.7,30.33,96849,78549822.0,4.51,3.46,1.05,0.84,SZ000703
4355,2015-09-10,30.99,30.61,31.48,30.4,66093,53468683.0,3.44,-2.55,-0.8,0.57,SZ000703
4356,2015-09-11,30.64,30.89,31.34,30.08,55430,44351568.0,4.12,0.91,0.28,0.48,SZ000703
4357,2015-09-14,30.92,28.12,31.24,28.08,82347,62379142.0,10.23,-8.97,-2.77,0.71,SZ000703
4358,2015-09-15,27.76,26.71,27.9,26.47,58778,41242327.0,5.09,-5.01,-1.41,0.51,SZ000703
4359,2015-09-16,26.68,28.78,29.13,26.68,75563,53869584.0,9.17,7.75,2.07,0.66,SZ000703
4360,2015-09-17,28.29,28.36,30.61,28.29,94006,70950432.0,8.06,-1.46,-0.42,0.81,SZ000703
4361,2015-09-18,28.75,28.78,29.13,27.9,54954,40548169.0,4.34,1.48,0.42,0.48,SZ000703
4362,2015-09-21,28.26,29.45,29.66,27.83,59575,44762992.0,6.36,2.33,0.67,0.52,SZ000703
4363,2015-09-22,29.31,29.98,30.43,29.2,75329,58488499.0,4.18,1.8,0.53,0.65,SZ000703
4364,2015-09-23,29.06,29.13,29.66,28.89,61849,46864012.0,2.57,-2.84,-0.85,0.54,SZ000703
4365,2015-09-24,29.13,29.66,29.73,29.1,58016,44362440.0,2.16,1.82,0.53,0.5,SZ000703
4366,2015-09-25,29.59,28.12,29.69,27.62,59196,44278625.0,6.98,-5.19,-1.54,0.51,SZ000703
4367,2015-09-28,27.94,28.68,28.89,27.76,34194,25222501.0,4.02,1.99,0.56,0.3,SZ000703
4368,2015-09-29,28.26,27.76,28.26,27.52,51835,37156142.0,2.58,-3.21,-0.92,0.45,SZ000703
4369,2015-09-30,27.83,28.01,28.29,27.73,32185,23292550.0,2.02,0.9,0.25,0.28,SZ000703
4370,2015-10-08,28.92,29.1,29.62,28.85,62297,47002153.0,2.75,3.89,1.09,0.54,SZ000703
4371,2015-10-09,29.03,30.01,30.33,28.99,103755,80111981.0,4.6,3.13,0.91,0.9,SZ000703
4372,2015-10-12,30.15,31.94,32.57,29.87,127122,104057995.0,9.0,6.43,1.93,1.1,SZ000703
4373,2015-10-13,31.59,33.27,33.56,31.27,152209,130370451.0,7.17,4.16,1.33,1.32,SZ000703
4374,2015-10-14,33.27,32.5,33.59,31.77,142812,121128388.0,5.47,-2.31,-0.77,1.24,SZ000703
4375,2015-10-15,31.87,32.92,32.99,31.59,173311,146745601.0,4.31,1.29,0.42,1.5,SZ000703
4376,2015-10-16,32.92,33.03,33.7,32.36,166592,143132919.0,4.07,0.33,0.11,1.44,SZ000703
4377,2015-10-19,32.85,32.22,33.1,31.8,115312,98291171.0,3.94,-2.45,-0.81,1.0,SZ000703
4378,2015-10-20,32.26,32.68,32.75,31.77,113379,95811901.0,3.04,1.43,0.46,0.98,SZ000703
4379,2015-10-21,32.57,29.98,32.96,29.69,141589,117067198.0,10.01,-8.26,-2.7,1.23,SZ000703
4380,2015-10-22,29.98,30.61,30.78,29.73,95078,74872142.0,3.5,2.1,0.63,0.82,SZ000703
4381,2015-10-23,30.68,31.8,32.08,30.54,132068,108220453.0,5.03,3.89,1.19,1.14,SZ000703
4382,2015-10-26,32.29,32.71,33.17,31.94,121644,103347703.0,3.87,2.86,0.91,1.05,SZ000703
4383,2015-10-27,32.47,32.92,33.13,31.13,111020,93302117.0,6.11,0.64,0.21,0.96,SZ000703
4384,2015-10-28,32.75,32.4,33.24,32.22,118329,101812108.0,3.1,-1.58,-0.52,1.03,SZ000703
4385,2015-10-29,32.68,33.13,33.7,32.57,125113,109096617.0,3.49,2.25,0.73,1.08,SZ000703
4386,2015-10-30,33.1,32.78,33.45,32.22,102581,88641347.0,3.71,-1.06,-0.35,0.89,SZ000703
4387,2015-11-02,32.4,34.26,35.21,31.8,192565,169840856.0,10.4,4.51,1.48,1.67,SZ000703
4388,2015-11-03,33.59,34.71,35.52,33.59,188767,171804800.0,5.63,1.31,0.45,1.64,SZ000703
4389,2015-11-04,35.84,36.47,37.28,35.66,196249,189185067.0,4.67,5.07,1.76,1.7,SZ000703
4390,2015-11-05,36.57,36.01,37.31,35.66,155029,149440513.0,4.52,-1.26,-0.46,1.34,SZ000703
4391,2015-11-11,39.35,39.35,39.35,37.42,349128,357644608.0,5.36,9.28,3.34,3.03,SZ000703
4392,2015-11-12,38.79,37.73,39.03,37.73,198787,202045473.0,3.3,-4.12,-1.62,1.72,SZ000703
4393,2015-11-13,37.8,37.77,38.96,37.38,139198,140804595.0,4.19,0.11,0.04,1.21,SZ000703
4394,2015-11-16,36.96,38.36,38.65,36.19,117560,116073418.0,6.51,1.56,0.59,1.02,SZ000703
4395,2015-11-17,38.4,38.86,40.33,37.77,197688,204500683.0,6.67,1.3,0.5,1.71,SZ000703
4396,2015-11-18,38.86,37.91,39.49,37.66,106660,108809790.0,4.71,-2.44,-0.95,0.92,SZ000703
4397,2015-11-19,37.77,38.01,38.08,37.28,87163,86969139.0,2.11,0.26,0.1,0.76,SZ000703
4398,2015-11-20,38.36,41.56,41.56,38.15,273661,295037280.0,8.97,9.34,3.55,2.37,SZ000703
4399,2015-11-23,42.4,43.52,45.45,42.23,295381,347063968.0,7.75,4.72,1.96,2.56,SZ000703
4400,2015-11-24,43.56,44.86,45.38,42.89,177824,209542348.0,5.72,3.08,1.34,1.54,SZ000703
4401,2015-11-25,44.86,45.03,46.72,44.4,199895,244270300.0,5.17,0.38,0.17,1.73,SZ000703
4402,2015-11-26,45.03,44.68,45.63,43.35,183469,217939285.0,5.06,-0.78,-0.35,1.59,SZ000703
4403,2015-11-27,43.35,40.47,43.35,40.47,240066,267981566.0,6.45,-9.42,-4.21,2.08,SZ000703
4404,2015-11-30,39.35,39.28,40.15,36.75,166227,171917434.0,8.4,-2.94,-1.19,1.44,SZ000703
4405,2015-12-01,38.96,39.17,40.08,38.19,103426,106995711.0,4.81,-0.28,-0.11,0.9,SZ000703
4406,2015-12-02,39.0,40.22,41.17,39.0,139015,148862049.0,5.54,2.68,1.05,1.21,SZ000703
4407,2015-12-03,39.84,40.65,40.93,39.84,63229,68327844.0,2.71,1.07,0.43,0.55,SZ000703
4408,2015-12-04,40.82,39.56,40.82,39.35,63672,67367763.0,3.62,-2.68,-1.09,0.55,SZ000703
4409,2015-12-07,40.33,41.17,42.86,39.91,156232,173060283.0,7.46,4.07,1.61,1.35,SZ000703
4410,2015-12-08,40.58,40.05,40.93,39.66,74715,80405405.0,3.08,-2.72,-1.12,0.65,SZ000703
4411,2015-12-09,39.84,39.84,40.79,39.63,51431,54937080.0,2.9,-0.52,-0.21,0.45,SZ000703
4412,2015-12-10,39.84,39.31,40.75,39.17,53376,56941090.0,3.97,-1.33,-0.53,0.46,SZ000703
4413,2015-12-11,39.0,37.87,39.03,37.66,73515,74264290.0,3.49,-3.66,-1.44,0.64,SZ000703
4414,2015-12-14,36.71,40.15,40.15,36.71,87430,90427681.0,9.08,6.02,2.28,0.76,SZ000703
4415,2015-12-15,40.22,39.98,41.59,39.91,70315,76065465.0,4.18,-0.42,-0.17,0.61,SZ000703
4416,2015-12-16,40.05,41.31,42.61,40.05,126038,139518857.0,6.4,3.33,1.33,1.09,SZ000703
4417,2015-12-17,41.1,41.45,42.26,40.93,138491,152841930.0,3.22,0.34,0.14,1.2,SZ000703
4418,2015-12-18,41.28,41.7,42.23,40.93,110846,123648857.0,3.14,0.6,0.25,0.96,SZ000703
4419,2015-12-21,41.52,41.94,41.94,40.58,138622,152586960.0,3.26,0.58,0.24,1.2,SZ000703
4420,2015-12-22,42.05,42.51,42.65,41.59,164941,185336632.0,2.53,1.36,0.57,1.43,SZ000703
4421,2015-12-23,42.44,41.45,42.68,41.24,87973,98622874.0,3.39,-2.49,-1.06,0.76,SZ000703
4422,2015-12-24,41.45,43.59,45.35,41.42,214157,251749495.0,9.48,5.16,2.14,1.86,SZ000703
4423,2015-12-25,43.98,44.23,44.93,43.0,143924,169309473.0,4.43,1.47,0.64,1.25,SZ000703
4424,2015-12-28,44.19,42.16,44.19,42.12,119921,137482299.0,4.68,-4.68,-2.07,1.04,SZ000703
4425,2015-12-29,41.7,42.12,42.65,40.47,92741,102272343.0,5.17,-0.09,-0.04,0.8,SZ000703
4426,2015-12-30,41.59,42.68,42.89,41.35,72053,80686932.0,3.66,1.33,0.56,0.62,SZ000703
4427,2015-12-31,42.47,41.63,42.65,41.52,70225,78611403.0,2.65,-2.46,-1.05,0.61,SZ000703
4428,2016-01-04,41.38,37.91,41.52,37.8,70592,76462789.0,8.94,-8.94,-3.72,0.61,SZ000703
4429,2016-01-05,36.86,38.61,39.49,36.5,65514,66183839.0,7.89,1.85,0.7,0.57,SZ000703
4430,2016-01-06,38.57,40.33,40.37,38.57,68415,72402378.0,4.66,4.45,1.72,0.59,SZ000703
4431,2016-01-07,39.59,37.07,39.66,36.89,16290,16611028.0,6.87,-8.08,-3.26,0.14,SZ000703
4432,2016-01-08,38.75,38.61,39.17,36.64,76255,77219115.0,6.82,4.15,1.54,0.66,SZ000703
4433,2016-01-11,38.61,37.73,39.42,37.24,57613,58486760.0,5.65,-2.28,-0.88,0.5,SZ000703
4434,2016-01-12,37.42,35.7,38.08,35.45,57306,55785054.0,6.97,-5.38,-2.03,0.5,SZ000703
4435,2016-01-13,35.91,32.4,36.12,32.4,89999,81414338.0,10.42,-9.24,-3.3,0.78,SZ000703
4436,2016-01-14,31.2,34.22,34.22,29.84,112683,92740016.0,13.52,5.62,1.82,0.98,SZ000703
4437,2016-01-15,33.66,34.05,34.85,32.36,76570,67801499.0,7.28,-0.5,-0.17,0.66,SZ000703
4438,2016-01-18,33.52,33.91,34.68,32.5,52361,46910485.0,6.4,-0.41,-0.14,0.45,SZ000703
4439,2016-01-19,34.15,35.24,35.45,33.2,79535,72514704.0,6.64,3.92,1.33,0.69,SZ000703
4440,2016-01-20,34.92,33.91,35.35,33.45,96724,87067662.0,5.39,-3.77,-1.33,0.84,SZ000703
4441,2016-01-21,33.27,32.85,34.12,32.85,55187,48535159.0,3.75,-3.13,-1.06,0.48,SZ000703
4442,2016-01-22,33.45,33.42,33.87,32.4,79767,69765947.0,4.47,1.74,0.57,0.69,SZ000703
4443,2016-01-25,34.05,35.91,36.5,33.87,133196,125636637.0,7.87,7.45,2.49,1.15,SZ000703
4444,2016-01-26,34.92,33.2,35.38,32.82,71420,64636627.0,7.13,-7.55,-2.71,0.62,SZ000703
4445,2016-01-27,33.31,33.59,33.84,30.82,55843,47956020.0,9.1,1.17,0.39,0.48,SZ000703
4446,2016-01-28,33.31,33.27,35.17,32.89,66669,60185502.0,6.79,-0.95,-0.32,0.58,SZ000703
4447,2016-01-29,33.8,34.99,35.63,33.42,103177,95043271.0,6.64,5.17,1.72,0.89,SZ000703
4448,2016-02-01,34.99,34.89,35.63,34.61,44899,41624041.0,2.92,-0.29,-0.1,0.39,SZ000703
4449,2016-02-02,34.57,36.01,36.33,34.33,60080,56641885.0,5.73,3.21,1.12,0.52,SZ000703
4450,2016-02-03,35.28,35.98,36.08,34.85,40688,37914621.0,3.42,-0.08,-0.03,0.35,SZ000703
4451,2016-02-04,36.96,37.87,39.31,36.96,158995,162654472.0,6.53,5.25,1.89,1.38,SZ000703
4452,2016-02-05,37.31,38.19,38.57,36.93,86368,86614281.0,4.33,0.84,0.32,0.75,SZ000703
4453,2016-02-15,37.03,39.07,39.35,37.0,77494,78896361.0,6.15,2.3,0.88,0.67,SZ000703
4454,2016-02-16,38.89,41.7,42.72,38.72,112060,124285663.0,10.24,6.73,2.63,0.97,SZ000703
4455,2016-02-17,41.35,41.42,42.01,40.08,86055,93725929.0,4.63,-0.67,-0.28,0.75,SZ000703
4456,2016-02-18,42.47,40.37,45.31,40.12,170655,196116376.0,12.53,-2.54,-1.05,1.48,SZ000703
4457,2016-02-19,40.01,41.14,41.7,39.35,96800,105548796.0,5.82,1.91,0.77,0.84,SZ000703
4458,2016-02-22,41.98,41.24,42.16,40.12,83824,92358450.0,4.96,0.24,0.1,0.73,SZ000703
4459,2016-02-23,41.59,44.33,45.1,41.59,249483,297092720.0,8.51,7.49,3.09,2.16,SZ000703
4460,2016-02-24,43.0,45.45,45.91,42.65,179469,212850361.0,7.35,2.53,1.12,1.56,SZ000703
4461,2016-02-25,46.09,41.17,46.09,41.17,130108,151827080.0,10.83,-9.42,-4.28,1.13,SZ000703
4462,2016-02-26,41.21,44.58,45.03,41.21,144385,170462439.0,9.28,8.28,3.41,1.25,SZ000703
4463,2016-02-29,43.88,46.26,48.37,41.24,209753,257484704.0,15.99,3.77,1.68,1.82,SZ000703
4464,2016-03-01,46.51,45.88,49.32,44.86,238112,304114224.0,9.64,-0.82,-0.38,2.06,SZ000703
4465,2016-03-02,45.21,49.03,49.42,45.21,220552,286193936.0,9.18,6.87,3.15,1.91,SZ000703
4466,2016-03-03,48.3,48.23,49.91,47.6,167454,219827673.0,4.71,-1.63,-0.8,1.45,SZ000703
4467,2016-03-04,49.14,46.05,49.63,45.49,143780,184308311.0,8.58,-4.52,-2.18,1.25,SZ000703
4468,2016-03-07,47.91,47.77,49.84,47.39,95189,123986633.0,5.32,3.74,1.72,0.83,SZ000703
4469,2016-03-08,48.51,49.14,50.02,48.19,165234,218900545.0,3.83,2.87,1.37,1.43,SZ000703
4470,2016-03-09,46.79,44.51,46.86,44.51,204645,247042011.0,4.78,-9.42,-4.63,1.77,SZ000703
4471,2016-03-10,44.72,42.19,45.14,41.24,153292,175398016.0,8.76,-5.21,-2.32,1.33,SZ000703
4472,2016-03-11,42.19,41.63,42.37,40.68,118385,131403083.0,4.01,-1.33,-0.56,1.03,SZ000703
4473,2016-03-14,42.51,41.73,43.59,41.63,164927,188025587.0,4.71,0.24,0.1,1.43,SZ000703
4474,2016-03-15,41.24,42.3,43.14,40.26,143405,158466138.0,6.9,1.37,0.57,1.24,SZ000703
4475,2016-03-16,42.01,40.72,42.19,40.19,108832,118581038.0,4.73,-3.74,-1.58,0.94,SZ000703
4476,2016-03-17,41.59,42.54,43.21,41.59,164649,187059748.0,3.98,4.47,1.82,1.43,SZ000703
4477,2016-03-18,43.35,43.98,45.49,43.35,212589,253986853.0,5.03,3.39,1.44,1.84,SZ000703
4478,2016-03-21,44.68,44.12,44.68,43.1,139981,164287047.0,3.59,0.32,0.14,1.21,SZ000703
4479,2016-03-22,43.98,44.86,45.28,43.35,115381,137441112.0,4.37,1.68,0.74,1.0,SZ000703
4480,2016-03-23,44.58,44.26,45.38,43.7,82409,97746464.0,3.74,-1.34,-0.6,0.71,SZ000703
4481,2016-03-24,43.17,41.45,43.17,41.1,205016,229690917.0,4.68,-6.35,-2.81,1.78,SZ000703
4482,2016-03-25,41.21,41.56,41.73,40.72,93946,103226695.0,2.44,0.27,0.11,0.81,SZ000703
4483,2016-03-28,41.8,41.14,42.4,40.96,86263,95780504.0,3.46,-1.01,-0.42,0.75,SZ000703
4484,2016-03-29,40.54,40.22,40.75,39.45,80971,86769125.0,3.16,-2.24,-0.92,0.7,SZ000703
4485,2016-03-30,40.65,42.37,42.82,40.4,147168,165046232.0,6.02,5.35,2.15,1.28,SZ000703
4486,2016-03-31,42.61,42.58,43.07,42.08,99883,113958285.0,2.34,0.5,0.21,0.87,SZ000703
4487,2016-04-01,44.44,44.47,45.1,43.17,171136,203355054.0,4.53,4.44,1.89,1.48,SZ000703
4488,2016-04-05,43.73,44.61,44.93,43.03,143823,169867608.0,4.27,0.31,0.14,1.25,SZ000703
4489,2016-04-06,44.05,44.75,45.38,43.35,117078,140139034.0,4.55,0.31,0.14,1.01,SZ000703
4490,2016-04-07,45.45,43.52,46.12,43.28,137775,163611788.0,6.35,-2.75,-1.23,1.19,SZ000703
4491,2016-04-08,43.03,42.01,43.1,41.66,73350,82570756.0,3.31,-3.47,-1.51,0.64,SZ000703
4492,2016-04-11,42.65,43.7,44.16,42.61,96329,112819712.0,3.69,4.02,1.69,0.84,SZ000703
4493,2016-04-12,43.98,43.17,44.02,42.3,66933,76812786.0,3.94,-1.21,-0.53,0.58,SZ000703
4494,2016-04-13,44.61,47.24,47.24,44.61,359115,452677984.0,6.09,9.43,4.07,3.11,SZ000703
4495,2016-04-14,47.07,46.61,47.7,45.63,172503,215620895.0,4.38,-1.33,-0.63,1.5,SZ000703
4496,2016-04-15,46.79,46.61,46.79,45.52,115757,143669867.0,2.72,0.0,0.0,1.0,SZ000703
4497,2016-04-18,45.45,44.3,45.49,43.52,194329,229887603.0,4.23,-4.96,-2.31,1.68,SZ000703
4498,2016-04-19,44.54,44.37,45.63,43.88,89041,106526993.0,3.95,0.16,0.07,0.77,SZ000703
4499,2016-04-20,45.03,42.19,45.91,41.31,230072,271867456.0,10.37,-4.91,-2.18,1.99,SZ000703
4500,2016-04-21,43.0,44.05,44.23,42.23,143896,167728648.0,4.74,4.41,1.86,1.25,SZ000703
4501,2016-04-22,42.82,42.93,43.73,42.23,110120,125787803.0,3.41,-2.54,-1.12,0.95,SZ000703
4502,2016-04-25,43.35,44.37,44.4,42.65,116179,135944721.0,4.08,3.35,1.44,1.01,SZ000703
4503,2016-04-26,44.51,45.52,45.56,44.05,156187,187205807.0,3.4,2.59,1.15,1.35,SZ000703
4504,2016-04-27,45.59,44.44,45.7,44.4,109863,132594875.0,2.86,-2.37,-1.08,0.95,SZ000703
4505,2016-04-28,44.58,43.59,45.81,43.21,230288,273336736.0,5.85,-1.91,-0.85,2.0,SZ000703
4506,2016-04-29,42.72,42.79,43.7,42.68,97925,112841819.0,2.34,-1.84,-0.8,0.85,SZ000703
4507,2016-05-03,42.79,43.84,44.02,41.94,103888,120671630.0,4.86,2.45,1.05,0.9,SZ000703
4508,2016-05-04,43.84,44.26,44.51,43.42,112113,132723495.0,2.49,0.96,0.42,0.97,SZ000703
4509,2016-05-05,44.12,43.98,44.33,43.1,79401,93003301.0,2.78,-0.63,-0.28,0.69,SZ000703
4510,2016-05-06,44.05,42.12,44.16,41.98,115935,132756780.0,4.96,-4.23,-1.86,1.0,SZ000703
4511,2016-05-09,41.59,38.82,41.63,38.4,163772,173141308.0,7.67,-7.83,-3.3,1.42,SZ000703
4512,2016-05-10,38.96,38.75,39.38,37.59,122530,124616919.0,4.61,-0.18,-0.07,1.06,SZ000703
4513,2016-05-11,39.1,37.66,39.42,37.49,114708,115477016.0,4.98,-2.81,-1.09,0.99,SZ000703
4514,2016-05-12,37.56,37.98,38.86,36.33,117484,117693910.0,6.72,0.85,0.32,1.02,SZ000703
4515,2016-05-13,37.73,37.28,38.22,37.1,70269,70093249.0,2.95,-1.84,-0.7,0.61,SZ000703
4516,2016-05-16,37.03,38.19,38.29,36.61,103364,102846346.0,4.51,2.44,0.91,0.9,SZ000703
4517,2016-05-17,38.43,39.21,39.98,38.43,155827,163015421.0,4.06,2.67,1.02,1.35,SZ000703
4518,2016-05-18,38.96,37.98,38.96,37.38,85208,85853273.0,4.03,-3.14,-1.23,0.74,SZ000703
4519,2016-05-19,37.91,37.73,38.54,37.59,63260,63775733.0,2.5,-0.66,-0.25,0.55,SZ000703
4520,2016-05-20,37.38,38.08,38.29,37.07,44062,44283203.0,3.23,0.93,0.35,0.38,SZ000703
4521,2016-05-23,38.08,38.15,38.79,37.77,77489,78549602.0,2.68,0.18,0.07,0.67,SZ000703
4522,2016-05-24,38.08,36.71,38.08,36.4,147505,144160987.0,4.4,-3.77,-1.44,1.28,SZ000703
4523,2016-05-25,37.14,36.93,37.8,36.4,118233,115999773.0,3.81,0.6,0.22,1.02,SZ000703
4524,2016-05-26,36.93,37.49,37.49,36.26,81129,79235550.0,3.33,1.52,0.56,0.7,SZ000703
4525,2016-05-27,37.35,36.64,37.59,36.36,131633,128081395.0,3.28,-2.27,-0.85,1.14,SZ000703
4526,2016-05-30,36.4,35.87,36.4,35.31,131750,124633415.0,2.97,-2.1,-0.77,1.14,SZ000703
4527,2016-05-31,36.08,37.0,37.07,35.98,133585,129096990.0,3.04,3.15,1.13,1.16,SZ000703
4528,2016-06-01,37.14,37.07,37.56,36.71,133338,130693838.0,2.3,0.19,0.07,1.16,SZ000703
4529,2016-06-02,37.07,37.49,37.56,36.78,102636,100813383.0,2.1,1.13,0.42,0.89,SZ000703
4530,2016-06-03,37.38,37.28,37.45,37.0,106698,105074792.0,1.2,-0.56,-0.21,0.92,SZ000703
4531,2016-06-06,37.38,37.1,37.52,36.96,98155,96684663.0,1.5,-0.48,-0.18,0.85,SZ000703
4532,2016-06-07,37.21,36.57,37.28,36.5,107968,104749528.0,2.1,-1.43,-0.53,0.94,SZ000703
4533,2016-06-08,36.71,36.71,36.93,36.54,67927,65920832.0,1.07,0.38,0.14,0.59,SZ000703
4534,2016-06-13,36.05,34.92,36.33,34.92,88177,83235283.0,3.84,-4.88,-1.79,0.76,SZ000703
4535,2016-06-14,34.57,35.03,35.14,34.33,62473,57268020.0,2.32,0.32,0.11,0.54,SZ000703
4536,2016-06-15,34.61,35.77,36.08,34.4,79421,74669256.0,4.8,2.11,0.74,0.69,SZ000703
4537,2016-06-16,35.8,35.52,35.98,35.21,82283,77082558.0,2.15,-0.7,-0.25,0.71,SZ000703
4538,2016-06-17,35.56,35.45,35.84,35.31,59198,55627159.0,1.49,-0.2,-0.07,0.51,SZ000703
4539,2016-06-20,35.66,35.77,36.15,35.42,69965,65935336.0,2.06,0.9,0.32,0.61,SZ000703
4540,2016-06-21,35.87,35.21,36.15,34.99,96722,90460784.0,3.24,-1.57,-0.56,0.84,SZ000703
4541,2016-06-22,35.14,36.68,36.68,35.03,128535,122642995.0,4.69,4.17,1.47,1.11,SZ000703
4542,2016-06-23,36.5,36.64,37.14,36.4,79873,77542857.0,2.02,-0.11,-0.04,0.69,SZ000703
4543,2016-06-24,36.4,36.61,37.1,34.85,114166,109139469.0,6.14,-0.08,-0.03,0.99,SZ000703
4544,2016-06-27,36.33,36.86,37.1,36.08,122469,118983899.0,2.79,0.68,0.25,1.06,SZ000703
4545,2016-06-28,36.86,37.45,37.56,36.57,134129,131426292.0,2.69,1.6,0.59,1.16,SZ000703
4546,2016-06-29,37.7,37.24,37.7,37.1,71175,70357693.0,1.6,-0.56,-0.21,0.62,SZ000703
4547,2016-06-30,37.42,37.28,37.49,36.96,62938,61930606.0,1.42,0.11,0.04,0.55,SZ000703
4548,2016-07-01,37.24,36.93,37.31,36.89,53280,52434404.0,1.13,-0.94,-0.35,0.46,SZ000703
4549,2016-07-04,36.71,37.98,38.43,36.68,141718,142391884.0,4.74,2.84,1.05,1.23,SZ000703
4550,2016-07-05,38.08,38.43,39.45,38.08,135031,139317438.0,3.61,1.18,0.45,1.17,SZ000703
4551,2016-07-06,38.12,38.43,38.61,37.63,89002,89808022.0,2.55,0.0,0.0,0.77,SZ000703
4552,2016-07-07,39.28,39.07,39.66,38.29,126383,130917497.0,3.56,1.67,0.64,1.1,SZ000703
4553,2016-07-08,38.72,38.93,39.31,38.61,65989,68266536.0,1.79,-0.36,-0.14,0.57,SZ000703
4554,2016-07-11,39.38,39.14,39.56,38.72,82873,86252922.0,2.16,0.54,0.21,0.72,SZ000703
4555,2016-07-12,39.14,39.49,39.49,38.43,82053,85208382.0,2.71,0.89,0.35,0.71,SZ000703
4556,2016-07-13,39.77,40.26,42.01,39.66,171544,186725501.0,5.95,1.95,0.77,1.49,SZ000703
4557,2016-07-14,40.37,42.12,42.12,40.15,189505,209496952.0,4.89,4.62,1.86,1.64,SZ000703
4558,2016-07-15,42.3,41.35,42.4,41.1,97079,107378614.0,3.09,-1.83,-0.77,0.84,SZ000703
4559,2016-07-18,41.1,40.58,41.59,40.29,83669,90949857.0,3.14,-1.86,-0.77,0.73,SZ000703
4560,2016-07-19,40.51,40.15,40.54,39.52,95410,101624694.0,2.51,-1.06,-0.43,0.83,SZ000703
4561,2016-07-20,40.22,40.4,41.17,40.22,83518,90462080.0,2.37,0.62,0.25,0.72,SZ000703
4562,2016-07-21,40.37,40.26,40.72,39.73,103126,110812201.0,2.45,-0.35,-0.14,0.89,SZ000703
4563,2016-07-22,40.72,40.68,41.59,40.54,140405,153766481.0,2.61,1.04,0.42,1.22,SZ000703
4564,2016-07-25,40.54,39.77,40.65,39.52,106062,113096097.0,2.78,-2.24,-0.91,0.92,SZ000703
4565,2016-07-26,39.7,40.08,40.37,39.66,84956,90608086.0,1.79,0.78,0.31,0.74,SZ000703
4566,2016-07-27,40.15,38.65,40.68,37.73,142852,149979974.0,7.36,-3.57,-1.43,1.24,SZ000703
4567,2016-07-28,38.29,39.49,39.84,38.29,90525,94463861.0,4.01,2.17,0.84,0.78,SZ000703
4568,2016-07-29,39.77,39.0,39.98,38.75,73888,77102428.0,3.11,-1.24,-0.49,0.64,SZ000703
4569,2016-08-01,38.82,39.84,40.01,37.87,95311,98725880.0,5.49,2.15,0.84,0.83,SZ000703
4570,2016-08-02,39.84,40.79,40.89,39.49,111065,118789731.0,3.51,2.38,0.95,0.96,SZ000703
4571,2016-08-03,40.44,40.72,41.0,40.22,82471,89052590.0,1.91,-0.17,-0.07,0.71,SZ000703
4572,2016-08-04,40.72,40.54,41.21,39.98,90404,97361887.0,3.02,-0.44,-0.18,0.78,SZ000703
4573,2016-08-05,40.54,40.22,40.61,39.56,92290,98411550.0,2.59,-0.79,-0.32,0.8,SZ000703
4574,2016-08-08,40.08,40.29,40.29,39.56,57291,61040522.0,1.82,0.17,0.07,0.5,SZ000703
4575,2016-08-09,40.26,40.68,40.86,39.98,103562,111559019.0,2.18,0.97,0.39,0.9,SZ000703
4576,2016-08-10,40.75,41.14,41.8,40.75,130383,143799870.0,2.58,1.13,0.46,1.13,SZ000703
4577,2016-08-11,41.14,40.47,41.24,40.37,83823,91068306.0,2.11,-1.63,-0.67,0.73,SZ000703
4578,2016-08-12,40.72,40.96,41.17,40.15,56314,61090419.0,2.52,1.21,0.49,0.49,SZ000703
4579,2016-08-15,41.0,42.26,43.0,41.0,185532,209273118.0,4.88,3.17,1.3,1.61,SZ000703
4580,2016-08-16,42.3,42.44,42.82,41.84,93326,105448513.0,2.32,0.43,0.18,0.81,SZ000703
4581,2016-08-17,42.47,42.3,42.89,42.16,69647,78929184.0,1.72,-0.33,-0.14,0.6,SZ000703
4582,2016-08-18,42.58,41.87,42.65,41.84,65398,73622827.0,1.91,-1.02,-0.43,0.57,SZ000703
4583,2016-08-19,41.94,42.01,42.16,41.38,76837,85647707.0,1.86,0.33,0.14,0.67,SZ000703
4584,2016-08-22,41.91,40.89,42.08,40.82,92686,101864904.0,3.0,-2.67,-1.12,0.8,SZ000703
4585,2016-08-23,40.89,41.42,41.42,40.58,61251,67006949.0,2.05,1.3,0.53,0.53,SZ000703
4586,2016-08-24,41.24,42.05,42.16,41.1,67630,75312824.0,2.56,1.52,0.63,0.59,SZ000703
4587,2016-08-25,41.59,42.19,42.89,41.38,181328,205384840.0,3.59,0.33,0.14,1.57,SZ000703
4588,2016-08-26,42.23,43.24,43.63,41.87,195479,224694995.0,4.17,2.49,1.05,1.69,SZ000703
4589,2016-08-29,43.03,43.52,44.05,42.68,121712,141201286.0,3.17,0.65,0.28,1.06,SZ000703
4590,2016-08-30,43.35,43.14,43.63,42.75,68840,79429920.0,2.02,-0.87,-0.38,0.6,SZ000703
4591,2016-08-31,43.14,43.14,43.21,42.4,70351,80463744.0,1.88,0.0,0.0,0.61,SZ000703
4592,2016-09-01,43.21,43.17,43.84,42.89,87375,101391562.0,2.2,0.07,0.03,0.76,SZ000703
4593,2016-09-02,43.0,42.58,43.52,42.08,88605,100961249.0,3.34,-1.37,-0.59,0.77,SZ000703
4594,2016-09-05,42.72,42.93,43.14,42.23,68165,77813728.0,2.14,0.82,0.35,0.59,SZ000703
4595,2016-09-06,42.86,43.7,43.7,42.44,90957,105194090.0,2.94,1.79,0.77,0.79,SZ000703
4596,2016-09-07,43.7,45.03,45.1,43.42,185990,219999602.0,3.84,3.04,1.33,1.61,SZ000703
4597,2016-09-08,44.61,44.75,44.93,44.23,79682,95088278.0,1.55,-0.62,-0.28,0.69,SZ000703
4598,2016-09-09,44.58,45.42,45.98,44.26,136996,165872941.0,3.84,1.5,0.67,1.19,SZ000703
4599,2016-09-12,44.58,45.45,45.98,44.26,148659,180932743.0,3.79,0.07,0.03,1.29,SZ000703
4600,2016-09-13,45.42,45.07,45.95,44.65,87624,106460938.0,2.86,-0.84,-0.38,0.76,SZ000703
4601,2016-09-14,44.96,44.72,45.03,44.09,82927,99029675.0,2.09,-0.78,-0.35,0.72,SZ000703
4602,2016-09-19,44.44,44.82,44.89,44.05,58276,69395160.0,1.88,0.22,0.1,0.51,SZ000703
4603,2016-09-20,44.61,44.44,45.07,44.33,44302,52950338.0,1.65,-0.85,-0.38,0.38,SZ000703
4604,2016-09-21,44.61,44.3,44.82,44.09,68087,81026231.0,1.64,-0.32,-0.14,0.59,SZ000703
4605,2016-09-22,44.61,44.23,44.79,44.12,44821,53336690.0,1.51,-0.16,-0.07,0.39,SZ000703
4606,2016-09-23,44.37,44.3,44.61,44.12,47240,56196329.0,1.11,0.16,0.07,0.41,SZ000703
4607,2016-09-26,44.3,43.63,44.65,42.93,93790,110082080.0,3.88,-1.51,-0.67,0.81,SZ000703
4608,2016-09-27,43.24,43.84,43.95,43.07,49367,57420067.0,2.02,0.48,0.21,0.43,SZ000703
4609,2016-09-28,43.7,43.66,44.23,43.52,37975,44644891.0,1.62,-0.41,-0.18,0.33,SZ000703
4610,2016-09-29,44.05,44.75,45.28,43.91,103475,124574364.0,3.14,2.5,1.09,0.9,SZ000703
4611,2016-09-30,44.86,44.79,44.93,44.4,48144,57679357.0,1.18,0.09,0.04,0.42,SZ000703
4612,2016-10-10,45.52,45.21,45.95,45.03,63113,76849195.0,2.05,0.94,0.42,0.55,SZ000703
4613,2016-10-11,45.45,45.56,45.81,44.96,59490,72277925.0,1.88,0.77,0.35,0.52,SZ000703
4614,2016-10-12,45.28,44.82,45.42,44.75,54784,66041098.0,1.47,-1.62,-0.74,0.47,SZ000703
4615,2016-10-13,44.89,44.79,45.24,44.72,41148,49580635.0,1.16,-0.07,-0.03,0.36,SZ000703
4616,2016-10-14,45.0,44.96,45.03,44.51,42495,51043930.0,1.16,0.38,0.17,0.37,SZ000703
4617,2016-10-17,45.1,43.98,45.31,43.7,90493,107740735.0,3.58,-2.18,-0.98,0.78,SZ000703
4618,2016-10-18,44.3,44.93,45.07,43.91,62043,74073824.0,2.64,2.16,0.95,0.54,SZ000703
4619,2016-10-19,44.93,44.65,45.28,44.33,68689,82384008.0,2.11,-0.62,-0.28,0.6,SZ000703
4620,2016-10-20,44.75,45.63,45.81,44.72,111960,136579306.0,2.44,2.19,0.98,0.97,SZ000703
4621,2016-10-21,45.56,45.63,45.81,44.86,80893,98423757.0,2.08,0.0,0.0,0.7,SZ000703
4622,2016-10-24,45.49,46.44,46.96,45.35,141401,176577890.0,3.53,1.78,0.81,1.23,SZ000703
4623,2016-10-25,46.58,47.21,47.53,46.19,117309,148860926.0,2.89,1.66,0.77,1.02,SZ000703
4624,2016-10-26,47.35,46.4,47.39,46.23,83449,104429825.0,2.46,-1.72,-0.81,0.72,SZ000703
4625,2016-10-27,46.37,45.98,46.47,45.88,37763,46725131.0,1.27,-0.91,-0.42,0.33,SZ000703
4626,2016-10-28,46.02,45.95,46.72,45.74,46577,57893135.0,2.13,-0.07,-0.03,0.4,SZ000703
4627,2016-10-31,46.16,46.68,46.68,45.63,51083,63365305.0,2.29,1.59,0.73,0.44,SZ000703
4628,2016-11-01,46.44,46.58,47.21,46.19,48044,60310151.0,2.19,-0.21,-0.1,0.42,SZ000703
4629,2016-11-02,46.51,45.98,46.68,45.74,58039,71973000.0,2.02,-1.29,-0.6,0.5,SZ000703
4630,2016-11-03,45.84,45.95,46.3,45.7,37564,46414178.0,1.3,-0.07,-0.03,0.33,SZ000703
4631,2016-11-04,45.98,45.28,46.12,45.03,53541,65337650.0,2.37,-1.46,-0.67,0.46,SZ000703
4632,2016-11-07,45.24,45.84,45.91,45.17,39705,48652218.0,1.63,1.24,0.56,0.34,SZ000703
4633,2016-11-08,45.95,45.7,46.33,45.67,33016,40667242.0,1.44,-0.31,-0.14,0.29,SZ000703
4634,2016-11-09,45.84,45.1,45.88,44.47,68060,82248878.0,3.09,-1.31,-0.6,0.59,SZ000703
4635,2016-11-10,45.31,45.88,45.88,45.31,45903,56206555.0,1.26,1.73,0.78,0.4,SZ000703
4636,2016-11-11,46.33,50.19,50.19,46.33,347868,458399600.0,8.41,9.39,4.31,3.02,SZ000703
4637,2016-11-14,48.26,48.89,49.56,47.67,226936,295753680.0,3.77,-2.59,-1.3,1.97,SZ000703
4638,2016-11-15,48.33,48.65,48.68,47.98,76005,98922770.0,1.43,-0.49,-0.24,0.66,SZ000703
4639,2016-11-16,48.89,47.6,49.49,47.49,104745,135721843.0,4.11,-2.16,-1.05,0.91,SZ000703
4640,2016-11-17,47.0,47.67,47.98,47.0,42940,55029473.0,2.06,0.15,0.07,0.37,SZ000703
4641,2016-11-18,47.39,47.88,48.12,47.31,42185,54126524.0,1.7,0.44,0.21,0.37,SZ000703
4642,2016-11-21,47.7,49.07,49.53,47.49,102550,135244019.0,4.26,2.49,1.19,0.89,SZ000703
4643,2016-11-22,49.53,49.49,50.05,48.47,90607,120626994.0,3.22,0.86,0.42,0.79,SZ000703
4644,2016-11-23,49.21,50.3,50.37,49.21,97396,131091741.0,2.34,1.64,0.81,0.84,SZ000703
4645,2016-11-24,50.3,51.53,52.02,50.05,141514,196612529.0,3.92,2.45,1.23,1.23,SZ000703
4646,2016-11-25,51.0,51.04,51.49,49.49,84750,116127515.0,3.88,-0.95,-0.49,0.73,SZ000703
4647,2016-11-28,50.68,51.04,51.6,49.91,66002,90517741.0,3.31,0.0,0.0,0.57,SZ000703
4648,2016-11-29,50.93,50.3,51.49,50.3,51126,70225110.0,2.33,-1.45,-0.74,0.44,SZ000703
4649,2016-11-30,50.02,49.39,50.37,48.61,67911,90602350.0,3.5,-1.81,-0.91,0.59,SZ000703
4650,2016-12-01,50.16,51.46,52.12,50.16,117327,161847006.0,3.97,4.19,2.07,1.02,SZ000703
4651,2016-12-02,51.35,51.11,53.18,50.75,111141,156347899.0,4.72,-0.68,-0.35,0.96,SZ000703
4652,2016-12-05,50.3,51.91,52.44,49.67,82522,114308276.0,5.42,1.57,0.8,0.72,SZ000703
4653,2016-12-06,51.74,53.28,54.23,51.6,110722,158860823.0,5.07,2.64,1.37,0.96,SZ000703
4654,2016-12-07,53.18,53.0,53.18,52.33,74608,106570553.0,1.6,-0.53,-0.28,0.65,SZ000703
4655,2016-12-08,53.0,52.61,53.07,51.63,54392,77186616.0,2.72,-0.74,-0.39,0.47,SZ000703
4656,2016-12-09,52.58,54.62,55.0,51.88,103832,151490411.0,5.93,3.82,2.01,0.9,SZ000703
4657,2016-12-12,55.46,54.19,56.83,53.39,145941,218201155.0,6.3,-0.79,-0.43,1.27,SZ000703
4658,2016-12-13,53.81,56.93,57.14,52.93,132590,197609129.0,7.77,5.06,2.74,1.15,SZ000703
4659,2016-12-14,56.48,56.16,58.62,55.84,142504,221559602.0,4.88,-1.35,-0.77,1.24,SZ000703
4660,2016-12-15,55.28,55.7,56.69,54.12,124910,186616945.0,4.58,-0.82,-0.46,1.08,SZ000703
4661,2016-12-16,55.63,54.44,55.84,54.44,97381,144818826.0,2.51,-2.26,-1.26,0.84,SZ000703
4662,2016-12-19,53.91,54.23,55.39,52.4,105236,154183668.0,5.49,-0.39,-0.21,0.91,SZ000703
4663,2016-12-20,53.7,51.77,54.33,51.74,95220,136693637.0,4.78,-4.54,-2.46,0.83,SZ000703
4664,2016-12-21,51.77,53.88,54.44,51.77,99088,143052080.0,5.16,4.08,2.11,0.86,SZ000703
4665,2016-12-22,54.4,53.91,55.25,53.11,93821,137795778.0,3.97,0.06,0.03,0.81,SZ000703
4666,2016-12-23,53.81,53.35,54.37,53.28,57375,83557271.0,2.02,-1.04,-0.56,0.5,SZ000703
4667,2016-12-26,53.39,55.07,55.11,52.3,85190,124332874.0,5.27,3.22,1.72,0.74,SZ000703
4668,2016-12-27,55.28,55.7,55.84,55.0,68762,103403798.0,1.53,1.14,0.63,0.6,SZ000703
4669,2016-12-28,56.02,55.18,57.07,54.76,76975,117082328.0,4.15,-0.93,-0.52,0.67,SZ000703
4670,2016-12-29,54.51,54.93,55.74,54.37,47392,70677601.0,2.48,-0.45,-0.25,0.41,SZ000703
4671,2016-12-30,56.93,55.39,56.93,54.48,46629,70077579.0,4.46,0.84,0.46,0.4,SZ000703
4672,2017-01-03,55.21,55.67,55.98,54.65,37217,56211156.0,2.4,0.51,0.28,0.32,SZ000703
4673,2017-01-04,55.25,56.93,57.46,54.83,85788,131441360.0,4.72,2.26,1.26,0.74,SZ000703
4674,2017-01-05,57.49,56.93,58.44,56.41,72740,113541867.0,3.57,0.0,0.0,0.63,SZ000703
4675,2017-01-06,56.62,55.88,57.39,55.6,50535,77259723.0,3.14,-1.84,-1.05,0.44,SZ000703
4676,2017-01-09,55.81,57.25,57.25,55.77,47371,72845634.0,2.65,2.45,1.37,0.41,SZ000703
4677,2017-01-10,57.14,55.28,57.14,55.04,70157,106551114.0,3.67,-3.44,-1.97,0.61,SZ000703
4678,2017-01-11,54.97,52.58,54.97,52.12,112017,162548551.0,5.16,-4.88,-2.7,0.97,SZ000703
4679,2017-01-12,52.86,53.7,54.76,52.51,79965,115924861.0,4.28,2.13,1.12,0.69,SZ000703
4680,2017-01-13,53.53,52.65,53.67,52.47,36037,51579743.0,2.23,-1.96,-1.05,0.31,SZ000703
4681,2017-01-16,51.95,52.12,52.44,48.19,66638,92595163.0,8.07,-1.01,-0.53,0.58,SZ000703
4682,2017-01-17,51.74,51.28,51.98,49.7,62070,85480944.0,4.37,-1.61,-0.84,0.54,SZ000703
4683,2017-01-18,51.74,51.6,52.23,51.39,29064,40699105.0,1.64,0.62,0.32,0.25,SZ000703
4684,2017-01-19,51.35,50.37,51.35,50.09,26792,36609860.0,2.44,-2.38,-1.23,0.23,SZ000703
4685,2017-01-20,50.12,51.53,52.23,50.12,35513,49405787.0,4.19,2.3,1.16,0.31,SZ000703
4686,2017-01-23,51.46,53.04,53.46,51.46,57645,82523419.0,3.88,2.93,1.51,0.5,SZ000703
4687,2017-01-24,52.97,53.42,53.7,52.61,30687,44229356.0,2.06,0.72,0.38,0.27,SZ000703
4688,2017-01-25,53.42,53.81,54.65,52.86,42933,62666818.0,3.35,0.73,0.39,0.37,SZ000703
4689,2017-01-26,53.81,53.74,54.26,52.76,46232,66915056.0,2.79,-0.13,-0.07,0.4,SZ000703
4690,2017-02-03,53.88,54.72,55.21,53.56,45868,67956076.0,3.07,1.82,0.98,0.4,SZ000703
4691,2017-02-06,54.72,55.81,56.05,54.72,71621,108380035.0,2.43,1.99,1.09,0.62,SZ000703
4692,2017-02-07,55.42,55.11,56.2,54.93,38676,58152393.0,2.28,-1.25,-0.7,0.34,SZ000703
4693,2017-02-08,54.97,55.07,55.39,54.76,36335,54279758.0,1.14,-0.07,-0.04,0.31,SZ000703
4694,2017-02-09,55.32,54.86,55.81,54.69,34032,50908746.0,2.03,-0.38,-0.21,0.3,SZ000703
4695,2017-02-10,55.14,54.76,55.14,54.23,33773,49910426.0,1.66,-0.18,-0.1,0.29,SZ000703
4696,2017-02-13,55.0,56.83,56.86,54.97,126811,193872072.0,3.45,3.78,2.07,1.1,SZ000703
4697,2017-02-14,56.34,56.79,57.46,56.09,88412,136724956.0,2.41,-0.07,-0.04,0.77,SZ000703
4698,2017-02-15,56.58,56.16,56.97,55.95,73044,111990037.0,1.8,-1.11,-0.63,0.63,SZ000703
4699,2017-02-16,56.58,56.72,56.9,55.67,47150,72304023.0,2.19,1.0,0.56,0.41,SZ000703
4700,2017-02-17,56.41,56.23,57.53,56.09,51328,79390828.0,2.54,-0.86,-0.49,0.44,SZ000703
4701,2017-02-20,56.27,56.86,57.07,56.09,56587,87205912.0,1.74,1.12,0.63,0.49,SZ000703
4702,2017-02-21,56.76,55.74,57.18,55.07,86128,130436428.0,3.71,-1.97,-1.12,0.75,SZ000703
4703,2017-02-22,55.7,56.34,56.76,55.6,85404,130355459.0,2.08,1.08,0.6,0.74,SZ000703
4704,2017-02-23,56.23,56.12,56.65,55.91,57750,88243338.0,1.31,-0.39,-0.22,0.5,SZ000703
4705,2017-02-24,55.98,55.49,56.34,55.35,53374,80655567.0,1.76,-1.12,-0.63,0.46,SZ000703
4706,2017-02-27,55.49,53.88,55.91,53.7,70305,103911552.0,3.98,-2.9,-1.61,0.61,SZ000703
4707,2017-02-28,53.95,54.9,55.04,53.95,51844,76851586.0,2.02,1.89,1.02,0.45,SZ000703
4708,2017-03-01,54.83,54.79,55.18,54.55,28486,42410685.0,1.15,-0.2,-0.11,0.25,SZ000703
4709,2017-03-02,55.07,54.69,55.11,54.48,28393,42237550.0,1.15,-0.18,-0.1,0.25,SZ000703
4710,2017-03-03,54.4,54.93,55.07,53.77,39894,58855525.0,2.38,0.44,0.24,0.35,SZ000703
4711,2017-03-06,54.9,55.28,55.7,54.26,57548,85980666.0,2.62,0.64,0.35,0.5,SZ000703
4712,2017-03-07,55.14,57.04,57.21,55.14,97722,150155085.0,3.74,3.18,1.76,0.85,SZ000703
4713,2017-03-08,56.69,56.27,57.39,55.7,66275,101623452.0,2.96,-1.35,-0.77,0.57,SZ000703
4714,2017-03-09,55.21,55.84,56.23,54.58,66776,100039658.0,2.93,-0.76,-0.43,0.58,SZ000703
4715,2017-03-10,55.56,55.74,56.44,55.28,41651,63419828.0,2.08,-0.18,-0.1,0.36,SZ000703
4716,2017-03-13,55.49,54.79,56.34,53.95,82192,123310590.0,4.29,-1.7,-0.95,0.71,SZ000703
4717,2017-03-14,54.72,55.11,55.35,54.72,17054,25494641.0,1.15,0.58,0.32,0.15,SZ000703
4718,2017-03-15,55.07,54.33,55.11,54.33,21883,32399923.0,1.42,-1.42,-0.78,0.19,SZ000703
4719,2017-03-16,54.83,55.11,55.14,54.65,41979,62541016.0,0.9,1.44,0.78,0.36,SZ000703
4720,2017-03-17,55.28,54.9,55.7,54.9,28645,42928800.0,1.45,-0.38,-0.21,0.25,SZ000703
4721,2017-03-20,55.0,55.28,55.28,54.44,23456,34902573.0,1.53,0.69,0.38,0.2,SZ000703
4722,2017-03-21,55.11,54.58,55.11,53.11,80000,116956411.0,3.62,-1.27,-0.7,0.69,SZ000703
4723,2017-03-22,53.88,52.51,54.09,51.88,80813,115598835.0,4.05,-3.79,-2.07,0.7,SZ000703
4724,2017-03-23,52.72,52.69,53.25,51.95,51364,73178991.0,2.48,0.34,0.18,0.45,SZ000703
4725,2017-03-24,52.65,50.61,52.65,49.95,137627,188857412.0,5.12,-3.95,-2.08,1.19,SZ000703
4726,2017-03-27,50.4,49.67,50.58,49.42,92583,124955727.0,2.29,-1.86,-0.94,0.8,SZ000703
4727,2017-03-28,49.84,50.05,50.54,49.6,65357,88617000.0,1.89,0.77,0.38,0.57,SZ000703
4728,2017-03-29,50.19,49.63,50.54,49.6,52414,70837611.0,1.88,-0.84,-0.42,0.45,SZ000703
4729,2017-03-30,49.35,50.58,50.58,49.35,51643,69933056.0,2.48,1.91,0.95,0.45,SZ000703
4730,2017-03-31,50.82,50.93,51.0,50.16,42455,57934983.0,1.66,0.69,0.35,0.37,SZ000703
4731,2017-04-05,50.97,51.95,52.23,50.9,43440,60648447.0,2.61,2.0,1.02,0.38,SZ000703
4732,2017-04-06,51.91,51.53,52.02,51.49,30628,42808104.0,1.02,-0.81,-0.42,0.27,SZ000703
4733,2017-04-07,51.63,51.0,51.84,50.9,38903,53892427.0,1.82,-1.03,-0.53,0.34,SZ000703
4734,2017-04-10,50.9,51.21,51.32,50.05,30977,42506926.0,2.49,0.41,0.21,0.27,SZ000703
4735,2017-04-11,51.14,51.77,51.84,50.82,40797,56668354.0,1.99,1.09,0.56,0.35,SZ000703
4736,2017-04-12,51.84,50.97,52.09,50.97,34899,48513134.0,2.16,-1.55,-0.8,0.3,SZ000703
4737,2017-04-13,51.0,51.77,52.12,50.86,39296,54996210.0,2.47,1.57,0.8,0.34,SZ000703
4738,2017-04-14,51.81,51.07,52.05,51.0,20235,28048228.0,2.03,-1.35,-0.7,0.18,SZ000703
4739,2017-04-17,51.04,49.56,51.04,49.14,30220,40871286.0,3.72,-2.96,-1.51,0.26,SZ000703
4740,2017-04-18,49.91,50.16,50.37,49.91,22774,30817929.0,0.93,1.21,0.6,0.2,SZ000703
4741,2017-04-19,50.02,49.95,50.37,48.4,36877,49366021.0,3.93,-0.42,-0.21,0.32,SZ000703
4742,2017-04-20,49.6,50.44,50.44,49.6,65855,88929792.0,1.68,0.98,0.49,0.57,SZ000703
4743,2017-04-21,50.47,50.33,51.18,50.26,31368,42635065.0,1.82,-0.22,-0.11,0.27,SZ000703
4744,2017-04-24,50.33,50.58,50.97,49.67,38117,51595679.0,2.58,0.5,0.25,0.33,SZ000703
4745,2017-04-25,50.51,51.0,51.81,50.19,39381,54134571.0,3.2,0.83,0.42,0.34,SZ000703
4746,2017-04-26,50.72,49.53,51.32,49.14,49689,66541849.0,4.27,-2.88,-1.47,0.43,SZ000703
4747,2017-04-27,49.49,49.67,49.77,47.21,50329,65503662.0,5.17,0.28,0.14,0.44,SZ000703
4748,2017-04-28,49.6,49.53,49.81,49.21,17395,23038788.0,1.21,-0.28,-0.14,0.15,SZ000703
4749,2017-05-02,49.25,49.95,50.3,49.21,37200,49811361.0,2.2,0.85,0.42,0.32,SZ000703
4750,2017-05-03,50.05,49.88,50.26,49.56,22898,30576624.0,1.4,-0.14,-0.07,0.2,SZ000703
4751,2017-05-04,49.84,49.91,50.19,49.35,38690,51701707.0,1.68,0.06,0.03,0.34,SZ000703
4752,2017-05-05,49.53,48.44,49.77,48.16,39999,52145486.0,3.23,-2.95,-1.47,0.35,SZ000703
4753,2017-05-08,48.4,47.95,49.32,47.7,24239,31417423.0,3.34,-1.01,-0.49,0.21,SZ000703
4754,2017-05-09,46.86,47.98,48.51,46.86,27548,35282926.0,3.44,0.06,0.03,0.24,SZ000703
4755,2017-05-10,47.95,47.03,48.33,47.03,31718,40126677.0,2.71,-1.98,-0.95,0.27,SZ000703
4756,2017-05-11,46.86,45.91,47.03,44.4,57591,69688095.0,5.59,-2.38,-1.12,0.5,SZ000703
4757,2017-05-12,45.7,45.1,45.7,44.75,26227,31532821.0,2.07,-1.76,-0.81,0.23,SZ000703
4758,2017-05-15,44.93,45.59,45.67,44.93,19476,23577085.0,1.64,1.09,0.49,0.17,SZ000703
4759,2017-05-16,45.63,48.26,48.44,45.45,53438,66958858.0,6.56,5.86,2.67,0.46,SZ000703
4760,2017-05-17,48.05,47.98,49.1,47.77,33145,42890817.0,2.76,-0.58,-0.28,0.29,SZ000703
4761,2017-05-18,47.84,48.3,48.82,47.6,45408,58768240.0,2.54,0.67,0.32,0.39,SZ000703
4762,2017-05-19,48.37,49.53,49.88,48.33,62931,83045447.0,3.21,2.55,1.23,0.55,SZ000703
4763,2017-05-22,49.56,50.97,52.69,49.56,111115,153187563.0,6.32,2.91,1.44,0.96,SZ000703
4764,2017-05-23,51.04,50.02,51.04,49.88,43859,59250173.0,2.28,-1.86,-0.95,0.38,SZ000703
4765,2017-05-24,49.74,50.4,50.9,49.56,51274,69219357.0,2.68,0.76,0.38,0.44,SZ000703
4766,2017-05-25,50.37,51.11,51.25,49.7,39042,53077053.0,3.08,1.41,0.71,0.34,SZ000703
4767,2017-05-26,50.37,50.75,51.84,50.37,44251,60903180.0,2.88,-0.7,-0.36,0.38,SZ000703
4768,2017-05-31,50.93,52.23,52.44,50.93,62790,87693471.0,2.98,2.92,1.48,0.54,SZ000703
4769,2017-06-01,52.05,49.63,52.65,49.56,90900,125045730.0,5.92,-4.98,-2.6,0.79,SZ000703
4770,2017-06-02,49.84,50.37,50.47,48.54,35826,47515442.0,3.89,1.49,0.74,0.31,SZ000703
4771,2017-06-05,50.19,49.81,50.65,49.81,25614,34524125.0,1.67,-1.11,-0.56,0.22,SZ000703
4772,2017-06-06,49.81,49.95,50.23,49.21,28252,37658849.0,2.05,0.28,0.14,0.24,SZ000703
4773,2017-06-07,50.09,50.72,51.07,49.7,35277,47753162.0,2.74,1.54,0.77,0.31,SZ000703
4774,2017-06-08,50.37,49.6,50.54,49.35,42020,56090632.0,2.35,-2.21,-1.12,0.36,SZ000703
4775,2017-06-09,49.6,49.21,49.81,48.93,47829,62924704.0,1.77,-0.79,-0.39,0.41,SZ000703
4776,2017-06-12,48.89,48.79,49.21,48.44,37355,48613959.0,1.56,-0.85,-0.42,0.32,SZ000703
4777,2017-06-13,48.89,49.32,49.32,48.47,30219,39654885.0,1.74,1.09,0.53,0.26,SZ000703
4778,2017-06-14,48.96,49.7,49.74,48.82,39273,51961684.0,1.87,0.77,0.38,0.34,SZ000703
4779,2017-06-15,49.35,49.46,50.02,49.32,27988,37170659.0,1.41,-0.48,-0.24,0.24,SZ000703
4780,2017-06-16,49.39,48.86,49.42,48.79,27577,36168967.0,1.27,-1.21,-0.6,0.24,SZ000703
4781,2017-06-19,48.65,48.86,49.25,48.65,22522,29506088.0,1.23,0.0,0.0,0.2,SZ000703
4782,2017-06-20,49.1,48.89,49.35,48.75,18306,23975473.0,1.23,0.06,0.03,0.16,SZ000703
4783,2017-06-21,48.61,50.51,50.54,48.61,55368,73620253.0,3.95,3.31,1.62,0.48,SZ000703
4784,2017-06-22,50.72,50.37,51.28,50.19,50980,69261832.0,2.16,-0.28,-0.14,0.44,SZ000703
4785,2017-06-23,50.44,51.35,51.74,50.19,43091,59110182.0,3.08,1.95,0.98,0.37,SZ000703
4786,2017-06-26,51.35,51.63,51.95,50.82,33274,45917593.0,2.2,0.55,0.28,0.29,SZ000703
4787,2017-06-27,51.53,51.46,51.91,50.93,41187,56669498.0,1.9,-0.33,-0.17,0.36,SZ000703
4788,2017-06-28,51.56,52.09,52.47,50.97,51314,71610041.0,2.91,1.22,0.63,0.44,SZ000703
4789,2017-06-29,51.95,52.16,53.28,51.84,38417,54266314.0,2.76,0.13,0.07,0.33,SZ000703
4790,2017-06-30,52.16,52.97,53.28,51.98,38003,53899630.0,2.49,1.55,0.81,0.33,SZ000703
4791,2017-07-03,53.0,55.25,55.28,52.9,106629,156749141.0,4.49,4.3,2.28,0.92,SZ000703
4792,2017-07-04,55.21,55.7,55.98,54.76,92690,138816597.0,2.21,0.81,0.45,0.8,SZ000703
4793,2017-07-05,55.46,55.74,56.09,54.69,72570,108860082.0,2.51,0.07,0.04,0.63,SZ000703
4794,2017-07-06,55.95,56.27,57.28,55.74,61745,94044386.0,2.76,0.95,0.53,0.54,SZ000703
4795,2017-07-07,56.02,58.09,58.09,55.81,82903,127581946.0,4.05,3.23,1.82,0.72,SZ000703
4796,2017-07-10,58.09,58.79,59.85,57.56,137725,219995870.0,3.94,1.21,0.7,1.19,SZ000703
4797,2017-07-11,58.37,59.14,59.71,58.34,106649,170771173.0,2.33,0.6,0.35,0.92,SZ000703
4798,2017-07-12,59.35,59.39,59.74,58.79,102976,165195351.0,1.61,0.42,0.25,0.89,SZ000703
4799,2017-07-13,59.35,59.67,60.06,58.79,90079,145132477.0,2.14,0.47,0.28,0.78,SZ000703
4800,2017-07-14,59.39,60.62,60.86,58.62,87172,141235702.0,3.75,1.59,0.95,0.76,SZ000703
4801,2017-07-17,60.23,60.48,61.5,58.76,122668,198070346.0,4.52,-0.23,-0.14,1.06,SZ000703
4802,2017-07-18,59.95,60.48,60.72,58.9,100700,162842217.0,3.01,0.0,0.0,0.87,SZ000703
4803,2017-07-19,60.13,60.62,60.72,59.35,97683,159273519.0,2.27,0.23,0.14,0.85,SZ000703
4804,2017-07-20,60.48,62.23,62.86,60.27,146024,245924920.0,4.27,2.66,1.61,1.27,SZ000703
4805,2017-07-21,61.64,62.37,63.6,61.25,190712,324291392.0,3.78,0.22,0.14,1.65,SZ000703
4806,2017-07-24,62.2,59.99,62.2,59.35,119280,194551579.0,4.57,-3.82,-2.38,1.03,SZ000703
4807,2017-07-25,59.99,60.2,60.37,59.42,66199,107309376.0,1.58,0.35,0.21,0.57,SZ000703
4808,2017-07-26,59.85,60.27,60.41,59.28,67212,109010000.0,1.88,0.12,0.07,0.58,SZ000703
4809,2017-07-27,60.13,58.37,60.23,57.99,77929,125134756.0,3.72,-3.15,-1.9,0.68,SZ000703
4810,2017-07-28,58.37,59.42,59.49,57.77,67050,106652673.0,2.95,1.8,1.05,0.58,SZ000703
4811,2017-07-31,59.63,61.95,62.48,59.6,101773,168049043.0,4.85,4.26,2.53,0.88,SZ000703
4812,2017-08-01,62.65,60.3,62.65,59.85,95191,156538558.0,4.52,-2.66,-1.65,0.83,SZ000703
4813,2017-08-02,60.2,61.25,62.34,59.49,85494,141384947.0,4.73,1.58,0.95,0.74,SZ000703
4814,2017-08-03,60.72,61.28,61.6,60.02,65572,108305253.0,2.58,0.05,0.03,0.57,SZ000703
4815,2017-08-04,61.46,60.55,62.2,60.55,61997,102651468.0,2.69,-1.19,-0.73,0.54,SZ000703
4816,2017-08-07,59.99,59.88,60.86,58.79,44025,71161353.0,3.42,-1.11,-0.67,0.38,SZ000703
4817,2017-08-08,59.67,59.46,60.65,59.11,48864,79259545.0,2.57,-0.7,-0.42,0.42,SZ000703
4818,2017-08-09,59.81,59.78,59.99,59.0,30905,49759011.0,1.66,0.54,0.32,0.27,SZ000703
4819,2017-08-10,59.46,58.44,59.81,57.81,48284,76589399.0,3.35,-2.24,-1.34,0.42,SZ000703
4820,2017-08-11,57.67,57.39,59.49,57.39,47615,75225901.0,3.59,-1.8,-1.05,0.41,SZ000703
4821,2017-08-14,57.53,58.48,58.65,57.39,25235,39843830.0,2.2,1.9,1.09,0.22,SZ000703
4822,2017-08-15,58.41,56.69,58.44,55.98,61440,94810106.0,4.21,-3.06,-1.79,0.53,SZ000703
4823,2017-08-16,56.62,57.04,57.56,56.62,36172,55723825.0,1.66,0.62,0.35,0.31,SZ000703
4824,2017-08-17,56.97,57.77,57.81,56.27,40748,62835920.0,2.7,1.28,0.73,0.35,SZ000703
4825,2017-08-18,57.39,57.46,57.74,56.69,32507,50252941.0,1.82,-0.54,-0.31,0.28,SZ000703
4826,2017-08-21,57.49,57.74,58.02,57.18,22766,35440316.0,1.46,0.49,0.28,0.2,SZ000703
4827,2017-08-22,57.74,56.97,57.99,56.86,35499,54921992.0,1.96,-1.33,-0.77,0.31,SZ000703
4828,2017-08-23,56.97,57.35,57.91,56.51,28537,44192405.0,2.46,0.67,0.38,0.25,SZ000703
4829,2017-08-24,57.56,58.76,59.07,57.21,57838,91613515.0,3.24,2.46,1.41,0.5,SZ000703
4830,2017-08-25,58.58,58.79,58.93,58.09,38811,61529111.0,1.43,0.05,0.03,0.34,SZ000703
4831,2017-08-28,58.86,59.18,60.27,58.51,67338,108366228.0,2.99,0.66,0.39,0.58,SZ000703
4832,2017-08-29,59.74,59.32,60.13,59.32,58733,94844453.0,1.37,0.24,0.14,0.51,SZ000703
4833,2017-08-30,59.67,61.32,61.42,59.21,97529,159894432.0,3.73,3.37,2.0,0.85,SZ000703
4834,2017-08-31,61.18,60.76,61.81,60.02,80176,132083271.0,2.92,-0.91,-0.56,0.7,SZ000703
4835,2017-09-01,61.14,61.67,61.92,60.44,85117,141481980.0,2.44,1.5,0.91,0.74,SZ000703
4836,2017-09-04,61.85,61.92,62.34,61.11,64181,107441930.0,1.99,0.41,0.25,0.56,SZ000703
4837,2017-09-05,61.88,61.53,62.02,61.25,61922,103434084.0,1.24,-0.63,-0.39,0.54,SZ000703
4838,2017-09-06,61.21,61.6,61.74,60.9,55667,92576453.0,1.37,0.11,0.07,0.48,SZ000703
4839,2017-09-07,61.25,61.04,62.27,60.48,57775,95528492.0,2.91,-0.91,-0.56,0.5,SZ000703
4840,2017-09-08,60.69,60.86,61.18,60.3,45259,74518345.0,1.44,-0.29,-0.18,0.39,SZ000703
4841,2017-09-11,60.72,59.95,61.07,59.32,58355,94883441.0,2.88,-1.5,-0.91,0.51,SZ000703
4842,2017-09-12,60.72,60.44,61.42,60.2,66551,109738384.0,2.04,0.82,0.49,0.58,SZ000703
4843,2017-09-13,61.07,61.35,61.35,60.23,58818,97037952.0,1.85,1.51,0.91,0.51,SZ000703
4844,2017-09-14,61.39,62.69,62.72,60.79,87758,147492085.0,3.15,2.18,1.34,0.76,SZ000703
4845,2017-09-15,63.0,60.86,63.74,60.55,82179,137788721.0,5.09,-2.92,-1.83,0.71,SZ000703
4846,2017-09-18,60.79,61.81,61.99,59.85,73561,121516530.0,3.52,1.56,0.95,0.64,SZ000703
4847,2017-09-19,61.6,59.95,61.99,59.67,106622,174818879.0,3.75,-3.01,-1.86,0.92,SZ000703
4848,2017-09-20,59.78,60.2,60.79,59.42,45508,74285616.0,2.29,0.42,0.25,0.39,SZ000703
4849,2017-09-21,60.23,60.16,60.51,59.78,28951,47165906.0,1.21,-0.07,-0.04,0.25,SZ000703
4850,2017-09-22,59.92,59.49,60.13,58.69,36380,58593354.0,2.39,-1.11,-0.67,0.31,SZ000703
4851,2017-09-25,59.46,59.67,60.3,59.21,23581,38116631.0,1.83,0.3,0.18,0.2,SZ000703
4852,2017-09-26,59.46,60.2,60.27,59.42,30347,49228677.0,1.42,0.89,0.53,0.26,SZ000703
4853,2017-09-27,60.27,60.65,60.72,59.95,23155,37889798.0,1.28,0.75,0.45,0.2,SZ000703
4854,2017-09-28,60.62,60.76,61.25,59.88,43282,71183717.0,2.26,0.18,0.11,0.37,SZ000703
4855,2017-09-29,60.58,60.55,61.25,60.2,22284,36770480.0,1.73,-0.35,-0.21,0.19,SZ000703
4856,2017-10-09,61.46,59.25,61.46,59.21,39338,64112922.0,3.72,-2.15,-1.3,0.34,SZ000703
4857,2017-10-10,59.25,60.27,60.62,59.14,48640,79154145.0,2.5,1.72,1.02,0.42,SZ000703
4858,2017-10-11,60.09,58.55,60.48,58.2,48876,78418949.0,3.78,-2.85,-1.72,0.42,SZ000703
4859,2017-10-12,58.09,58.62,59.14,58.09,29457,46664185.0,1.79,0.12,0.07,0.25,SZ000703
4860,2017-10-13,58.55,58.69,59.0,58.3,17415,27638961.0,1.19,0.12,0.07,0.15,SZ000703
4861,2017-10-16,58.37,58.44,58.72,57.56,37556,58958991.0,1.98,-0.43,-0.25,0.32,SZ000703
4862,2017-10-17,58.16,58.41,58.48,56.83,47759,74332089.0,2.82,-0.05,-0.03,0.41,SZ000703
4863,2017-10-18,58.3,57.42,58.3,56.48,45800,70872093.0,3.12,-1.69,-0.99,0.4,SZ000703
4864,2017-10-19,57.11,57.56,57.67,56.23,31904,48867958.0,2.51,0.24,0.14,0.28,SZ000703
4865,2017-10-20,58.06,57.56,58.06,56.93,25624,39692696.0,1.96,0.0,0.0,0.22,SZ000703
4866,2017-10-23,57.6,59.46,59.74,57.56,52713,83689539.0,3.79,3.3,1.9,0.46,SZ000703
4867,2017-10-24,59.28,60.09,60.23,59.0,58963,95389777.0,2.07,1.06,0.63,0.51,SZ000703
4868,2017-10-25,60.2,60.55,60.55,59.0,58923,95451741.0,2.58,0.77,0.46,0.51,SZ000703
4869,2017-10-26,60.48,58.48,60.55,57.95,82259,130832740.0,4.29,-3.42,-2.07,0.56,SZ000703
4870,2017-10-27,58.41,57.74,58.72,57.74,45486,71518936.0,1.68,-1.27,-0.74,0.31,SZ000703
4871,2017-10-30,57.7,57.18,57.74,55.63,48788,74726836.0,3.65,-0.97,-0.56,0.33,SZ000703
4872,2017-10-31,56.79,57.18,57.32,56.72,34653,53295184.0,1.05,0.0,0.0,0.24,SZ000703
4873,2017-11-01,57.39,56.62,57.39,56.27,65756,100596556.0,1.96,-0.98,-0.56,0.45,SZ000703
4874,2017-11-02,56.62,56.16,56.65,55.74,78850,119513851.0,1.61,-0.81,-0.46,0.54,SZ000703
4875,2017-11-03,56.12,55.07,56.12,55.07,69540,104103831.0,1.87,-1.94,-1.09,0.47,SZ000703
4876,2017-11-06,55.6,54.48,55.74,53.88,62955,92822578.0,3.38,-1.07,-0.59,0.43,SZ000703
4877,2017-11-07,54.76,55.6,55.88,54.65,79874,119434572.0,2.26,2.06,1.12,0.54,SZ000703
4878,2017-11-08,55.63,57.14,57.46,55.04,69563,106414870.0,4.35,2.77,1.54,0.47,SZ000703
4879,2017-11-09,57.11,56.86,57.56,56.55,31077,47822932.0,1.77,-0.49,-0.28,0.21,SZ000703
4880,2017-11-10,56.86,57.32,57.74,55.7,42326,65332464.0,3.59,0.81,0.46,0.29,SZ000703
4881,2017-11-13,57.56,57.21,57.7,57.04,43874,68060703.0,1.15,-0.19,-0.11,0.3,SZ000703
4882,2017-11-14,57.32,58.34,58.34,57.32,50491,78865161.0,1.78,1.98,1.13,0.34,SZ000703
4883,2017-11-15,57.6,57.14,57.95,56.69,59342,91903842.0,2.16,-2.06,-1.2,0.4,SZ000703
4884,2017-11-16,56.97,60.9,62.06,56.97,247590,405514176.0,8.91,6.58,3.76,1.68,SZ000703
4885,2017-11-17,60.9,60.72,62.83,60.02,170350,284184736.0,4.61,-0.3,-0.18,1.16,SZ000703
4886,2017-11-20,60.23,62.48,62.58,57.25,98069,162009915.0,8.78,2.9,1.76,0.67,SZ000703
4887,2017-11-21,62.09,61.67,62.44,60.34,101340,168526541.0,3.36,-1.3,-0.81,0.69,SZ000703
4888,2017-11-22,61.35,61.21,62.58,60.58,104716,174256448.0,3.24,-0.75,-0.46,0.71,SZ000703
4889,2017-11-23,61.18,60.93,62.16,60.06,92919,153892926.0,3.43,-0.46,-0.28,0.63,SZ000703
4890,2017-11-24,60.3,61.25,61.6,60.27,79115,131064893.0,2.18,0.53,0.32,0.54,SZ000703
4891,2017-11-27,61.18,61.6,64.2,60.72,178269,302090640.0,5.68,0.57,0.35,1.21,SZ000703
4892,2017-11-28,61.67,67.01,67.46,60.41,367636,649594912.0,11.44,8.78,5.41,2.5,SZ000703
4893,2017-11-29,67.53,68.73,69.95,67.15,380990,712099808.0,4.18,2.57,1.72,2.59,SZ000703
4894,2017-11-30,67.57,65.92,67.6,64.69,252297,453820080.0,4.23,-4.09,-2.81,1.71,SZ000703
4895,2017-12-01,65.46,65.6,66.06,64.27,168432,298144016.0,2.72,-0.49,-0.32,1.14,SZ000703
4896,2017-12-04,65.53,66.09,68.2,65.04,293597,538127920.0,4.82,0.75,0.49,1.99,SZ000703
4897,2017-12-05,66.2,64.9,67.71,63.95,183761,327124544.0,5.69,-1.8,-1.19,1.25,SZ000703
4898,2017-12-06,64.65,66.48,66.87,63.85,188276,335517520.0,4.65,2.43,1.58,1.28,SZ000703
4899,2017-12-07,66.23,61.21,66.27,61.04,300317,519729616.0,7.87,-7.93,-5.27,2.04,SZ000703
4900,2017-12-08,61.95,63.5,64.41,61.28,341426,580959232.0,5.11,3.74,2.29,2.32,SZ000703
4901,2017-12-11,62.58,63.71,64.37,61.88,289078,496854880.0,3.92,0.33,0.21,1.96,SZ000703
4902,2017-12-12,64.37,63.36,64.86,62.76,163011,282757584.0,3.3,-0.55,-0.35,1.11,SZ000703
4903,2017-12-13,63.36,65.64,66.13,63.07,275840,483985504.0,4.83,3.6,2.28,1.87,SZ000703
4904,2017-12-14,65.85,67.71,69.08,65.5,472235,866303856.0,5.45,3.15,2.07,3.21,SZ000703
4905,2017-12-15,67.22,66.16,68.9,66.16,292537,535532976.0,4.05,-2.29,-1.55,1.99,SZ000703
4906,2017-12-18,65.64,67.11,68.2,65.53,205701,374512176.0,4.04,1.44,0.95,1.4,SZ000703
4907,2017-12-19,67.43,70.73,71.85,66.97,382603,726054768.0,7.27,5.39,3.62,2.6,SZ000703
4908,2017-12-20,70.06,70.73,72.31,69.39,328956,638557840.0,4.13,0.0,0.0,2.23,SZ000703
4909,2017-12-21,70.55,71.5,72.41,69.46,207121,401699600.0,4.17,1.09,0.77,1.41,SZ000703
4910,2017-12-22,71.08,75.46,76.48,70.45,301127,614462608.0,8.43,5.54,3.96,2.04,SZ000703
4911,2017-12-25,74.97,76.69,77.18,73.85,328046,680563104.0,4.41,1.63,1.23,2.23,SZ000703
4912,2017-12-26,75.99,74.94,76.55,74.17,192651,396565472.0,3.1,-2.28,-1.75,1.31,SZ000703
4913,2017-12-27,74.97,78.31,79.12,74.52,250663,533730176.0,6.14,4.5,3.37,1.7,SZ000703
4914,2017-12-28,78.1,78.52,79.01,76.27,170430,364037584.0,3.5,0.27,0.21,1.16,SZ000703
4915,2017-12-29,77.96,78.69,79.82,77.15,169547,363397872.0,3.4,0.22,0.17,1.15,SZ000703
4916,2018-01-02,78.38,86.28,86.28,78.13,265302,609131104.0,10.36,9.65,7.59,1.8,SZ000703
4917,2018-01-03,87.93,88.98,89.93,85.75,227533,549474832.0,4.84,3.13,2.7,1.55,SZ000703
4918,2018-01-04,89.5,94.28,97.33,89.5,370545,942976032.0,8.8,5.96,5.3,2.52,SZ000703
4919,2018-04-03,85.15,85.15,85.15,85.15,2829,6622689.0,0.0,-9.68,-9.13,0.02,SZ000703
4920,2018-04-04,76.94,78.8,80.73,76.94,864726,1859797936.0,4.45,-7.46,-6.35,5.87,SZ000703
4921,2018-04-09,77.36,74.83,77.36,72.94,360553,742424576.0,5.61,-5.04,-3.97,2.45,SZ000703
4922,2018-04-10,75.46,79.92,80.91,75.39,215617,460888672.0,7.38,6.8,5.09,1.46,SZ000703
4923,2018-04-11,80.55,79.47,83.01,78.27,194824,427144816.0,5.93,-0.56,-0.45,1.32,SZ000703
4924,2018-04-12,79.61,78.1,80.98,77.78,118672,257142236.0,4.03,-1.72,-1.37,0.81,SZ000703
4925,2018-04-13,78.38,78.83,80.34,77.22,126283,274181392.0,3.99,0.93,0.73,0.86,SZ000703
4926,2018-04-16,79.43,75.36,79.43,74.59,218763,454986656.0,6.14,-4.4,-3.47,1.49,SZ000703
4927,2018-04-17,75.99,76.03,79.82,75.64,140387,299399216.0,5.55,0.89,0.67,0.95,SZ000703
4928,2018-04-18,77.29,75.46,77.89,73.43,129769,269649920.0,5.87,-0.75,-0.57,0.88,SZ000703
4929,2018-04-19,76.83,77.04,79.5,76.66,134145,286943552.0,3.76,2.09,1.58,0.91,SZ000703
4930,2018-04-20,76.73,74.52,78.34,73.01,142451,291424624.0,6.92,-3.27,-2.52,0.97,SZ000703
4931,2018-04-23,74.24,74.24,75.57,70.76,77630,156945841.0,6.45,-0.38,-0.28,0.53,SZ000703
4932,2018-04-24,75.46,75.96,77.75,75.46,113928,239552775.0,3.08,2.32,1.72,0.77,SZ000703
4933,2018-04-25,75.92,76.38,79.12,75.92,119732,252274651.0,4.21,0.55,0.42,0.81,SZ000703
4934,2018-04-26,75.46,73.08,75.85,72.76,132361,266824450.0,4.05,-4.32,-3.3,0.9,SZ000703
4935,2018-04-27,73.82,73.92,76.27,72.9,126414,257049732.0,4.61,1.15,0.84,0.86,SZ000703
4936,2018-05-02,75.08,77.92,79.29,74.59,171461,359036416.0,6.36,5.41,4.0,1.16,SZ000703
4937,2018-05-03,78.27,79.61,80.48,76.13,180315,386398432.0,5.58,2.17,1.69,1.22,SZ000703
4938,2018-05-04,79.61,81.43,82.45,77.43,164573,359332688.0,6.31,2.29,1.82,1.12,SZ000703
4939,2018-05-07,81.61,86.1,86.35,81.43,202221,469929056.0,6.04,5.73,4.67,1.37,SZ000703
4940,2018-05-08,86.07,86.24,87.19,84.03,127626,299455088.0,3.67,0.16,0.14,0.87,SZ000703
4941,2018-05-09,86.24,84.94,86.24,84.13,73555,172224710.0,2.45,-1.51,-1.3,0.5,SZ000703
4942,2018-05-10,85.43,83.78,87.08,82.87,97965,227762931.0,4.96,-1.37,-1.16,0.67,SZ000703
4943,2018-05-11,84.17,84.42,85.68,82.77,69912,161675219.0,3.47,0.76,0.64,0.47,SZ000703
4944,2018-05-14,84.52,84.87,87.61,84.49,106307,251408982.0,3.7,0.53,0.45,0.72,SZ000703
4945,2018-05-15,85.57,86.56,88.45,85.57,136830,327270320.0,3.39,1.99,1.69,0.93,SZ000703
4946,2018-05-16,86.38,84.77,87.89,84.31,120760,284006432.0,4.14,-2.07,-1.79,0.82,SZ000703
4947,2018-05-17,84.84,87.4,88.35,84.84,138425,330825152.0,4.14,3.1,2.63,0.94,SZ000703
4948,2018-05-18,87.75,91.72,93.68,87.75,209285,524943264.0,6.78,4.94,4.32,1.42,SZ000703
4949,2018-05-21,93.01,93.01,93.61,90.38,147188,374722880.0,3.52,1.41,1.29,1.0,SZ000703
4950,2018-05-22,92.98,95.16,97.4,92.0,190141,503415600.0,5.81,2.31,2.15,1.29,SZ000703
4951,2018-05-23,94.24,91.01,94.24,90.49,157341,397737840.0,3.94,-4.36,-4.15,1.07,SZ000703
4952,2018-05-24,89.98,89.24,90.52,87.91,196999,341812832.0,2.87,-1.94,-1.77,0.96,SZ000703
4953,2018-05-25,88.85,88.85,90.66,87.76,145286,253112879.0,3.25,-0.44,-0.39,0.7,SZ000703
4954,2018-05-28,84.86,88.85,90.17,84.77,198050,341242672.0,6.08,0.0,0.0,0.96,SZ000703
4955,2018-05-29,88.45,87.22,90.12,86.54,211928,363498784.0,4.03,-1.83,-1.63,1.03,SZ000703
4956,2018-05-30,85.41,85.26,87.71,85.01,154504,259966513.0,3.1,-2.25,-1.96,0.75,SZ000703
4957,2018-05-31,86.49,85.31,88.01,83.14,119268,197654030.0,5.71,0.06,0.05,0.58,SZ000703
4958,2018-06-01,84.28,83.34,85.26,82.9,121579,198111265.0,2.77,-2.31,-1.97,0.59,SZ000703
4959,2018-06-04,83.34,84.42,85.5,83.1,94080,154546567.0,2.88,1.3,1.08,0.46,SZ000703
4960,2018-06-05,84.42,83.54,85.9,81.82,151159,245688580.0,4.83,-1.04,-0.88,0.73,SZ000703
4961,2018-06-06,83.78,83.39,84.52,82.8,110533,179209661.0,2.06,-0.18,-0.15,0.54,SZ000703
4962,2018-06-07,83.19,83.0,84.23,82.8,92897,150265989.0,1.71,-0.47,-0.39,0.45,SZ000703
4963,2018-06-08,83.0,87.37,87.62,82.8,289552,487808352.0,5.81,5.27,4.37,1.4,SZ000703
4964,2018-06-11,86.58,86.49,86.98,83.59,177222,293130672.0,3.88,-1.01,-0.88,0.86,SZ000703
4965,2018-06-12,85.5,86.63,87.03,84.42,90213,151044925.0,3.02,0.16,0.14,0.44,SZ000703
4966,2018-06-13,86.44,87.13,88.94,85.26,115652,196967318.0,4.25,0.58,0.5,0.56,SZ000703
4967,2018-06-14,86.24,87.37,88.3,85.65,84896,143803708.0,3.04,0.28,0.24,0.41,SZ000703
4968,2018-06-15,87.67,87.52,87.67,84.18,135110,225702252.0,3.99,0.17,0.15,0.66,SZ000703
4969,2018-06-19,83.78,83.29,86.39,79.12,202988,325310816.0,8.31,-4.83,-4.23,0.98,SZ000703
4970,2018-06-20,82.31,82.56,83.24,79.95,152818,242147907.0,3.95,-0.88,-0.73,0.74,SZ000703
4971,2018-06-21,82.31,76.81,82.7,74.74,254876,391549856.0,9.64,-6.96,-5.75,1.24,SZ000703
4972,2018-06-22,75.72,76.27,77.49,72.28,137727,201693306.0,6.78,-0.7,-0.54,0.66,SZ000703
4973,2018-06-25,77.89,74.94,79.66,73.96,138261,206011468.0,7.47,-1.74,-1.33,0.67,SZ000703
4974,2018-06-26,73.91,75.92,76.36,73.37,91296,133049200.0,3.99,1.31,0.98,0.44,SZ000703
4975,2018-06-27,76.56,75.87,79.56,72.24,254619,370282784.0,9.64,-0.07,-0.05,1.23,SZ000703
4976,2018-06-28,75.33,74.94,76.9,73.71,139978,204916464.0,4.2,-1.23,-0.93,0.67,SZ000703
4977,2018-06-29,75.38,76.81,77.15,74.45,144437,211710402.0,3.6,2.5,1.87,0.7,SZ000703
4978,2018-07-02,76.95,76.36,78.23,75.18,86992,129584394.0,3.97,-0.59,-0.45,0.42,SZ000703
4979,2018-07-03,76.56,75.23,76.9,73.56,115439,167725920.0,4.37,-1.48,-1.13,0.56,SZ000703
4980,2018-07-04,74.74,74.99,76.36,73.96,91730,133347302.0,3.19,-0.32,-0.24,0.44,SZ000703
4981,2018-07-05,74.59,70.02,74.84,67.86,303601,410928656.0,9.31,-6.63,-4.97,1.46,SZ000703
4982,2018-07-06,69.48,67.96,69.78,65.6,210392,273476864.0,5.97,-2.94,-2.06,1.01,SZ000703
4983,2018-07-09,69.43,72.58,73.17,68.16,191246,260094925.0,7.37,6.8,4.62,0.92,SZ000703
4984,2018-07-10,72.68,73.27,75.53,71.65,196595,279421776.0,5.35,0.95,0.69,0.95,SZ000703
4985,2018-07-11,72.78,73.81,74.64,70.57,185334,262169385.0,5.55,0.74,0.54,0.89,SZ000703
4986,2018-07-12,73.37,75.53,76.76,73.17,160127,233939167.0,4.86,2.33,1.72,0.77,SZ000703
4987,2018-07-13,76.41,78.62,79.41,75.58,139989,211063421.0,5.07,4.09,3.09,0.67,SZ000703
4988,2018-07-16,78.67,78.38,79.12,75.87,152397,228926354.0,4.13,-0.31,-0.24,0.73,SZ000703
4989,2018-07-17,77.59,77.69,78.13,76.31,106013,158990565.0,2.32,-0.88,-0.69,0.51,SZ000703
4990,2018-07-18,77.15,77.15,78.87,76.51,123729,185931889.0,3.04,-0.7,-0.54,0.6,SZ000703
4991,2018-07-19,77.4,78.38,78.82,76.71,79709,120340489.0,2.73,1.59,1.23,0.38,SZ000703
4992,2018-07-20,78.08,78.38,79.16,77.25,83377,126508588.0,2.44,0.0,0.0,0.4,SZ000703
4993,2018-07-23,79.85,79.75,80.59,77.25,109797,167976319.0,4.26,1.75,1.37,0.53,SZ000703
4994,2018-07-24,81.57,85.06,86.78,81.57,411444,677987712.0,6.53,6.66,5.31,1.98,SZ000703
4995,2018-07-25,85.01,84.18,85.99,83.54,116255,191474253.0,2.88,-1.03,-0.88,0.56,SZ000703
4996,2018-07-26,84.47,82.11,84.67,81.97,88995,143607602.0,3.21,-2.46,-2.07,0.43,SZ000703
4997,2018-07-27,82.01,82.41,83.24,80.93,98053,156617171.0,2.81,0.37,0.3,0.47,SZ000703
4998,2018-07-30,83.54,84.03,85.55,82.7,152854,250993008.0,3.46,1.97,1.62,0.74,SZ000703
4999,2018-07-31,83.64,83.59,84.72,82.21,89037,144488557.0,2.99,-0.52,-0.44,0.43,SZ000703
5000,2018-08-01,83.73,83.19,84.91,83.05,102748,168090586.0,2.23,-0.48,-0.4,0.5,SZ000703
5001,2018-08-02,83.19,84.32,84.37,79.41,158961,252780776.0,5.96,1.36,1.13,0.77,SZ000703
5002,2018-08-03,84.32,86.68,87.62,83.1,212900,354251248.0,5.36,2.8,2.36,1.03,SZ000703
5003,2018-08-06,86.93,78.38,87.22,78.38,299955,474761328.0,10.2,-9.58,-8.3,1.45,SZ000703
5004,2018-08-07,76.81,81.08,81.87,75.68,198917,305081120.0,7.9,3.44,2.7,0.96,SZ000703
5005,2018-08-08,80.34,76.12,81.87,75.92,175138,267372654.0,7.34,-6.12,-4.96,0.84,SZ000703
5006,2018-08-09,75.92,81.33,83.34,75.92,275468,433480256.0,9.75,6.84,5.21,1.33,SZ000703
5007,2018-08-10,82.85,85.9,86.54,82.7,268613,444392432.0,4.72,5.62,4.57,1.29,SZ000703
5008,2018-08-13,86.54,88.35,89.19,84.37,261770,442002960.0,5.61,2.85,2.45,1.26,SZ000703
5009,2018-08-14,87.47,89.39,90.66,87.03,225223,390280384.0,4.11,1.18,1.04,1.09,SZ000703
5010,2018-08-15,88.99,86.98,92.73,86.78,238146,412196448.0,6.66,-2.7,-2.41,1.15,SZ000703
5011,2018-08-16,87.47,86.29,87.96,84.67,228607,383118464.0,3.78,-0.79,-0.69,1.1,SZ000703
5012,2018-08-17,86.54,83.29,87.08,81.72,245925,402689008.0,6.21,-3.48,-3.0,1.19,SZ000703
5013,2018-08-20,83.0,86.83,86.83,82.85,188216,311178096.0,4.78,4.25,3.54,0.91,SZ000703
5014,2018-08-21,86.83,87.96,90.27,86.63,222897,384783312.0,4.19,1.3,1.13,1.07,SZ000703
5015,2018-08-22,87.62,86.34,87.62,85.55,89698,151216252.0,2.35,-1.84,-1.62,0.43,SZ000703
5016,2018-08-23,86.34,85.65,87.81,83.93,126215,211538663.0,4.49,-0.8,-0.69,0.61,SZ000703
5017,2018-08-24,84.77,86.29,86.44,83.54,169677,280475296.0,3.39,0.75,0.64,0.82,SZ000703
5018,2018-08-27,86.29,86.54,87.47,85.31,262133,441577760.0,2.5,0.29,0.25,1.26,SZ000703
5019,2018-08-28,87.37,90.66,91.3,86.54,438687,763606704.0,5.5,4.76,4.12,2.11,SZ000703
5020,2018-08-29,90.42,89.53,91.65,88.4,184482,323454384.0,3.58,-1.25,-1.13,0.89,SZ000703
5021,2018-08-30,89.43,86.19,90.57,86.19,178286,304624064.0,4.89,-3.73,-3.34,0.86,SZ000703
5022,2018-08-31,86.09,86.14,86.98,85.21,125485,210080541.0,2.05,-0.06,-0.05,0.6,SZ000703
5023,2018-09-03,85.95,85.65,86.49,84.13,109823,181599226.0,2.74,-0.57,-0.49,0.53,SZ000703
5024,2018-09-04,85.5,85.55,87.37,83.34,173653,288478592.0,4.71,-0.12,-0.1,0.84,SZ000703
5025,2018-09-05,85.01,83.24,85.5,83.1,106134,174076913.0,2.81,-2.7,-2.31,0.51,SZ000703
5026,2018-09-06,83.1,83.34,83.54,80.64,134350,215005470.0,3.48,0.12,0.1,0.65,SZ000703
5027,2018-09-07,83.14,83.49,84.91,82.36,84964,138751201.0,3.06,0.18,0.15,0.41,SZ000703
5028,2018-09-10,82.9,82.85,83.49,81.33,114920,184039157.0,2.59,-0.77,-0.64,0.55,SZ000703
5029,2018-09-11,81.82,81.38,82.8,76.66,251549,389365872.0,7.41,-1.77,-1.47,1.21,SZ000703
5030,2018-09-12,80.05,81.18,81.38,78.13,219772,340789936.0,3.99,-0.25,-0.2,1.06,SZ000703
5031,2018-09-13,81.77,81.18,82.26,80.1,96954,152768915.0,2.66,0.0,0.0,0.47,SZ000703
5032,2018-09-14,80.74,81.77,81.97,79.56,105130,164929167.0,2.97,0.73,0.59,0.51,SZ000703
5033,2018-09-17,81.03,81.03,81.72,79.56,125095,195928727.0,2.64,-0.9,-0.74,0.6,SZ000703
5034,2018-09-18,79.9,80.64,81.62,78.77,110740,173568294.0,3.52,-0.48,-0.39,0.53,SZ000703
5035,2018-09-19,80.39,80.49,80.93,78.92,189349,295670832.0,2.49,-0.19,-0.15,0.91,SZ000703
5036,2018-09-20,80.05,83.34,83.78,80.0,326390,520489120.0,4.7,3.54,2.85,1.57,SZ000703
5037,2018-09-21,82.8,86.58,87.67,82.36,244572,407906560.0,6.37,3.89,3.24,1.18,SZ000703
5038,2018-09-25,86.19,86.73,89.34,85.75,167599,285059232.0,4.15,0.17,0.15,0.81,SZ000703
5039,2018-09-26,86.78,88.7,88.94,86.34,165528,283663344.0,3.0,2.27,1.97,0.8,SZ000703
5040,2018-09-27,88.26,86.09,89.14,85.75,141091,238987416.0,3.82,-2.94,-2.61,0.68,SZ000703
5041,2018-09-28,86.63,86.98,87.27,85.6,98300,165943902.0,1.94,1.03,0.89,0.47,SZ000703
5042,2018-10-08,85.21,84.67,86.24,82.16,337717,551841120.0,4.69,-2.66,-2.31,1.62,SZ000703
5043,2018-10-09,84.18,84.67,85.21,82.7,107460,176150689.0,2.96,0.0,0.0,0.52,SZ000703
5044,2018-10-10,84.13,83.78,85.65,83.59,176295,289587872.0,2.43,-1.05,-0.89,0.85,SZ000703
5045,2018-10-11,80.84,80.74,83.19,77.89,289466,453884752.0,6.33,-3.63,-3.04,1.39,SZ000703
5046,2018-10-12,79.21,80.79,81.23,77.2,189465,291356096.0,4.99,0.06,0.05,0.91,SZ000703
5047,2018-10-15,80.25,78.82,80.44,74.2,305291,457109568.0,7.72,-2.44,-1.97,1.47,SZ000703
5048,2018-10-16,77.1,76.07,77.35,73.96,190119,279795744.0,4.3,-3.49,-2.75,0.91,SZ000703
5049,2018-10-17,76.85,75.72,76.85,71.99,178893,257538561.0,6.39,-0.46,-0.35,0.86,SZ000703
5050,2018-10-18,74.84,68.5,74.89,68.5,183383,253527671.0,8.44,-9.54,-7.22,0.88,SZ000703
5051,2018-10-19,62.65,71.94,74.99,62.01,1222873,1566114976.0,18.95,5.02,3.44,5.88,SZ000703
5052,2018-10-22,68.94,72.73,73.96,68.6,876359,1220419296.0,7.45,1.1,0.79,4.22,SZ000703
5053,2018-10-23,72.92,70.02,72.92,69.04,391284,532558656.0,5.33,-3.73,-2.71,1.88,SZ000703
5054,2018-10-24,67.37,66.44,68.5,63.88,374507,476295408.0,6.6,-5.11,-3.58,1.8,SZ000703
5055,2018-11-02,67.62,70.81,71.01,67.37,539548,719940896.0,5.48,6.58,4.37,2.6,SZ000703
5056,2018-11-05,70.76,69.53,71.2,68.94,306362,413458160.0,3.19,-1.81,-1.28,1.48,SZ000703
5057,2018-11-06,68.99,67.57,69.39,65.11,321203,412870224.0,6.16,-2.82,-1.96,1.55,SZ000703
5058,2018-11-07,67.32,64.67,67.37,64.52,293903,370772592.0,4.22,-4.29,-2.9,1.42,SZ000703
5059,2018-11-08,65.26,65.21,65.95,64.32,191431,239553992.0,2.52,0.84,0.54,0.84,SZ000703
5060,2018-11-09,65.41,66.09,66.49,64.42,162970,205686930.0,3.17,1.35,0.88,0.72,SZ000703
5061,2018-11-12,65.6,66.44,66.58,64.82,160472,203103193.0,2.66,0.53,0.35,0.71,SZ000703
5062,2018-11-13,65.26,67.42,67.67,64.96,229842,294503888.0,4.08,1.48,0.98,1.01,SZ000703
5063,2018-11-14,66.54,66.54,67.42,66.0,190248,243635068.0,2.11,-1.31,-0.88,0.84,SZ000703
5064,2018-11-15,66.34,66.78,66.93,66.09,113526,145182842.0,1.26,0.36,0.24,0.5,SZ000703
5065,2018-11-16,67.13,67.47,67.86,66.04,186667,240635577.0,2.73,1.03,0.69,0.82,SZ000703
5066,2018-11-19,68.55,69.53,70.07,67.76,212398,282077392.0,3.42,3.05,2.06,0.93,SZ000703
5067,2018-11-20,69.19,67.17,69.53,66.54,185345,242644661.0,4.3,-3.39,-2.36,0.82,SZ000703
5068,2018-11-21,65.01,66.44,66.88,63.78,180817,226842446.0,4.62,-1.09,-0.73,0.8,SZ000703
5069,2018-11-22,66.54,65.11,66.98,65.11,80716,101839831.0,2.81,-2.0,-1.33,0.36,SZ000703
5070,2018-11-23,65.11,62.95,65.41,62.01,157424,190329774.0,5.22,-3.32,-2.16,0.69,SZ000703
5071,2018-11-26,62.16,59.75,62.36,57.74,278948,317910912.0,7.34,-5.08,-3.2,1.23,SZ000703
5072,2018-11-27,59.95,60.25,60.74,59.21,112789,129207769.0,2.56,0.84,0.5,0.5,SZ000703
5073,2018-11-28,60.69,60.88,61.67,59.85,137795,160554976.0,3.02,1.05,0.63,0.61,SZ000703
5074,2018-11-29,60.98,59.16,61.92,58.72,172971,198402988.0,5.26,-2.83,-1.72,0.76,SZ000703
5075,2018-11-30,59.16,61.23,61.28,58.72,186838,214423717.0,4.33,3.5,2.07,0.82,SZ000703
5076,2018-12-03,62.85,64.72,65.75,62.06,253823,312752512.0,6.03,5.7,3.49,1.12,SZ000703
5077,2018-12-04,64.57,65.55,65.7,63.93,159505,199322052.0,2.73,1.28,0.83,0.7,SZ000703
5078,2018-12-05,63.64,64.52,64.96,63.44,127752,157963934.0,2.32,-1.57,-1.03,0.56,SZ000703
5079,2018-12-06,64.32,62.65,64.32,62.46,113492,137046847.0,2.88,-2.9,-1.87,0.5,SZ000703
5080,2018-12-07,62.65,64.52,65.21,62.56,132928,163670824.0,4.23,2.98,1.87,0.58,SZ000703
5081,2018-12-10,64.52,63.69,65.36,63.64,110604,136750237.0,2.67,-1.29,-0.83,0.49,SZ000703
5082,2018-12-11,63.78,64.57,64.72,63.78,129985,160605840.0,1.48,1.38,0.88,0.57,SZ000703
5083,2018-12-12,65.11,65.65,66.34,64.57,180765,227736509.0,2.74,1.67,1.08,0.8,SZ000703
5084,2018-12-13,65.7,65.7,66.83,64.86,172148,217953290.0,3.0,0.08,0.05,0.76,SZ000703
5085,2018-12-14,65.45,66.14,66.88,65.21,181883,230692088.0,2.54,0.67,0.44,0.8,SZ000703
5086,2018-12-17,65.6,63.64,65.9,62.41,186740,228276506.0,5.28,-3.78,-2.5,0.82,SZ000703
5087,2018-12-18,62.95,63.93,64.32,62.26,108871,132771354.0,3.24,0.46,0.29,0.48,SZ000703
5088,2018-12-19,63.64,62.16,63.93,61.42,157069,188433676.0,3.93,-2.77,-1.77,0.69,SZ000703
5089,2018-12-20,61.97,62.65,62.75,61.23,91333,108596708.0,2.45,0.79,0.49,0.4,SZ000703
5090,2018-12-21,62.41,61.82,62.56,57.74,121870,142104606.0,7.69,-1.32,-0.83,0.54,SZ000703
5091,2018-12-24,61.57,61.38,61.77,60.44,74493,87202324.0,2.15,-0.71,-0.44,0.33,SZ000703
5092,2018-12-25,60.44,60.25,60.49,58.23,116107,131464907.0,3.68,-1.84,-1.13,0.51,SZ000703
5093,2018-12-26,60.25,60.15,60.25,58.97,99988,113898596.0,2.12,-0.17,-0.1,0.44,SZ000703
5094,2018-12-27,62.11,60.29,62.26,60.0,140757,163859720.0,3.76,0.23,0.14,0.62,SZ000703
5095,2018-12-28,60.84,60.29,60.84,58.77,115705,131921497.0,3.43,0.0,0.0,0.51,SZ000703
5096,2019-01-02,60.25,60.2,60.64,59.56,82040,93852248.0,1.79,-0.15,-0.09,0.36,SZ000703
5097,2019-01-03,60.15,59.85,60.39,59.46,78337,89416117.0,1.54,-0.58,-0.35,0.34,SZ000703
5098,2019-01-04,59.41,60.93,61.33,59.16,119677,138213167.0,3.63,1.8,1.08,0.53,SZ000703
5099,2019-01-07,61.42,63.44,63.44,61.42,171831,205349830.0,3.32,4.12,2.51,0.76,SZ000703
5100,2019-01-08,62.95,64.77,64.82,62.7,108937,133619528.0,3.34,2.1,1.33,0.48,SZ000703
5101,2019-01-09,64.52,65.8,66.34,64.37,156210,196962615.0,3.04,1.59,1.03,0.69,SZ000703
5102,2019-01-10,65.6,65.75,66.24,65.21,102321,129551143.0,1.57,-0.08,-0.05,0.45,SZ000703
5103,2019-01-11,65.7,64.77,66.09,63.44,212161,262348163.0,4.03,-1.49,-0.98,0.93,SZ000703
5104,2019-01-14,64.62,64.37,65.11,64.13,78691,97398679.0,1.51,-0.62,-0.4,0.35,SZ000703
5105,2019-01-15,64.62,65.16,65.31,63.98,106112,131955293.0,2.07,1.23,0.79,0.47,SZ000703
5106,2019-01-16,64.96,64.52,65.36,64.47,69837,87091441.0,1.37,-0.98,-0.64,0.31,SZ000703
5107,2019-01-17,64.57,64.03,64.96,63.59,67220,82581899.0,2.12,-0.76,-0.49,0.3,SZ000703
5108,2019-01-18,63.54,65.41,66.68,63.1,171588,212057303.0,5.59,2.16,1.38,0.75,SZ000703
5109,2019-01-21,65.45,67.42,67.67,65.21,206042,263216445.0,3.76,3.07,2.01,0.91,SZ000703
5110,2019-01-22,66.98,66.73,67.27,65.65,125445,160548867.0,2.4,-1.02,-0.69,0.55,SZ000703
5111,2019-01-23,65.85,67.57,68.35,65.75,208775,271047712.0,3.9,1.26,0.84,0.92,SZ000703
5112,2019-01-24,67.42,66.58,67.47,66.09,107692,138442623.0,2.04,-1.47,-0.99,0.47,SZ000703
5113,2019-01-25,66.14,65.16,66.49,64.91,115782,146003714.0,2.37,-2.13,-1.42,0.51,SZ000703
5114,2019-01-28,65.55,65.41,66.14,64.86,80026,100411524.0,1.96,0.38,0.25,0.35,SZ000703
5115,2019-01-29,65.11,65.6,66.0,64.82,84919,106922741.0,1.8,0.29,0.19,0.37,SZ000703
5116,2019-01-30,65.31,66.83,67.03,65.31,116264,148487578.0,2.62,1.88,1.23,0.51,SZ000703
5117,2019-01-31,66.83,67.22,68.4,66.54,142514,185074541.0,2.78,0.58,0.39,0.63,SZ000703
5118,2019-02-01,67.76,67.47,68.26,67.27,69315,90200601.0,1.47,0.37,0.25,0.3,SZ000703
5119,2019-02-11,68.01,67.76,68.21,66.78,75234,97789719.0,2.12,0.43,0.29,0.33,SZ000703
5120,2019-02-12,67.86,70.17,70.17,67.57,141863,188780253.0,3.84,3.56,2.41,0.62,SZ000703
5121,2019-02-13,69.83,69.73,70.22,69.04,111980,150444449.0,1.68,-0.63,-0.44,0.49,SZ000703
5122,2019-02-14,69.73,70.81,71.94,69.73,109123,149510853.0,3.17,1.55,1.08,0.48,SZ000703
5123,2019-02-15,70.76,69.73,71.5,69.73,96858,131712165.0,2.5,-1.53,-1.08,0.43,SZ000703
5124,2019-02-18,70.47,70.81,71.11,69.48,117133,159119400.0,2.34,1.55,1.08,0.52,SZ000703
5125,2019-02-19,70.47,70.07,71.15,69.48,98502,133704579.0,2.36,-1.05,-0.74,0.43,SZ000703
5126,2019-02-20,70.47,69.68,70.66,69.58,72877,98398342.0,1.54,-0.56,-0.39,0.32,SZ000703
5127,2019-02-21,70.02,68.65,70.47,68.55,98756,132878176.0,2.76,-1.48,-1.03,0.43,SZ000703
5128,2019-02-22,68.75,69.83,69.93,68.16,85605,114106825.0,2.58,1.72,1.18,0.38,SZ000703
5129,2019-02-25,70.37,72.24,72.48,70.27,180954,249892502.0,3.16,3.45,2.41,0.8,SZ000703
5130,2019-02-26,72.19,71.3,73.71,71.11,169019,236300171.0,3.6,-1.3,-0.94,0.74,SZ000703
5131,2019-02-27,71.3,71.25,72.33,69.98,120937,165975498.0,3.3,-0.07,-0.05,0.53,SZ000703
5132,2019-02-28,70.71,71.99,72.09,70.52,119111,164444245.0,2.2,1.04,0.74,0.52,SZ000703
5133,2019-03-01,72.09,71.25,72.24,70.91,95610,131522283.0,1.85,-1.03,-0.74,0.42,SZ000703
5134,2019-03-04,71.65,71.6,72.87,71.06,153706,213225996.0,2.54,0.49,0.35,0.68,SZ000703
5135,2019-03-05,71.74,72.38,72.83,71.55,103935,144958589.0,1.79,1.09,0.78,0.46,SZ000703
5136,2019-03-06,72.43,73.32,73.37,72.04,162950,228830128.0,1.84,1.3,0.94,0.72,SZ000703
5137,2019-03-07,73.12,72.73,73.37,70.71,214534,299026272.0,3.63,-0.8,-0.59,0.94,SZ000703
5138,2019-03-08,71.5,68.26,71.84,68.26,181420,245477836.0,4.92,-6.15,-4.47,0.8,SZ000703
5139,2019-03-11,68.75,69.88,70.02,68.5,129849,173324017.0,2.23,2.37,1.62,0.57,SZ000703
5140,2019-03-12,70.42,70.91,71.65,70.07,138246,189388597.0,2.26,1.47,1.03,0.61,SZ000703
5141,2019-03-13,71.01,70.91,72.19,70.22,120782,165879577.0,2.78,0.0,0.0,0.53,SZ000703
5142,2019-03-14,71.01,69.48,71.45,68.7,78187,105573778.0,3.88,-2.02,-1.43,0.34,SZ000703
5143,2019-03-15,69.19,69.93,71.15,69.09,141022,191184920.0,2.96,0.65,0.45,0.62,SZ000703
5144,2019-03-18,70.52,76.31,76.56,70.52,739820,1072704032.0,8.64,9.12,6.38,3.25,SZ000703
5145,2019-03-19,76.41,75.72,76.95,74.74,377062,554435440.0,2.9,-0.77,-0.59,1.66,SZ000703
5146,2019-03-20,75.72,73.32,76.36,72.48,266083,379768400.0,5.12,-3.17,-2.4,1.17,SZ000703
5147,2019-03-21,73.46,73.07,73.96,72.73,208936,295998032.0,1.68,-0.34,-0.25,0.92,SZ000703
5148,2019-03-22,72.97,74.59,74.94,72.19,268676,382852144.0,3.76,2.08,1.52,1.18,SZ000703
5149,2019-03-25,73.46,76.07,78.62,73.02,420191,626442272.0,7.51,1.98,1.48,1.85,SZ000703
5150,2019-03-26,77.54,75.53,79.85,74.94,239802,358053152.0,6.45,-0.71,-0.54,1.05,SZ000703
5151,2019-03-27,77.2,77.15,78.13,75.68,182686,272090752.0,3.24,2.14,1.62,0.8,SZ000703
5152,2019-03-28,76.85,77.05,77.69,76.02,178411,265801824.0,2.16,-0.13,-0.1,0.78,SZ000703
5153,2019-03-29,76.76,79.02,79.36,75.33,300313,451848608.0,5.23,2.56,1.97,1.32,SZ000703
5154,2019-04-01,79.07,83.59,84.18,79.07,515404,822271088.0,6.47,5.78,4.57,2.27,SZ000703
5155,2019-04-02,86.09,85.01,87.17,83.93,319995,533242512.0,3.88,1.7,1.42,1.41,SZ000703
5156,2019-04-03,83.54,84.47,86.29,83.19,193888,318748192.0,3.65,-0.64,-0.54,0.85,SZ000703
5157,2019-04-04,85.75,86.44,87.96,85.6,272432,459978352.0,2.79,2.33,1.97,1.2,SZ000703
5158,2019-04-08,92.14,89.48,93.86,88.89,475647,847693904.0,5.75,3.52,3.04,2.09,SZ000703
5159,2019-04-09,87.57,87.42,89.78,86.44,212048,362934144.0,3.73,-2.3,-2.06,0.93,SZ000703
5160,2019-04-10,88.01,87.52,88.7,85.31,162018,274394960.0,3.88,0.11,0.1,0.71,SZ000703
5161,2019-04-11,86.78,82.56,86.98,81.67,262398,425975696.0,6.07,-5.67,-4.96,1.15,SZ000703
5162,2019-04-12,81.97,82.85,84.08,81.82,102846,165933393.0,2.74,0.35,0.29,0.45,SZ000703
5163,2019-04-15,84.52,81.72,85.75,81.38,122234,197999823.0,5.27,-1.36,-1.13,0.54,SZ000703
5164,2019-04-16,80.74,82.11,82.26,79.71,155632,244784221.0,3.12,0.48,0.39,0.68,SZ000703
5165,2019-04-17,82.41,83.69,85.21,81.97,136780,222190989.0,3.95,1.92,1.58,0.6,SZ000703
5166,2019-04-18,82.7,82.46,83.69,81.28,135067,217109633.0,2.88,-1.47,-1.23,0.59,SZ000703
5167,2019-04-19,82.46,80.59,83.49,78.72,199843,313416656.0,5.78,-2.27,-1.87,0.88,SZ000703
5168,2019-04-22,81.13,80.98,82.06,79.75,209686,329335472.0,2.87,0.48,0.39,0.92,SZ000703
5169,2019-04-23,80.34,79.66,80.79,78.72,144157,222857235.0,2.56,-1.63,-1.32,0.63,SZ000703
5170,2019-04-24,79.75,78.72,79.8,76.9,227436,342823840.0,3.64,-1.18,-0.94,1.0,SZ000703
5171,2019-04-25,78.82,77.74,79.31,77.0,128336,193519154.0,2.93,-1.24,-0.98,0.56,SZ000703
5172,2019-04-26,77.4,77.35,78.38,76.95,141433,212476482.0,1.84,-0.5,-0.39,0.62,SZ000703
5173,2019-04-29,77.2,78.87,80.05,75.33,149749,226598386.0,6.1,1.97,1.52,0.66,SZ000703
5174,2019-04-30,79.02,79.9,79.95,78.18,81957,125621352.0,2.24,1.31,1.03,0.36,SZ000703
5175,2019-05-06,76.41,72.28,76.41,72.28,206517,292350624.0,5.17,-9.54,-7.62,0.91,SZ000703
5176,2019-05-07,72.43,72.24,74.64,71.25,136660,191936344.0,4.69,-0.06,-0.04,0.6,SZ000703
5177,2019-05-08,71.35,70.57,72.28,68.55,87526,118902785.0,5.16,-2.31,-1.67,0.38,SZ000703
5178,2019-05-09,70.27,70.52,70.52,68.75,101145,135755743.0,2.51,-0.07,-0.05,0.44,SZ000703
5179,2019-05-10,71.15,71.99,72.97,69.04,158195,216551260.0,5.57,2.08,1.47,0.7,SZ000703
5180,2019-05-13,70.57,69.63,70.66,67.81,219149,291543744.0,3.96,-3.28,-2.36,0.96,SZ000703
5181,2019-05-14,68.06,68.85,69.29,67.86,105704,139334116.0,2.05,-1.12,-0.78,0.46,SZ000703
5182,2019-05-15,69.04,69.98,70.66,68.3,133509,178618359.0,3.43,1.64,1.13,0.59,SZ000703
5183,2019-05-16,69.98,69.88,70.61,69.48,97537,131687053.0,1.61,-0.14,-0.1,0.43,SZ000703
5184,2019-05-17,70.07,69.19,70.27,67.57,95886,126716698.0,3.86,-0.99,-0.69,0.42,SZ000703
5185,2019-05-20,68.6,67.52,68.8,65.75,83264,107076043.0,4.41,-2.41,-1.67,0.37,SZ000703
5186,2019-05-21,67.42,67.57,68.21,66.93,76081,99068650.0,1.9,0.07,0.05,0.33,SZ000703
5187,2019-05-22,67.71,66.98,67.76,65.5,109573,139575092.0,3.34,-0.87,-0.59,0.48,SZ000703
5188,2019-05-23,65.85,66.34,66.44,65.5,71860,90921689.0,1.4,-0.96,-0.64,0.32,SZ000703
5189,2019-05-24,65.85,66.58,66.78,65.65,55076,70070512.0,1.7,0.36,0.24,0.24,SZ000703
5190,2019-05-27,67.57,67.52,67.81,66.19,60198,77821300.0,2.43,1.41,0.94,0.26,SZ000703
5191,2019-05-28,67.52,70.27,70.27,67.13,142423,187923747.0,4.65,4.07,2.75,0.63,SZ000703
5192,2019-05-29,69.19,69.34,69.53,68.6,85842,113936707.0,1.32,-1.32,-0.93,0.38,SZ000703
5193,2019-05-30,68.6,69.29,69.53,66.39,160952,209427916.0,4.53,-0.07,-0.05,0.71,SZ000703
5194,2019-05-31,68.45,70.02,70.02,67.57,175219,231928642.0,3.54,1.05,0.73,0.77,SZ000703
5195,2019-06-03,68.99,67.62,70.76,67.62,160029,210872946.0,4.48,-3.43,-2.4,0.7,SZ000703
5196,2019-06-04,67.47,66.73,67.71,66.09,58167,74928447.0,2.4,-1.32,-0.89,0.26,SZ000703
5197,2019-06-05,67.52,66.98,67.91,66.63,43484,56261708.0,1.92,0.37,0.25,0.19,SZ000703
5198,2019-06-06,66.73,65.11,67.27,64.62,77801,98425452.0,3.96,-2.79,-1.87,0.34,SZ000703
5199,2019-06-10,65.16,65.7,66.73,62.7,72222,91335756.0,6.19,0.91,0.59,0.32,SZ000703
5200,2019-06-11,65.8,67.81,68.5,65.6,75041,94807155.0,4.41,3.21,2.11,0.33,SZ000703
5201,2019-06-12,67.22,67.57,68.45,67.08,52218,66418561.0,2.02,-0.35,-0.24,0.23,SZ000703
5202,2019-06-13,67.22,67.08,67.67,66.54,46351,58412258.0,1.67,-0.73,-0.49,0.2,SZ000703
5203,2019-06-14,67.32,66.39,67.67,66.04,45803,57480205.0,2.43,-1.03,-0.69,0.2,SZ000703
5204,2019-06-17,66.39,66.98,67.27,66.14,45826,57525614.0,1.7,0.89,0.59,0.2,SZ000703
5205,2019-06-18,66.83,67.08,67.37,66.44,33317,41951718.0,1.39,0.15,0.1,0.15,SZ000703
5206,2019-06-19,69.04,68.65,69.88,68.4,104270,135671501.0,2.21,2.34,1.57,0.46,SZ000703
5207,2019-06-20,68.94,70.32,70.47,68.6,98109,129365982.0,2.72,2.43,1.67,0.43,SZ000703
5208,2019-06-21,70.61,70.17,71.6,69.58,100007,133311756.0,2.87,-0.21,-0.15,0.44,SZ000703
5209,2019-06-24,70.17,69.39,70.17,69.14,72603,95030606.0,1.47,-1.11,-0.78,0.32,SZ000703
5210,2019-06-25,69.43,68.45,69.58,67.57,87073,112264259.0,2.9,-1.35,-0.94,0.38,SZ000703
5211,2019-06-26,67.81,69.63,69.73,67.32,127182,164234670.0,3.52,1.72,1.18,0.56,SZ000703
5212,2019-06-27,70.96,71.55,72.58,70.37,223477,302152896.0,3.17,2.76,1.92,0.98,SZ000703
5213,2019-06-28,71.55,72.28,72.38,70.17,139270,187181696.0,3.09,1.02,0.73,0.61,SZ000703
5214,2019-07-01,74.45,74.3,75.23,73.12,253179,354201792.0,2.92,2.79,2.02,1.11,SZ000703
5215,2019-07-02,74.35,76.46,77.3,73.61,230415,329792816.0,4.97,2.91,2.16,1.01,SZ000703
5216,2019-07-03,74.35,72.33,74.84,72.09,206907,287874352.0,3.6,-5.4,-4.13,0.91,SZ000703
5217,2019-07-04,72.38,73.12,73.27,71.5,150214,205710352.0,2.45,1.09,0.79,0.66,SZ000703
5218,2019-07-05,72.28,73.22,73.32,71.01,130395,178435349.0,3.16,0.14,0.1,0.57,SZ000703
5219,2019-07-08,72.68,72.48,73.02,71.01,100443,136688567.0,2.75,-1.01,-0.74,0.44,SZ000703
5220,2019-07-09,72.38,71.5,73.22,70.71,90568,122394950.0,3.46,-1.35,-0.98,0.4,SZ000703
5221,2019-07-10,71.7,71.74,71.89,70.27,81876,110014165.0,2.27,0.34,0.24,0.36,SZ000703
5222,2019-07-11,72.63,71.65,72.92,71.11,81468,110145421.0,2.52,-0.13,-0.09,0.36,SZ000703
5223,2019-07-12,71.55,70.37,71.79,70.32,65481,87535205.0,2.05,-1.79,-1.28,0.29,SZ000703
5224,2019-07-15,70.17,69.43,70.17,68.11,87444,114095172.0,2.93,-1.34,-0.94,0.38,SZ000703
5225,2019-07-16,69.63,69.98,70.02,68.75,57809,75584353.0,1.83,0.79,0.55,0.25,SZ000703
5226,2019-07-17,69.63,70.27,70.52,69.34,42678,56247778.0,1.69,0.41,0.29,0.19,SZ000703
5227,2019-07-18,69.93,69.24,70.22,69.04,42608,55883634.0,1.68,-1.47,-1.03,0.19,SZ000703
5228,2019-07-19,68.94,69.43,69.98,68.94,39035,51050657.0,1.5,0.27,0.19,0.17,SZ000703
5229,2019-07-22,69.39,65.85,69.39,64.37,206200,256322624.0,7.23,-5.16,-3.58,0.91,SZ000703
5230,2019-07-23,62.95,65.5,65.95,62.95,209614,252378956.0,4.56,-0.53,-0.35,0.92,SZ000703
5231,2019-07-24,64.77,65.26,65.41,64.37,108000,131263399.0,1.59,-0.37,-0.24,0.47,SZ000703
5232,2019-07-25,64.91,63.83,65.01,63.44,99059,118466333.0,2.41,-2.19,-1.43,0.43,SZ000703
5233,2019-07-26,63.44,64.62,64.62,63.19,66883,79930347.0,2.24,1.24,0.79,0.29,SZ000703
5234,2019-07-29,64.32,63.88,64.37,63.64,49467,59185329.0,1.13,-1.15,-0.74,0.22,SZ000703
5235,2019-07-30,64.03,64.82,65.5,64.03,74376,90614287.0,2.3,1.47,0.94,0.33,SZ000703
5236,2019-07-31,64.72,64.96,65.31,64.62,41640,50689251.0,1.06,0.22,0.14,0.18,SZ000703
5237,2019-08-01,64.82,64.96,65.26,63.69,68475,82844535.0,2.42,0.0,0.0,0.3,SZ000703
5238,2019-08-02,63.49,64.13,64.18,62.65,102530,121336357.0,2.36,-1.28,-0.83,0.45,SZ000703
5239,2019-08-05,63.59,63.39,63.93,62.26,72898,86101798.0,2.6,-1.15,-0.74,0.32,SZ000703
5240,2019-08-06,61.67,61.92,62.75,60.84,94381,108636508.0,3.01,-2.32,-1.47,0.41,SZ000703
5241,2019-08-07,62.26,62.26,63.24,61.97,51690,60436125.0,2.05,0.55,0.34,0.23,SZ000703
5242,2019-08-08,62.8,63.24,63.83,62.56,53903,63699914.0,2.04,1.57,0.98,0.24,SZ000703
5243,2019-08-09,63.98,63.64,64.72,63.44,45197,54212894.0,2.02,0.63,0.4,0.2,SZ000703
5244,2019-08-12,65.06,64.28,65.36,63.88,38610,46565534.0,2.33,1.01,0.64,0.17,SZ000703
5245,2019-08-13,64.08,63.49,64.08,63.44,33078,39385372.0,1.0,-1.23,-0.79,0.15,SZ000703
5246,2019-08-14,64.67,64.18,64.86,64.08,56593,68237196.0,1.23,1.09,0.69,0.25,SZ000703
5247,2019-08-15,62.8,64.08,64.13,62.7,27835,33089642.0,2.23,-0.16,-0.1,0.12,SZ000703
5248,2019-08-16,63.69,62.26,64.08,61.42,85524,99857227.0,4.15,-2.84,-1.82,0.38,SZ000703
5249,2019-08-19,62.41,62.9,63.05,61.82,65316,76253893.0,1.98,1.03,0.64,0.29,SZ000703
5250,2019-08-20,63.05,62.46,63.64,62.36,55582,65208304.0,2.03,-0.7,-0.44,0.24,SZ000703
5251,2019-08-21,62.46,61.67,62.56,61.67,55637,64355957.0,1.42,-1.26,-0.79,0.24,SZ000703
5252,2019-08-22,62.06,61.77,62.06,60.74,70610,80636028.0,2.14,0.16,0.1,0.31,SZ000703
5253,2019-08-23,61.92,61.38,61.92,60.93,55113,63020046.0,1.6,-0.63,-0.39,0.24,SZ000703
5254,2019-08-26,59.8,59.71,61.18,59.21,91563,102171432.0,3.21,-2.72,-1.67,0.4,SZ000703
5255,2019-08-27,59.95,60.2,61.13,59.95,116838,131500945.0,1.98,0.82,0.49,0.51,SZ000703
5256,2019-08-28,60.64,60.98,61.47,60.39,119048,135311931.0,1.79,1.3,0.78,0.52,SZ000703
5257,2019-08-29,61.57,60.29,61.72,60.2,80123,90361583.0,2.49,-1.13,-0.69,0.35,SZ000703
5258,2019-08-30,60.64,60.69,60.98,59.51,94204,105653726.0,2.44,0.66,0.4,0.41,SZ000703
5259,2019-09-02,60.39,60.79,60.98,60.1,91330,103097531.0,1.45,0.16,0.1,0.4,SZ000703
5260,2019-09-03,60.74,61.18,61.23,60.39,81883,92758796.0,1.38,0.64,0.39,0.36,SZ000703
5261,2019-09-04,61.08,64.52,64.86,60.84,254108,300297888.0,6.57,5.46,3.34,1.12,SZ000703
5262,2019-09-05,65.6,65.85,66.98,65.16,219262,272140704.0,2.82,2.06,1.33,0.96,SZ000703
5263,2019-09-06,65.85,67.71,68.3,65.6,187800,236097164.0,4.1,2.82,1.86,0.82,SZ000703
5264,2019-09-09,69.09,71.01,71.84,69.09,299583,398483536.0,4.06,4.87,3.3,1.31,SZ000703
5265,2019-09-10,71.25,71.35,71.65,70.02,124066,166095586.0,2.3,0.48,0.34,0.54,SZ000703
5266,2019-09-11,71.65,70.71,72.63,70.42,105711,141669893.0,3.1,-0.9,-0.64,0.46,SZ000703
5267,2019-09-12,70.71,71.45,71.6,70.52,83923,112784916.0,1.53,1.05,0.74,0.37,SZ000703
5268,2019-09-16,74.84,70.02,75.38,68.99,316602,428168976.0,8.94,-2.0,-1.43,1.39,SZ000703
5269,2019-09-17,70.32,69.04,71.15,68.55,149172,196045006.0,3.71,-1.4,-0.98,0.65,SZ000703
5270,2019-09-18,69.04,68.6,69.43,67.81,100442,129745570.0,2.35,-0.64,-0.44,0.44,SZ000703
5271,2019-09-19,68.99,69.04,69.93,68.7,124724,162538109.0,1.79,0.64,0.44,0.55,SZ000703
5272,2019-09-20,69.53,68.55,69.58,68.21,109281,141169227.0,1.98,-0.71,-0.49,0.48,SZ000703
5273,2019-09-23,68.55,67.76,68.65,66.78,86852,110227229.0,2.73,-1.15,-0.79,0.38,SZ000703
5274,2019-09-24,67.67,66.83,67.86,66.54,67822,85430244.0,1.95,-1.37,-0.93,0.3,SZ000703
5275,2019-09-25,66.68,66.44,67.52,66.24,64619,81100619.0,1.92,-0.58,-0.39,0.28,SZ000703
5276,2019-09-26,66.98,65.6,67.08,65.11,53393,65927245.0,2.97,-1.26,-0.84,0.23,SZ000703
5277,2019-09-27,65.21,66.04,66.44,65.11,58012,71900887.0,2.03,0.67,0.44,0.25,SZ000703
5278,2019-09-30,66.63,69.09,70.76,66.63,144382,188300460.0,6.25,4.62,3.05,0.63,SZ000703
5279,2019-10-08,69.29,67.47,69.43,67.27,112792,144068068.0,3.13,-2.34,-1.62,0.49,SZ000703
5280,2019-10-09,66.83,70.76,70.86,66.73,154859,203103889.0,6.12,4.88,3.29,0.68,SZ000703
5281,2019-10-10,70.42,71.25,71.65,69.78,94875,126839868.0,2.64,0.69,0.49,0.42,SZ000703
5282,2019-10-11,71.2,74.15,74.4,70.71,236150,327683040.0,5.18,4.07,2.9,1.03,SZ000703
5283,2019-10-14,75.28,74.15,75.58,73.12,171626,241570859.0,3.32,0.0,0.0,0.75,SZ000703
5284,2019-10-15,73.86,74.15,76.07,72.92,203246,287757584.0,4.25,0.0,0.0,0.89,SZ000703
5285,2019-10-16,73.76,75.18,76.27,73.76,123783,176652382.0,3.39,1.39,1.03,0.54,SZ000703
5286,2019-10-17,75.53,74.5,76.66,74.3,114674,162842302.0,3.14,-0.9,-0.68,0.5,SZ000703
5287,2019-10-18,73.61,73.96,74.99,72.24,209283,290423936.0,3.69,-0.72,-0.54,0.92,SZ000703
5288,2019-10-21,74.69,73.22,74.69,72.58,79612,110117865.0,2.85,-1.0,-0.74,0.35,SZ000703
5289,2019-10-22,73.61,73.81,75.63,73.22,100221,140855829.0,3.29,0.81,0.59,0.44,SZ000703
5290,2019-10-23,74.05,73.86,74.89,73.37,68995,96742609.0,2.06,0.07,0.05,0.3,SZ000703
5291,2019-10-24,73.76,72.83,73.81,72.04,60776,83643698.0,2.4,-1.39,-1.03,0.27,SZ000703
5292,2019-10-25,73.17,73.02,73.37,72.28,54172,74675145.0,1.5,0.26,0.19,0.24,SZ000703
5293,2019-10-28,72.73,72.43,73.86,71.99,87231,119992858.0,2.56,-0.81,-0.59,0.38,SZ000703
5294,2019-10-29,72.24,71.7,72.63,71.7,56330,76584008.0,1.28,-1.01,-0.73,0.25,SZ000703
5295,2019-10-30,71.55,72.73,74.05,71.55,102788,141549670.0,3.49,1.44,1.03,0.45,SZ000703
5296,2019-10-31,72.83,75.68,76.66,72.78,196673,279928624.0,5.33,4.06,2.95,0.86,SZ000703
5297,2019-11-01,75.43,76.41,77.05,74.05,139407,199826637.0,3.96,0.96,0.73,0.61,SZ000703
5298,2019-11-04,77.59,77.54,78.82,76.71,136527,201737062.0,2.76,1.48,1.13,0.6,SZ000703
5299,2019-11-05,77.89,77.54,78.53,76.9,99714,147404883.0,2.1,0.0,0.0,0.44,SZ000703
5300,2019-11-06,77.4,76.07,77.74,75.63,121050,176013419.0,2.72,-1.9,-1.47,0.53,SZ000703
5301,2019-11-07,76.81,76.56,77.49,75.72,62871,91230781.0,2.33,0.64,0.49,0.28,SZ000703
5302,2019-11-08,76.56,75.28,77.2,75.18,77073,110983982.0,2.64,-1.67,-1.28,0.34,SZ000703
5303,2019-11-11,75.28,73.51,75.28,72.87,111553,155808186.0,3.2,-2.35,-1.77,0.49,SZ000703
5304,2019-11-12,73.71,73.22,73.71,72.68,84205,116260489.0,1.4,-0.39,-0.29,0.37,SZ000703
5305,2019-11-13,73.32,71.6,73.32,70.81,238062,322729952.0,3.43,-2.21,-1.62,1.04,SZ000703
5306,2019-11-14,72.24,70.37,73.17,70.12,196166,263244587.0,4.26,-1.72,-1.23,0.86,SZ000703
5307,2019-11-15,70.76,69.09,71.35,69.09,145571,192700888.0,3.21,-1.82,-1.28,0.64,SZ000703
5308,2019-11-18,69.29,68.3,70.27,67.81,147941,190404977.0,3.56,-1.14,-0.79,0.65,SZ000703
5309,2019-11-19,68.6,68.55,69.24,67.86,150036,193058861.0,2.02,0.37,0.25,0.66,SZ000703
5310,2019-11-20,68.55,68.6,68.6,66.98,183652,233519211.0,2.36,0.07,0.05,0.8,SZ000703
5311,2019-11-21,68.6,67.62,68.6,66.88,165963,211193590.0,2.51,-1.43,-0.98,0.73,SZ000703
5312,2019-11-22,68.06,68.85,69.39,67.71,142030,183239307.0,2.48,1.82,1.23,0.62,SZ000703
5313,2019-11-25,68.5,70.02,70.02,67.67,110125,142209349.0,3.41,1.7,1.17,0.48,SZ000703
5314,2019-11-26,69.43,72.43,72.43,68.94,203172,272129136.0,4.98,3.44,2.41,0.89,SZ000703
5315,2019-11-27,71.6,71.99,72.63,71.15,93011,125964298.0,2.04,-0.61,-0.44,0.41,SZ000703
5316,2019-11-28,71.99,72.14,72.63,70.81,93248,126342194.0,2.53,0.21,0.15,0.41,SZ000703
5317,2019-11-29,71.79,73.61,73.71,70.96,147480,201094428.0,3.81,2.04,1.47,0.65,SZ000703
5318,2019-12-02,72.97,72.97,73.37,72.53,52977,72999791.0,1.14,-0.87,-0.64,0.23,SZ000703
5319,2019-12-03,72.63,72.92,72.92,71.89,58301,79888577.0,1.41,-0.07,-0.05,0.26,SZ000703
5320,2019-12-04,72.38,71.94,72.63,71.45,56746,77182277.0,1.62,-1.34,-0.98,0.25,SZ000703
5321,2019-12-05,72.53,70.27,72.73,69.83,102396,136614515.0,4.03,-2.32,-1.67,0.45,SZ000703
5322,2019-12-06,70.32,69.83,70.52,69.53,69355,91461421.0,1.41,-0.63,-0.44,0.3,SZ000703
5323,2019-12-09,70.22,70.32,70.66,69.43,67402,88959443.0,1.76,0.7,0.49,0.3,SZ000703
5324,2019-12-10,70.37,69.43,70.37,69.29,62911,82607150.0,1.54,-1.27,-0.89,0.28,SZ000703
5325,2019-12-11,69.53,69.24,70.12,69.19,74741,97985566.0,1.34,-0.27,-0.19,0.33,SZ000703
5326,2019-12-12,69.43,68.89,69.53,68.65,78754,102177188.0,1.27,-0.51,-0.35,0.35,SZ000703
5327,2019-12-13,69.24,70.12,70.81,68.94,102954,135832692.0,2.71,1.79,1.23,0.45,SZ000703
5328,2019-12-16,70.42,69.88,70.52,69.39,136335,179223266.0,1.61,-0.34,-0.24,0.6,SZ000703
5329,2019-12-17,69.88,70.17,70.47,69.53,121533,160497529.0,1.35,0.41,0.29,0.53,SZ000703
5330,2019-12-18,70.17,68.85,70.52,68.8,154228,201729530.0,2.45,-1.88,-1.32,0.68,SZ000703
5331,2019-12-19,68.6,68.89,68.94,67.17,153998,197101145.0,2.57,0.06,0.04,0.67,SZ000703
5332,2019-12-20,68.55,68.8,69.09,68.21,66392,85846107.0,1.28,-0.13,-0.09,0.29,SZ000703
5333,2019-12-23,68.99,68.85,69.24,68.11,82528,106475071.0,1.64,0.07,0.05,0.36,SZ000703
5334,2019-12-24,68.8,68.89,69.29,68.3,61087,78996322.0,1.44,0.06,0.04,0.27,SZ000703
5335,2019-12-25,68.6,68.94,69.29,68.6,47420,61603431.0,1.0,0.07,0.05,0.21,SZ000703
5336,2019-12-26,68.94,70.02,70.07,68.45,109714,143218875.0,2.35,1.57,1.08,0.48,SZ000703
5337,2019-12-27,69.93,71.5,71.6,69.78,164301,220186217.0,2.6,2.11,1.48,0.72,SZ000703
5338,2019-12-30,71.25,72.92,73.46,70.71,145265,199023139.0,3.85,1.99,1.42,0.64,SZ000703
5339,2019-12-31,72.97,73.56,74.3,72.97,147882,206326220.0,1.82,0.88,0.64,0.65,SZ000703
5340,2020-01-02,73.71,74.59,74.94,73.32,169561,237909040.0,2.2,1.4,1.03,0.74,SZ000703
5341,2020-01-03,73.91,73.71,74.35,73.07,98788,137859908.0,1.72,-1.18,-0.88,0.42,SZ000703
5342,2020-01-06,74.94,74.79,76.51,73.96,283110,403456864.0,3.46,1.47,1.08,1.21,SZ000703
5343,2020-01-07,74.99,74.1,75.18,73.22,196326,274627504.0,2.62,-0.92,-0.69,0.84,SZ000703
5344,2020-01-08,73.76,73.46,74.45,72.83,105239,146207112.0,2.19,-0.86,-0.64,0.45,SZ000703
5345,2020-01-09,73.46,72.97,73.71,72.09,137970,189884776.0,2.21,-0.67,-0.49,0.59,SZ000703
5346,2020-01-10,73.22,73.27,73.51,72.48,127386,175476807.0,1.41,0.41,0.3,0.55,SZ000703
5347,2020-01-13,73.27,74.2,74.55,72.73,144601,202748043.0,2.48,1.27,0.93,0.62,SZ000703
5348,2020-01-14,74.05,75.48,76.12,74.0,158871,226669828.0,2.86,1.73,1.28,0.68,SZ000703
5349,2020-01-15,75.43,75.04,75.87,74.45,109286,155232645.0,1.88,-0.58,-0.44,0.47,SZ000703
5350,2020-01-16,75.28,75.82,76.41,74.59,121488,174895340.0,2.43,1.04,0.78,0.52,SZ000703
5351,2020-01-17,75.97,76.46,78.13,75.58,132994,193810263.0,3.36,0.84,0.64,0.57,SZ000703
5352,2020-01-20,77.4,76.61,77.79,75.82,115028,167080307.0,2.58,0.2,0.15,0.49,SZ000703
5353,2020-01-21,76.85,74.1,76.85,73.86,149804,212422894.0,3.9,-3.28,-2.51,0.64,SZ000703
5354,2020-01-22,73.96,74.69,75.18,72.87,96137,135009874.0,3.12,0.8,0.59,0.41,SZ000703
5355,2020-01-23,74.69,72.58,74.69,70.61,146982,201029079.0,5.46,-2.83,-2.11,0.63,SZ000703
5356,2020-02-03,65.85,65.85,66.54,65.85,146484,180974145.0,0.95,-9.27,-6.73,0.63,SZ000703
5357,2020-02-04,65.01,65.41,66.19,63.69,183758,222729546.0,3.8,-0.67,-0.44,0.79,SZ000703
5358,2020-02-05,65.41,68.26,68.99,65.41,225300,285145504.0,5.47,4.36,2.85,0.97,SZ000703
5359,2020-02-06,68.8,69.29,69.68,67.86,126194,163742851.0,2.67,1.51,1.03,0.54,SZ000703
5360,2020-02-07,69.24,70.02,70.32,67.71,154009,199993753.0,3.77,1.05,0.73,0.66,SZ000703
5361,2020-02-10,70.52,69.53,70.52,68.89,133567,174597599.0,2.33,-0.7,-0.49,0.57,SZ000703
5362,2020-02-11,69.53,69.98,70.12,68.89,88543,116059577.0,1.77,0.65,0.45,0.38,SZ000703
5363,2020-02-12,69.53,70.17,70.52,68.94,99703,131209902.0,2.26,0.27,0.19,0.43,SZ000703
5364,2020-02-13,69.78,69.83,70.17,69.34,82762,108775680.0,1.18,-0.48,-0.34,0.36,SZ000703
5365,2020-02-14,69.34,69.93,70.27,69.29,53631,70592128.0,1.4,0.14,0.1,0.23,SZ000703
5366,2020-02-17,69.83,71.6,71.84,69.73,86382,116473763.0,3.02,2.39,1.67,0.37,SZ000703
5367,2020-02-18,71.6,71.01,71.74,70.27,77821,104052651.0,2.05,-0.82,-0.59,0.33,SZ000703
5368,2020-02-19,70.91,70.57,70.96,69.93,66247,88003931.0,1.45,-0.62,-0.44,0.28,SZ000703
5369,2020-02-20,70.61,70.86,71.45,69.93,88556,118046842.0,2.15,0.41,0.29,0.38,SZ000703
5370,2020-02-21,70.52,70.07,71.15,70.02,110965,147398388.0,1.59,-1.11,-0.79,0.48,SZ000703
5371,2020-02-24,70.17,69.53,71.45,69.53,172625,228604693.0,2.74,-0.77,-0.54,0.74,SZ000703
5372,2020-02-25,68.3,68.16,68.6,66.83,157302,200888603.0,2.55,-1.97,-1.37,0.67,SZ000703
5373,2020-02-26,67.47,69.78,70.22,66.88,196736,255477504.0,4.9,2.38,1.62,0.84,SZ000703
5374,2020-02-27,69.04,69.43,70.02,68.6,142680,185901036.0,2.03,-0.5,-0.35,0.61,SZ000703
5375,2020-02-28,68.3,73.02,73.91,66.98,334979,444382720.0,9.98,5.17,3.59,1.32,SZ000703
5376,2020-03-02,73.46,73.46,74.45,72.38,309410,428631056.0,2.83,0.6,0.44,1.22,SZ000703
5377,2020-03-03,73.66,73.51,74.2,72.58,226914,314890320.0,2.21,0.07,0.05,0.89,SZ000703
5378,2020-03-04,73.22,72.24,73.42,71.74,138151,188950110.0,2.29,-1.73,-1.27,0.54,SZ000703
5379,2020-03-05,72.68,73.22,73.22,71.84,138165,189826905.0,1.91,1.36,0.98,0.54,SZ000703
5380,2020-03-06,72.28,74.45,75.14,72.19,280345,392388352.0,4.03,1.68,1.23,1.1,SZ000703
5381,2020-03-09,72.48,71.84,72.48,69.53,240226,322737872.0,3.96,-3.51,-2.61,0.94,SZ000703
5382,2020-03-10,70.02,72.14,72.68,69.88,192617,260162623.0,3.9,0.42,0.3,0.76,SZ000703
5383,2020-03-11,71.89,71.74,72.33,69.68,184264,245891363.0,3.67,-0.55,-0.4,0.72,SZ000703
5384,2020-03-12,70.37,71.65,71.74,69.09,130828,173863912.0,3.69,-0.13,-0.09,0.51,SZ000703
5385,2020-03-13,69.09,71.35,71.35,67.47,106648,139911612.0,5.42,-0.42,-0.3,0.42,SZ000703
5386,2020-03-16,70.61,70.02,71.01,69.14,90213,119159746.0,2.62,-1.86,-1.33,0.35,SZ000703
5387,2020-03-17,69.43,69.78,70.02,67.57,109627,142518648.0,3.5,-0.34,-0.24,0.43,SZ000703
5388,2020-03-18,69.68,67.08,70.12,67.08,108330,140201437.0,4.36,-3.87,-2.7,0.43,SZ000703
5389,2020-03-19,66.58,63.24,66.58,60.93,255216,300377872.0,8.42,-5.72,-3.84,1.0,SZ000703
5390,2020-03-20,62.95,63.64,64.28,61.82,119276,140524127.0,3.89,0.63,0.4,0.47,SZ000703
5391,2020-03-23,63.64,62.26,63.64,61.13,102765,119151600.0,3.94,-2.17,-1.38,0.4,SZ000703
5392,2020-03-24,62.9,62.21,63.1,61.03,75442,87393404.0,3.32,-0.08,-0.05,0.3,SZ000703
5393,2020-03-25,62.41,62.85,63.14,62.06,82806,96796430.0,1.74,1.03,0.64,0.33,SZ000703
5394,2020-03-26,62.6,62.26,62.7,61.82,76530,88748949.0,1.4,-0.94,-0.59,0.3,SZ000703
5395,2020-03-27,62.41,62.51,63.39,62.06,90180,105281982.0,2.14,0.4,0.25,0.35,SZ000703
5396,2020-03-30,64.03,63.0,65.95,62.85,185486,221424465.0,4.96,0.78,0.49,0.73,SZ000703
5397,2020-03-31,63.83,66.58,66.58,62.8,241094,292125888.0,6.0,5.68,3.58,0.95,SZ000703
5398,2020-04-01,65.85,63.49,65.95,63.49,160759,195040610.0,3.69,-4.64,-3.09,0.63,SZ000703
5399,2020-04-02,62.75,63.78,64.52,62.16,156922,185376691.0,3.72,0.46,0.29,0.62,SZ000703
5400,2020-04-03,63.69,62.9,63.93,62.85,71088,84020617.0,1.69,-1.38,-0.88,0.28,SZ000703
5401,2020-04-07,63.69,64.67,65.31,63.39,136874,164893143.0,3.05,2.81,1.77,0.54,SZ000703
5402,2020-04-08,64.37,64.37,65.36,64.08,84977,102803437.0,1.98,-0.46,-0.3,0.33,SZ000703
5403,2020-04-09,64.57,64.03,64.86,63.69,82679,99117539.0,1.82,-0.53,-0.34,0.32,SZ000703
5404,2020-04-10,63.59,62.65,63.73,62.31,91181,107165693.0,2.22,-2.16,-1.38,0.36,SZ000703
5405,2020-04-13,62.9,63.05,63.59,62.56,100327,118072325.0,1.64,0.64,0.4,0.39,SZ000703
5406,2020-04-14,63.0,63.44,63.69,62.8,93685,110749055.0,1.41,0.62,0.39,0.37,SZ000703
5407,2020-04-15,63.39,62.9,63.93,62.46,96604,113917750.0,2.32,-0.85,-0.54,0.38,SZ000703
5408,2020-04-16,62.51,63.24,63.59,62.16,89384,104988192.0,2.27,0.54,0.34,0.35,SZ000703
5409,2020-04-17,63.59,64.08,64.37,63.24,130439,155734311.0,1.79,1.33,0.84,0.51,SZ000703
5410,2020-04-20,64.13,64.52,64.82,63.29,104954,125861962.0,2.39,0.69,0.44,0.41,SZ000703
5411,2020-04-21,64.18,63.39,64.18,62.56,104621,123680135.0,2.51,-1.75,-1.13,0.41,SZ000703
5412,2020-04-22,62.65,63.64,63.78,62.46,82455,97681637.0,2.08,0.39,0.25,0.32,SZ000703
5413,2020-04-23,63.88,64.62,65.16,63.78,134436,162504733.0,2.17,1.54,0.98,0.53,SZ000703
5414,2020-04-24,64.72,64.13,64.77,63.64,83915,100585146.0,1.75,-0.76,-0.49,0.33,SZ000703
5415,2020-04-27,64.32,63.14,65.21,62.6,141968,168751307.0,4.07,-1.54,-0.99,0.56,SZ000703
5416,2020-04-28,63.93,62.36,64.13,61.47,116197,135550948.0,4.21,-1.24,-0.78,0.46,SZ000703
5417,2020-04-29,62.11,63.44,63.54,61.97,92498,108454618.0,2.52,1.73,1.08,0.36,SZ000703
5418,2020-04-30,63.73,65.55,65.75,63.64,156297,189278434.0,3.33,3.33,2.11,0.61,SZ000703
5419,2020-05-06,64.72,65.31,65.85,64.42,107209,130868957.0,2.18,-0.37,-0.24,0.42,SZ000703
5420,2020-05-07,65.75,64.57,65.75,64.42,86278,104966985.0,2.04,-1.13,-0.74,0.34,SZ000703
5421,2020-05-08,64.86,65.16,65.41,64.23,101149,123177650.0,1.83,0.91,0.59,0.4,SZ000703
5422,2020-05-11,65.21,65.41,66.39,65.06,86819,106827534.0,2.04,0.38,0.25,0.34,SZ000703
5423,2020-05-12,65.36,64.72,65.41,64.32,56453,68453812.0,1.67,-1.05,-0.69,0.22,SZ000703
5424,2020-05-13,64.23,65.01,65.21,64.23,48717,59079288.0,1.51,0.45,0.29,0.19,SZ000703
5425,2020-05-14,64.82,64.42,64.82,64.32,45448,54906275.0,0.77,-0.91,-0.59,0.18,SZ000703
5426,2020-05-15,64.67,64.03,64.77,64.03,63991,76918544.0,1.15,-0.61,-0.39,0.25,SZ000703
5427,2020-05-18,64.13,63.93,64.57,63.78,55469,66615443.0,1.23,-0.16,-0.1,0.22,SZ000703
5428,2020-05-19,64.47,64.52,65.16,64.23,53793,65051930.0,1.45,0.92,0.59,0.21,SZ000703
5429,2020-05-20,64.37,64.42,64.77,64.03,55135,66519584.0,1.15,-0.15,-0.1,0.22,SZ000703
5430,2020-05-21,65.06,65.11,66.0,64.77,101842,124933032.0,1.91,1.07,0.69,0.4,SZ000703
5431,2020-05-22,65.21,64.08,65.26,63.78,56573,68320518.0,2.27,-1.58,-1.03,0.22,SZ000703
5432,2020-05-25,64.03,64.42,64.52,63.83,38792,46587074.0,1.08,0.53,0.34,0.15,SZ000703
5433,2020-05-26,64.62,64.86,65.06,64.18,52156,63184876.0,1.37,0.68,0.44,0.2,SZ000703
5434,2020-05-27,64.67,64.86,65.5,64.62,82928,100971895.0,1.36,0.0,0.0,0.33,SZ000703
5435,2020-05-28,64.94,65.19,65.58,64.04,132896,120448690.0,2.37,0.51,0.33,0.4,SZ000703
5436,2020-05-29,65.0,65.58,65.58,64.68,97670,88703058.0,1.38,0.6,0.39,0.3,SZ000703
5437,2020-06-01,65.9,66.15,66.41,65.51,114255,105366635.0,1.37,0.87,0.57,0.35,SZ000703
5438,2020-06-02,66.28,66.79,67.05,65.96,123348,114731084.0,1.65,0.97,0.64,0.37,SZ000703
5439,2020-06-03,67.11,66.54,68.2,66.54,166452,157147439.0,2.49,-0.37,-0.25,0.5,SZ000703
5440,2020-06-04,66.85,66.54,67.49,66.15,73691,68581066.0,2.01,0.0,0.0,0.22,SZ000703
5441,2020-06-05,66.54,65.77,66.54,65.51,82730,76077186.0,1.55,-1.16,-0.77,0.25,SZ000703
5442,2020-06-08,66.34,66.41,67.17,66.28,92860,86497418.0,1.35,0.97,0.64,0.28,SZ000703
5443,2020-06-09,66.66,67.17,67.62,66.34,130600,122368558.0,1.93,1.14,0.76,0.39,SZ000703
5444,2020-06-10,66.92,67.75,67.88,66.6,116986,110077513.0,1.91,0.86,0.58,0.35,SZ000703
5445,2020-06-11,67.69,66.98,67.75,66.41,113737,106795117.0,1.98,-1.14,-0.77,0.34,SZ000703
5446,2020-06-12,65.9,66.15,66.92,65.58,85537,79185336.0,2.0,-1.24,-0.83,0.26,SZ000703
5447,2020-06-15,66.22,65.45,66.79,65.45,77040,71061024.0,2.03,-1.06,-0.7,0.23,SZ000703
5448,2020-06-16,65.96,65.77,66.15,65.51,101292,93085931.0,0.98,0.49,0.32,0.31,SZ000703
5449,2020-06-17,65.77,65.07,65.9,64.49,136629,123986252.0,2.14,-1.06,-0.7,0.41,SZ000703
5450,2020-06-18,65.07,65.0,65.26,64.68,150268,136124166.0,0.89,-0.11,-0.07,0.45,SZ000703
5451,2020-06-19,65.13,65.07,65.39,64.68,134749,122127024.0,1.09,0.11,0.07,0.41,SZ000703
5452,2020-06-22,64.75,64.36,65.0,64.24,137949,124070673.0,1.17,-1.09,-0.71,0.42,SZ000703
5453,2020-06-23,64.49,63.72,64.62,63.53,94823,84334063.0,1.69,-0.99,-0.64,0.29,SZ000703
5454,2020-06-24,64.11,64.17,64.56,63.98,87776,78504564.0,0.91,0.71,0.45,0.26,SZ000703
5455,2020-06-29,63.92,63.41,63.92,63.15,93248,82118518.0,1.2,-1.18,-0.76,0.28,SZ000703
5456,2020-06-30,63.66,65.45,65.71,63.47,145331,130453124.0,3.53,3.22,2.04,0.44,SZ000703
5457,2020-07-01,65.07,64.94,65.26,64.56,105819,95538516.0,1.07,-0.78,-0.51,0.32,SZ000703
5458,2020-07-02,65.0,65.77,66.02,64.87,179948,164856602.0,1.77,1.28,0.83,0.54,SZ000703
5459,2020-07-03,66.15,67.37,67.75,65.96,204307,191802476.0,2.72,2.43,1.6,0.62,SZ000703
5460,2020-07-06,67.81,70.43,70.62,67.81,386949,378854464.0,4.17,4.54,3.06,1.17,SZ000703
5461,2020-07-07,70.56,70.88,72.28,69.54,281351,281937696.0,3.89,0.64,0.45,0.85,SZ000703
5462,2020-07-08,70.5,70.69,71.33,69.41,269234,266082783.0,2.71,-0.27,-0.19,0.81,SZ000703
5463,2020-07-09,70.69,71.77,72.09,70.3,222853,223907208.0,2.53,1.53,1.08,0.67,SZ000703
5464,2020-07-10,71.77,72.28,73.5,71.2,229290,235095384.0,3.2,0.71,0.51,0.69,SZ000703
5465,2020-07-13,72.28,73.56,73.95,71.77,250417,257898243.0,3.02,1.77,1.28,0.76,SZ000703
5466,2020-07-14,73.37,71.45,73.37,70.56,273674,276262336.0,3.82,-2.87,-2.11,0.83,SZ000703
5467,2020-07-15,71.01,70.37,71.97,70.3,190814,191215717.0,2.34,-1.51,-1.08,0.58,SZ000703
5468,2020-07-16,70.37,68.64,72.16,68.2,268307,265838811.0,5.63,-2.46,-1.73,0.81,SZ000703
5469,2020-07-17,68.77,69.73,70.56,68.77,178535,175152897.0,2.61,1.59,1.09,0.54,SZ000703
5470,2020-07-20,71.01,72.86,73.69,70.37,381270,390070704.0,4.76,4.49,3.13,1.15,SZ000703
5471,2020-07-21,72.86,71.33,73.12,70.82,275326,278182416.0,3.16,-2.1,-1.53,0.83,SZ000703
5472,2020-07-22,71.84,74.97,75.1,71.07,503818,519846576.0,5.65,5.1,3.64,1.52,SZ000703
5473,2020-07-23,73.56,77.46,77.46,72.99,454150,479914016.0,5.96,3.32,2.49,1.37,SZ000703
5474,2020-07-24,76.12,74.33,77.4,72.92,362447,386601808.0,5.78,-4.04,-3.13,1.09,SZ000703
5475,2020-07-27,74.33,71.71,74.97,71.33,292150,299332208.0,4.9,-3.52,-2.62,0.88,SZ000703
5476,2020-07-28,72.09,70.75,72.8,70.3,204803,205228743.0,3.49,-1.34,-0.96,0.62,SZ000703
5477,2020-07-29,70.88,71.71,72.03,69.92,177305,178151511.0,2.98,1.36,0.96,0.53,SZ000703
5478,2020-07-30,71.77,71.77,73.05,71.07,153433,155473620.0,2.76,0.08,0.06,0.46,SZ000703
5479,2020-07-31,71.33,71.97,72.86,71.14,178213,181119190.0,2.4,0.28,0.2,0.54,SZ000703
5480,2020-08-03,72.28,72.41,72.6,71.71,237742,241906420.0,1.24,0.61,0.44,0.72,SZ000703
5481,2020-08-04,72.48,74.27,75.93,72.22,439514,461696576.0,5.12,2.57,1.86,1.33,SZ000703
5482,2020-08-05,74.71,78.35,78.99,73.31,658803,719685408.0,7.65,5.49,4.08,1.99,SZ000703
5483,2020-08-06,78.03,76.88,80.59,75.48,634646,698928064.0,6.52,-1.88,-1.47,1.91,SZ000703
5484,2020-08-07,77.4,76.44,77.65,75.67,312798,340910304.0,2.58,-0.57,-0.44,0.94,SZ000703
5485,2020-08-10,76.25,76.31,77.08,75.8,224152,243460046.0,1.67,-0.17,-0.13,0.68,SZ000703
5486,2020-08-11,75.93,74.27,76.88,74.01,296769,317254848.0,3.76,-2.67,-2.04,0.9,SZ000703
5487,2020-08-12,73.75,72.28,74.9,71.01,340078,347238672.0,5.24,-2.68,-1.99,1.03,SZ000703
5488,2020-08-13,72.54,72.86,73.18,72.03,150531,154438780.0,1.59,0.8,0.58,0.45,SZ000703
5489,2020-08-14,72.73,73.12,73.43,72.28,126582,130068936.0,1.58,0.36,0.26,0.38,SZ000703
5490,2020-08-17,73.43,76.63,77.4,73.24,382601,412773888.0,5.69,4.8,3.51,1.15,SZ000703
5491,2020-08-18,77.33,78.48,78.99,76.88,587346,651687648.0,2.75,2.41,1.85,1.77,SZ000703
5492,2020-08-19,78.48,80.33,82.44,77.59,526444,603785088.0,6.18,2.36,1.85,1.59,SZ000703
5493,2020-08-20,79.7,78.48,80.14,77.78,302090,337731248.0,2.94,-2.3,-1.85,0.91,SZ000703
5494,2020-08-21,79.63,77.01,79.82,76.44,314220,346393920.0,4.31,-1.87,-1.47,0.95,SZ000703
5495,2020-08-24,77.71,77.08,79.06,76.88,216346,238931527.0,2.83,0.09,0.07,0.65,SZ000703
5496,2020-08-25,77.71,77.59,80.14,77.27,338446,378502544.0,3.72,0.66,0.51,1.02,SZ000703
5497,2020-08-26,77.65,76.37,78.29,75.8,224224,245031488.0,3.21,-1.57,-1.22,0.68,SZ000703
5498,2020-08-27,77.2,78.42,78.61,76.37,233279,256900844.0,2.93,2.68,2.05,0.7,SZ000703
5499,2020-08-28,79.06,80.91,81.16,78.93,434481,497725936.0,2.84,3.18,2.49,1.31,SZ000703
5500,2020-08-31,85.51,86.66,88.32,83.78,949383,1183997888.0,5.61,7.11,5.75,2.86,SZ000703
5501,2020-09-01,85.96,86.66,87.87,85.57,498100,618558224.0,2.65,0.0,0.0,1.5,SZ000703
5502,2020-09-02,87.3,85.7,87.94,85.57,376013,467440976.0,2.73,-1.11,-0.96,1.13,SZ000703
5503,2020-09-03,86.21,85.83,86.79,85.19,256721,316694384.0,1.87,0.15,0.13,0.77,SZ000703
5504,2020-09-04,84.49,84.74,85.38,83.72,296949,359614688.0,1.93,-1.27,-1.09,0.9,SZ000703
5505,2020-09-07,84.74,83.02,86.72,82.83,318163,384745616.0,4.59,-2.03,-1.72,0.96,SZ000703
5506,2020-09-08,83.02,83.78,84.04,82.19,204761,244692118.0,2.23,0.92,0.76,0.62,SZ000703
5507,2020-09-09,82.38,82.25,83.02,80.65,226065,264560980.0,2.83,-1.83,-1.53,0.68,SZ000703
5508,2020-09-10,82.83,82.31,83.53,81.23,200295,236258499.0,2.8,0.07,0.06,0.6,SZ000703
5509,2020-09-11,82.25,82.25,82.83,80.59,183370,214045532.0,2.72,-0.07,-0.06,0.55,SZ000703
5510,2020-09-14,82.83,81.48,84.1,80.97,289015,341022512.0,3.81,-0.94,-0.77,0.87,SZ000703
5511,2020-09-15,81.48,83.78,83.91,79.76,337351,395952064.0,5.09,2.82,2.3,1.02,SZ000703
5512,2020-09-16,84.04,81.04,84.23,80.59,396977,468102992.0,4.34,-3.27,-2.74,1.2,SZ000703
5513,2020-09-17,81.36,82.25,82.57,79.95,254717,297768272.0,3.23,1.49,1.21,0.77,SZ000703
5514,2020-09-18,82.19,82.57,83.78,81.23,315643,374473360.0,3.1,0.39,0.32,0.95,SZ000703
5515,2020-09-21,83.34,82.51,83.72,81.8,163963,193971951.0,2.33,-0.07,-0.06,0.49,SZ000703
5516,2020-09-22,81.36,78.55,81.87,78.42,270337,307632688.0,4.18,-4.8,-3.96,0.82,SZ000703
5517,2020-09-23,79.25,78.23,79.38,77.59,117672,131151079.0,2.28,-0.41,-0.32,0.35,SZ000703
5518,2020-09-24,77.65,75.54,78.23,75.54,198131,214781910.0,3.44,-3.44,-2.69,0.6,SZ000703
5519,2020-09-25,76.05,74.65,76.37,74.14,160590,170457088.0,2.95,-1.18,-0.89,0.48,SZ000703
5520,2020-09-28,74.84,74.14,75.8,73.82,118158,124981913.0,2.65,-0.68,-0.51,0.36,SZ000703
5521,2020-09-29,74.84,74.14,75.16,73.56,115579,121631138.0,2.16,0.0,0.0,0.35,SZ000703
5522,2020-09-30,74.27,73.43,74.84,72.67,163037,169867731.0,2.93,-0.96,-0.71,0.49,SZ000703
5523,2020-10-09,74.84,76.76,76.88,73.82,272423,291962208.0,4.17,4.53,3.33,0.82,SZ000703
5524,2020-10-12,76.5,80.21,80.4,76.05,392302,438580464.0,5.67,4.49,3.45,1.18,SZ000703
5525,2020-10-13,80.53,80.59,80.91,78.67,185917,212356970.0,2.79,0.47,0.38,0.56,SZ000703
5526,2020-10-14,80.97,81.55,82.7,80.53,328353,381496912.0,2.69,1.19,0.96,0.99,SZ000703
5527,2020-10-15,81.55,80.78,82.06,80.59,228498,265156696.0,1.8,-0.94,-0.77,0.69,SZ000703
5528,2020-10-16,80.97,80.27,81.74,79.63,226716,260238996.0,2.61,-0.63,-0.51,0.68,SZ000703
5529,2020-10-19,80.72,82.19,83.27,80.72,327809,386346672.0,3.18,2.39,1.92,0.99,SZ000703
5530,2020-10-20,82.19,81.87,83.08,80.85,251690,293435712.0,2.71,-0.39,-0.32,0.76,SZ000703
5531,2020-10-21,81.8,82.63,83.02,80.65,356088,415589664.0,2.89,0.93,0.76,1.07,SZ000703
5532,2020-10-22,81.93,82.76,83.4,81.48,191157,225864226.0,2.32,0.16,0.13,0.58,SZ000703
5533,2020-10-23,82.76,83.78,85.64,82.63,338438,409122448.0,3.64,1.23,1.02,1.02,SZ000703
5534,2020-10-26,83.08,83.21,83.78,79.82,320949,375274864.0,4.73,-0.68,-0.57,0.97,SZ000703
5535,2020-10-27,82.19,81.29,82.83,80.53,293385,341491648.0,2.76,-2.31,-1.92,0.89,SZ000703
5536,2020-10-28,81.23,82.95,83.4,81.1,322800,379872928.0,2.83,2.04,1.66,0.97,SZ000703
5537,2020-10-29,81.87,82.06,82.95,80.85,344251,402461200.0,2.53,-1.07,-0.89,1.04,SZ000703
5538,2020-10-30,82.19,80.72,82.76,79.95,229445,265518995.0,3.42,-1.63,-1.34,0.69,SZ000703
5539,2020-11-02,80.27,82.7,82.95,79.44,418828,491117440.0,4.35,2.45,1.98,1.26,SZ000703
5540,2020-11-03,82.63,84.49,85.25,82.06,338984,405588192.0,3.86,2.16,1.79,1.02,SZ000703
5541,2020-11-04,84.23,86.85,87.04,83.91,616063,760092592.0,3.7,2.79,2.36,1.86,SZ000703
5542,2020-11-05,86.79,85.32,87.55,84.29,406400,499182320.0,3.75,-1.76,-1.53,1.23,SZ000703
5543,2020-11-06,85.38,86.47,87.42,84.1,404227,497101792.0,3.89,1.35,1.15,1.22,SZ000703
5544,2020-11-09,86.66,86.79,87.3,85.51,461080,572385936.0,2.07,0.37,0.32,1.39,SZ000703
5545,2020-11-10,87.49,87.81,90.24,86.53,817421,1040331568.0,4.27,1.18,1.02,2.47,SZ000703
5546,2020-11-11,87.04,89.02,89.21,86.15,855687,1081157568.0,3.48,1.38,1.21,2.58,SZ000703
5547,2020-11-12,88.32,92.73,93.69,88.32,906606,1190310160.0,6.03,4.17,3.71,2.74,SZ000703
5548,2020-11-13,92.79,96.5,96.56,91.51,880980,1196504640.0,5.45,4.07,3.77,2.66,SZ000703
5549,2020-11-16,96.88,98.86,99.43,94.84,1360124,1920908640.0,4.76,2.45,2.36,4.1,SZ000703
5550,2020-11-17,98.03,97.71,99.75,95.35,798725,1122758640.0,4.45,-1.16,-1.15,2.41,SZ000703
5551,2020-11-18,96.56,94.9,98.09,94.52,727661,1010226624.0,3.65,-2.88,-2.81,2.2,SZ000703
5552,2020-11-19,94.45,93.62,96.37,92.79,631199,863037248.0,3.77,-1.35,-1.28,1.91,SZ000703
5553,2020-11-20,94.32,94.39,96.3,93.24,893044,1219413136.0,3.27,0.82,0.77,2.7,SZ000703
5554,2020-11-23,94.96,93.37,96.56,93.37,728892,1002456464.0,3.38,-1.08,-1.02,2.2,SZ000703
5555,2020-11-24,92.34,93.17,94.13,90.94,470546,630570832.0,3.42,-0.21,-0.2,1.42,SZ000703
5556,2020-11-25,94.2,91.39,96.24,89.98,653263,873069472.0,6.72,-1.91,-1.78,1.97,SZ000703
5557,2020-11-26,91.07,90.81,91.71,87.68,407718,527714960.0,4.41,-0.63,-0.58,1.23,SZ000703
5558,2020-11-27,90.81,89.6,91.19,88.77,193701,250039851.0,2.66,-1.33,-1.21,0.58,SZ000703
5559,2020-11-30,90.68,88.26,91.13,88.26,339825,440204864.0,3.2,-1.5,-1.34,1.03,SZ000703
5560,2020-12-01,88.7,90.3,90.62,87.94,335520,431551504.0,3.04,2.31,2.04,1.01,SZ000703
5561,2020-12-02,90.24,88.89,90.81,88.32,301649,386794576.0,2.76,-1.56,-1.41,0.91,SZ000703
5562,2020-12-03,89.34,88.45,89.53,88.32,170078,217419445.0,1.36,-0.49,-0.44,0.51,SZ000703
5563,2020-12-04,88.89,90.3,90.62,88.26,248771,321010704.0,2.67,2.09,1.85,0.75,SZ000703
5564,2020-12-07,90.3,88.51,90.56,87.49,294731,376170944.0,3.4,-1.98,-1.79,0.89,SZ000703
5565,2020-12-08,87.62,87.55,88.13,85.7,326826,407363552.0,2.75,-1.08,-0.96,0.99,SZ000703
5566,2020-12-09,86.98,86.98,87.68,86.4,172232,215420171.0,1.46,-0.65,-0.57,0.52,SZ000703
5567,2020-12-10,86.15,86.47,87.3,85.57,143860,178840181.0,1.99,-0.59,-0.51,0.43,SZ000703
5568,2020-12-11,87.3,87.17,88.7,86.21,243373,305986960.0,2.88,0.81,0.7,0.73,SZ000703
5569,2020-12-14,86.66,87.74,88.45,86.08,201608,253388116.0,2.72,0.65,0.57,0.61,SZ000703
5570,2020-12-15,87.87,86.85,87.94,85.76,201555,250737250.0,2.48,-1.01,-0.89,0.61,SZ000703
5571,2020-12-16,86.53,88.45,89.21,86.4,440925,558425584.0,3.24,1.84,1.6,1.33,SZ000703
5572,2020-12-17,87.94,89.15,90.17,87.87,320960,411342912.0,2.6,0.79,0.7,0.97,SZ000703
5573,2020-12-18,89.15,88.19,89.66,86.21,534380,673474496.0,3.87,-1.08,-0.96,1.61,SZ000703
5574,2020-12-21,87.62,86.28,89.47,85.96,276176,344599920.0,3.98,-2.17,-1.91,0.83,SZ000703
5575,2020-12-22,86.02,83.78,86.08,81.16,578611,690795888.0,5.7,-2.9,-2.5,1.75,SZ000703
5576,2020-12-23,83.08,81.99,83.14,81.36,244204,286523376.0,2.12,-2.14,-1.79,0.74,SZ000703
5577,2020-12-24,82.44,83.08,83.85,81.29,218437,258541066.0,3.12,1.33,1.09,0.66,SZ000703
5578,2020-12-25,83.21,83.21,83.91,81.61,217710,257965106.0,2.77,0.16,0.13,0.66,SZ000703
5579,2020-12-28,83.66,82.38,85.06,82.38,222504,266095197.0,3.22,-1.0,-0.83,0.67,SZ000703
5580,2020-12-29,82.38,82.83,83.34,81.68,271362,320484288.0,2.02,0.55,0.45,0.82,SZ000703
5581,2020-12-30,82.83,85.38,85.51,82.38,279052,336222448.0,3.78,3.08,2.55,0.84,SZ000703
5582,2020-12-31,84.68,88.89,89.21,84.61,459980,575623120.0,5.39,4.11,3.51,1.39,SZ000703
5583,2021-01-04,88.89,88.26,88.96,87.3,251208,318767152.0,1.87,-0.71,-0.63,0.76,SZ000703
5584,2021-01-05,88.26,90.81,91.45,87.68,421622,547397072.0,4.27,2.89,2.55,1.27,SZ000703
5585,2021-01-06,91.19,91.32,92.73,90.43,337006,444630544.0,2.53,0.56,0.51,1.02,SZ000703
5586,2021-01-07,91.71,90.17,92.98,89.53,408593,537132848.0,3.78,-1.26,-1.15,1.23,SZ000703
5587,2021-01-08,89.66,89.92,90.56,88.57,250403,323518816.0,2.21,-0.28,-0.25,0.76,SZ000703
5588,2021-01-11,90.17,91.39,93.75,90.11,410044,547254656.0,4.05,1.63,1.47,1.24,SZ000703
5589,2021-01-12,91.58,92.85,93.3,90.94,328006,436987744.0,2.58,1.6,1.46,0.99,SZ000703
5590,2021-01-13,93.24,93.05,95.79,91.77,439783,597393952.0,4.33,0.22,0.2,1.33,SZ000703
5591,2021-01-14,91.58,89.66,91.71,87.81,454717,589304448.0,4.19,-3.64,-3.39,1.37,SZ000703
5592,2021-01-15,89.66,89.85,91.07,88.38,236927,305923216.0,3.0,0.21,0.19,0.72,SZ000703
5593,2021-01-18,89.6,96.5,96.56,88.96,653748,892212480.0,8.46,7.4,6.65,1.94,SZ000703
5594,2021-01-19,96.56,97.77,100.07,95.09,670369,956113600.0,5.16,1.32,1.27,1.98,SZ000703
5595,2021-01-20,97.77,96.5,98.48,95.67,331605,465568000.0,2.87,-1.3,-1.27,0.98,SZ000703
5596,2021-01-21,96.24,102.05,103.91,96.18,904783,1340144848.0,8.01,5.75,5.55,2.68,SZ000703
5597,2021-01-22,101.86,100.65,102.12,98.54,671189,977205504.0,3.51,-1.37,-1.4,1.99,SZ000703
5598,2021-01-25,101.54,100.58,104.55,99.88,632303,942239440.0,4.64,-0.07,-0.07,1.87,SZ000703
5599,2021-01-26,100.07,95.99,100.9,95.67,585780,828119312.0,5.2,-4.56,-4.59,1.73,SZ000703
5600,2021-01-27,96.11,93.43,97.2,91.77,676947,917668272.0,5.66,-2.67,-2.56,2.0,SZ000703
5601,2021-01-28,91.45,89.47,93.17,88.06,655774,852394912.0,5.47,-4.24,-3.96,1.94,SZ000703
5602,2021-01-29,89.72,90.11,90.3,87.3,473391,608298096.0,3.35,0.72,0.64,1.4,SZ000703
5603,2021-02-01,90.17,97.58,98.41,89.53,743388,1021187104.0,9.85,8.29,7.47,2.2,SZ000703
5604,2021-02-02,98.03,100.46,101.93,95.6,764408,1099285408.0,6.49,2.95,2.88,2.26,SZ000703
5605,2021-02-03,100.52,100.39,103.08,99.12,620517,915354496.0,3.94,-0.07,-0.07,1.84,SZ000703
5606,2021-02-04,100.46,101.48,104.1,97.52,825567,1216532384.0,6.55,1.09,1.09,2.44,SZ000703
5607,2021-02-05,103.91,99.56,104.86,97.71,760737,1114504096.0,7.05,-1.89,-1.92,2.25,SZ000703
5608,2021-02-08,100.39,103.97,106.72,99.31,1136198,1718260416.0,7.44,4.43,4.41,3.36,SZ000703
5609,2021-02-09,104.93,109.85,109.85,103.52,1344375,2099661264.0,6.09,5.66,5.88,3.98,SZ000703
5610,2021-02-10,109.98,112.98,114.38,108.06,1154485,1886874544.0,5.75,2.85,3.13,3.42,SZ000703
5611,2021-02-18,121.47,120.58,123.58,118.15,2076577,3719463200.0,4.81,6.73,7.6,6.15,SZ000703
5612,2021-02-19,121.15,120.52,124.92,116.49,1583751,2817739968.0,6.99,-0.05,-0.06,4.69,SZ000703
5613,2021-02-22,124.03,130.42,131.89,122.3,1813181,3461619584.0,7.96,8.21,9.9,5.37,SZ000703
5614,2021-02-23,129.71,131.06,133.55,126.65,1208606,2329065200.0,5.29,0.49,0.64,3.58,SZ000703
5615,2021-02-24,129.4,127.42,137.13,124.03,1335525,2586299600.0,10.0,-2.78,-3.64,3.95,SZ000703
5616,2021-02-25,133.42,131.89,136.17,129.84,1177672,2321890672.0,4.97,3.51,4.47,3.49,SZ000703
5617,2021-02-26,124.67,121.92,126.14,119.43,1190866,2151863904.0,5.09,-7.56,-9.97,3.52,SZ000703
5618,2021-03-01,123.84,124.67,128.56,122.75,769392,1424347328.0,4.77,2.26,2.75,2.28,SZ000703
5619,2021-03-02,123.65,117.96,124.09,115.66,1234591,2166516304.0,6.76,-5.38,-6.71,3.65,SZ000703
5620,2021-03-03,118.22,117.26,119.56,115.66,728777,1253189008.0,3.31,-0.59,-0.7,2.16,SZ000703
5621,2021-03-04,117.64,114.0,117.77,111.44,807258,1353849744.0,5.4,-2.78,-3.26,2.39,SZ000703
5622,2021-03-05,114.57,116.3,119.75,111.32,829067,1410825584.0,7.39,2.02,2.3,2.45,SZ000703
5623,2021-03-08,119.62,116.24,120.45,113.55,768856,1328594032.0,5.93,-0.05,-0.06,2.28,SZ000703
5624,2021-03-09,112.85,107.29,113.42,105.31,863426,1375182880.0,6.98,-7.7,-8.95,2.56,SZ000703
5625,2021-03-10,109.98,105.25,110.29,104.86,442510,691346432.0,5.06,-1.9,-2.04,1.31,SZ000703
5626,2021-03-11,106.08,109.4,111.13,105.5,476590,760288912.0,5.35,3.94,4.15,1.41,SZ000703
5627,2021-03-12,109.34,109.91,110.81,107.1,390704,623629728.0,3.39,0.47,0.51,1.16,SZ000703
5628,2021-03-15,109.14,107.1,109.53,105.57,379885,596723152.0,3.6,-2.56,-2.81,1.12,SZ000703
5629,2021-03-16,108.19,106.85,108.38,104.55,274557,426181248.0,3.58,-0.23,-0.25,0.81,SZ000703
5630,2021-03-17,106.59,108.83,111.51,105.63,396948,636227584.0,5.5,1.85,1.98,1.17,SZ000703
5631,2021-03-18,111.89,114.83,116.94,111.44,676580,1135855840.0,5.05,5.51,6.0,2.0,SZ000703
5632,2021-03-19,111.96,110.55,112.02,109.98,428566,697163056.0,1.78,-3.73,-4.28,1.27,SZ000703
5633,2021-03-22,110.04,109.4,112.02,107.55,291471,467591088.0,4.04,-1.04,-1.15,0.86,SZ000703
5634,2021-03-23,109.21,104.23,109.53,101.99,473515,725795456.0,6.89,-4.73,-5.17,1.4,SZ000703
5635,2021-03-24,102.44,95.6,102.57,95.09,702427,995294848.0,7.18,-8.28,-8.63,2.08,SZ000703
5636,2021-03-25,96.56,98.28,100.9,95.92,488494,698376592.0,5.21,2.8,2.68,1.45,SZ000703
5637,2021-03-26,98.35,99.88,101.67,95.67,474586,678344896.0,6.11,1.63,1.6,1.4,SZ000703
5638,2021-03-29,100.78,102.12,103.91,98.86,424700,628522112.0,5.06,2.24,2.24,1.26,SZ000703
5639,2021-03-30,101.8,103.2,105.12,100.71,402156,604820608.0,4.32,1.06,1.08,1.19,SZ000703
5640,2021-03-31,102.82,100.71,102.88,99.75,389443,569686848.0,3.03,-2.41,-2.49,1.15,SZ000703
5641,2021-04-01,100.33,102.31,103.91,99.5,316794,470211904.0,4.38,1.59,1.6,0.93,SZ000703
5642,2021-04-02,105.25,100.58,105.63,100.27,465955,693238832.0,5.24,-1.69,-1.73,1.38,SZ000703
5643,2021-04-06,101.22,98.99,101.73,98.09,373018,537630160.0,3.62,-1.58,-1.59,1.1,SZ000703
5644,2021-04-07,99.43,100.58,100.58,98.48,494244,713462464.0,2.12,1.61,1.59,1.46,SZ000703
5645,2021-04-08,99.5,99.82,101.03,98.48,301137,436966784.0,2.54,-0.76,-0.76,0.89,SZ000703
5646,2021-04-09,99.5,100.07,100.46,97.2,388266,558090512.0,3.27,0.25,0.25,1.15,SZ000703
5647,2021-04-12,99.69,92.98,100.07,92.54,580707,796727168.0,7.52,-7.09,-7.09,1.71,SZ000703
5648,2021-04-13,94.96,91.9,94.96,91.32,366586,489662304.0,3.91,-1.16,-1.08,1.08,SZ000703
5649,2021-04-14,91.9,92.34,93.05,91.19,262867,349859552.0,2.02,0.48,0.44,0.78,SZ000703
5650,2021-04-15,92.28,92.34,92.85,90.17,294106,387194272.0,2.9,0.0,0.0,0.87,SZ000703
5651,2021-04-16,92.09,90.24,92.15,88.64,562964,730184448.0,3.8,-2.27,-2.1,1.66,SZ000703
5652,2021-04-19,89.6,90.94,91.71,88.0,466628,608422080.0,4.11,0.78,0.7,1.38,SZ000703
5653,2021-04-20,88.96,91.58,92.92,87.68,1364128,1765606832.0,5.76,0.7,0.64,4.03,SZ000703
5654,2021-04-21,90.36,91.26,91.83,88.13,691438,898955840.0,4.04,-0.35,-0.32,2.04,SZ000703
5655,2021-04-22,91.39,91.19,93.17,89.85,429593,567547344.0,3.64,-0.08,-0.07,1.27,SZ000703
5656,2021-04-23,90.75,92.02,92.41,90.3,388725,513982064.0,2.31,0.91,0.83,1.15,SZ000703
5657,2021-04-26,91.9,93.24,95.22,91.9,579996,786980816.0,3.61,1.33,1.22,1.71,SZ000703
5658,2021-04-27,92.66,93.3,93.56,90.43,484637,646411456.0,3.36,0.06,0.06,1.43,SZ000703
5659,2021-04-28,93.49,93.49,93.88,92.15,283211,380953312.0,1.85,0.2,0.19,0.84,SZ000703
5660,2021-04-29,93.17,93.05,93.69,92.22,260452,350160384.0,1.57,-0.47,-0.44,0.77,SZ000703
5661,2021-04-30,92.98,91.26,93.24,90.24,439007,579773168.0,3.22,-1.92,-1.79,1.3,SZ000703
5662,2021-05-06,90.62,93.05,94.39,90.62,455632,612166272.0,4.13,1.96,1.79,1.34,SZ000703
5663,2021-05-07,92.79,93.75,95.99,92.79,518035,705380608.0,3.44,0.75,0.7,1.53,SZ000703
5664,2021-05-10,94.07,92.41,94.45,91.32,388990,520363360.0,3.34,-1.43,-1.34,1.15,SZ000703
5665,2021-05-11,91.83,88.57,91.83,85.7,486700,615223456.0,6.63,-4.16,-3.84,1.44,SZ000703
5666,2021-05-12,87.55,89.34,89.6,86.98,235552,301125856.0,2.96,0.87,0.77,0.7,SZ000703
5667,2021-05-13,88.89,88.32,89.21,86.98,253557,320487168.0,2.5,-1.14,-1.02,0.75,SZ000703
5668,2021-05-14,87.81,88.38,89.15,86.47,293845,370445376.0,3.03,0.07,0.06,0.87,SZ000703
5669,2021-05-17,88.19,89.53,90.56,87.94,306462,395934128.0,2.96,1.3,1.15,0.9,SZ000703
5670,2021-05-18,89.47,90.24,91.58,89.09,216894,283460576.0,2.78,0.79,0.71,0.64,SZ000703
5671,2021-05-19,89.79,87.68,89.79,87.36,262177,332092112.0,2.69,-2.84,-2.56,0.77,SZ000703
5672,2021-05-20,87.17,85.57,87.68,83.98,398992,488289888.0,4.22,-2.41,-2.11,1.18,SZ000703
5673,2021-05-21,85.44,85.06,85.96,84.23,175144,213725400.0,2.02,-0.6,-0.51,0.52,SZ000703
5674,2021-05-24,85.0,84.61,85.76,84.23,181843,220799232.0,1.8,-0.53,-0.45,0.54,SZ000703
5675,2021-05-25,84.61,88.06,88.32,83.91,369963,457208512.0,5.21,4.08,3.45,1.09,SZ000703
5676,2021-05-26,87.68,88.38,89.66,87.36,271368,346153440.0,2.61,0.36,0.32,0.8,SZ000703
5677,2021-05-27,88.38,88.26,88.7,87.74,185930,235886423.0,1.09,-0.14,-0.12,0.55,SZ000703
5678,2021-05-28,88.32,87.87,90.75,87.42,281672,361557584.0,3.77,-0.44,-0.39,0.83,SZ000703
5679,2021-05-31,88.13,86.91,88.89,86.02,243243,304483360.0,3.27,-1.09,-0.96,0.72,SZ000703
5680,2021-06-01,87.62,91.39,92.15,86.47,489293,634105232.0,6.54,5.15,4.48,1.44,SZ000703
5681,2021-06-02,92.02,91.0,93.05,89.92,406914,535203296.0,3.42,-0.43,-0.39,1.2,SZ000703
5682,2021-06-03,91.32,89.09,91.58,88.96,278367,360975504.0,2.88,-2.1,-1.91,0.82,SZ000703
5683,2021-06-04,88.45,89.15,90.3,87.68,188178,241162064.0,2.94,0.07,0.06,0.56,SZ000703
5684,2021-06-07,89.28,90.81,91.07,88.45,232132,301642960.0,2.94,1.86,1.66,0.69,SZ000703
5685,2021-06-08,90.56,88.77,91.19,88.51,219229,282413936.0,2.95,-2.25,-2.04,0.65,SZ000703
5686,2021-06-09,88.7,90.49,91.64,87.81,311638,404333568.0,4.31,1.94,1.72,0.92,SZ000703
5687,2021-06-10,90.17,91.07,91.45,89.85,250492,327792432.0,1.77,0.64,0.58,0.74,SZ000703
5688,2021-06-11,90.87,89.53,91.07,89.28,221256,286881312.0,1.97,-1.69,-1.54,0.65,SZ000703
5689,2021-06-15,89.53,87.55,89.6,87.3,178594,226360294.0,2.57,-2.21,-1.98,0.53,SZ000703
5690,2021-06-16,87.62,86.59,88.38,86.21,176287,221103681.0,2.48,-1.1,-0.96,0.52,SZ000703
5691,2021-06-17,86.08,85.0,86.79,82.51,462273,558969136.0,4.94,-1.84,-1.59,1.36,SZ000703
5692,2021-06-18,83.53,83.91,84.1,81.68,422981,501308064.0,2.85,-1.28,-1.09,1.25,SZ000703
5693,2021-06-21,83.14,82.57,83.21,80.91,418286,488868560.0,2.74,-1.6,-1.34,1.23,SZ000703
5694,2021-06-22,81.87,82.83,83.66,81.87,244749,289771200.0,2.17,0.31,0.26,0.72,SZ000703
5695,2021-06-23,82.83,83.34,84.49,81.99,345786,411829680.0,3.02,0.62,0.51,1.02,SZ000703
5696,2021-06-24,83.14,83.4,84.1,82.57,178862,213932915.0,1.84,0.07,0.06,0.53,SZ000703
5697,2021-06-25,83.91,86.59,87.55,83.85,521726,646637488.0,4.44,3.82,3.19,1.54,SZ000703
5698,2021-06-28,86.02,85.13,86.59,84.68,326949,399904880.0,2.21,-1.69,-1.46,0.96,SZ000703
5699,2021-06-29,85.06,84.29,86.21,83.91,251914,306634672.0,2.7,-0.99,-0.84,0.74,SZ000703
5700,2021-06-30,84.36,83.46,84.61,83.14,185150,221539996.0,1.74,-0.98,-0.83,0.55,SZ000703
5701,2021-07-01,83.34,84.17,84.49,83.21,200722,240695900.0,1.53,0.85,0.71,0.59,SZ000703
5702,2021-07-02,83.46,86.72,87.87,82.63,545761,669455040.0,6.23,3.03,2.55,1.61,SZ000703
5703,2021-07-05,86.66,90.36,91.39,84.42,644699,813575216.0,8.04,4.2,3.64,1.9,SZ000703
5704,2021-07-06,90.36,90.81,93.94,89.85,758970,978035744.0,4.53,0.5,0.45,2.24,SZ000703
5705,2021-07-07,89.28,89.92,91.9,87.74,409294,512168288.0,4.58,-0.98,-0.89,1.21,SZ000703
5706,2021-07-08,89.02,89.47,90.43,88.83,212281,267337936.0,1.78,-0.5,-0.45,0.63,SZ000703
5707,2021-07-09,89.28,90.49,91.13,88.89,335916,426540048.0,2.5,1.14,1.02,0.99,SZ000703
5708,2021-07-12,91.13,90.62,92.66,90.11,428664,552796304.0,2.82,0.14,0.13,1.27,SZ000703
5709,2021-07-13,90.62,91.64,92.41,88.77,320791,409986624.0,4.02,1.13,1.02,0.95,SZ000703
5710,2021-07-14,91.77,93.75,94.13,90.75,545039,713818896.0,3.69,2.3,2.11,1.61,SZ000703
5711,2021-07-15,92.98,93.69,98.03,92.79,591263,797666544.0,5.59,-0.06,-0.06,1.75,SZ000703
5712,2021-07-16,94.0,93.11,95.79,92.6,446251,595837776.0,3.4,-0.62,-0.58,1.32,SZ000703
5713,2021-07-19,92.73,92.6,94.32,91.77,374486,492675440.0,2.74,-0.55,-0.51,1.11,SZ000703
5714,2021-07-20,90.81,89.92,90.87,89.02,328386,415078832.0,2.0,-2.89,-2.68,0.97,SZ000703
5715,2021-07-21,90.11,90.17,90.56,89.47,277434,351353408.0,1.21,0.28,0.25,0.82,SZ000703
5716,2021-07-22,91.0,93.43,94.39,90.49,597633,781604512.0,4.33,3.62,3.26,1.76,SZ000703
5717,2021-07-23,93.37,91.96,95.41,91.58,538587,713584160.0,4.1,-1.57,-1.47,1.59,SZ000703
5718,2021-07-26,92.22,89.21,92.66,88.77,379145,482338672.0,4.23,-2.99,-2.75,1.12,SZ000703
5719,2021-07-27,89.53,86.34,90.68,86.08,403911,502938112.0,5.16,-3.22,-2.87,1.19,SZ000703
5720,2021-07-28,85.7,84.55,86.85,83.08,341676,404311856.0,4.37,-2.07,-1.79,1.01,SZ000703
5721,2021-07-29,85.44,86.28,86.53,84.74,275935,332210176.0,2.12,2.05,1.73,0.81,SZ000703
5722,2021-07-30,86.28,86.72,87.49,85.89,242252,294251968.0,1.85,0.51,0.44,0.71,SZ000703
5723,2021-08-02,86.02,89.47,89.79,84.55,336560,415989680.0,6.04,3.17,2.75,0.99,SZ000703
5724,2021-08-03,88.64,88.26,89.66,88.0,256008,318772576.0,1.86,-1.35,-1.21,0.76,SZ000703
5725,2021-08-04,88.0,87.68,88.77,86.98,241674,297547984.0,2.03,-0.66,-0.58,0.71,SZ000703
5726,2021-08-05,87.55,85.83,87.62,85.25,258256,311257040.0,2.7,-2.11,-1.85,0.76,SZ000703
5727,2021-08-06,85.38,85.96,86.91,84.04,191501,229732724.0,3.34,0.15,0.13,0.57,SZ000703
5728,2021-08-09,85.44,86.53,86.72,85.06,216137,261180447.0,1.93,0.66,0.57,0.64,SZ000703
5729,2021-08-10,85.96,86.98,87.17,85.76,204108,247861755.0,1.63,0.52,0.45,0.6,SZ000703
5730,2021-08-11,87.23,86.91,88.77,86.66,224122,275392032.0,2.43,-0.08,-0.07,0.66,SZ000703
5731,2021-08-12,86.79,86.98,87.49,86.08,187300,227958373.0,1.62,0.08,0.07,0.55,SZ000703
5732,2021-08-13,86.79,87.49,88.19,86.47,293012,359594544.0,1.98,0.59,0.51,0.86,SZ000703
5733,2021-08-16,87.49,86.79,88.7,86.47,278739,342120144.0,2.55,-0.8,-0.7,0.82,SZ000703
5734,2021-08-17,86.4,84.74,87.36,84.49,330897,397675904.0,3.31,-2.36,-2.05,0.98,SZ000703
5735,2021-08-18,84.61,83.02,85.32,81.48,664815,765282576.0,4.53,-2.03,-1.72,1.96,SZ000703
5736,2021-08-19,82.06,82.44,82.57,78.48,968497,1076167904.0,4.93,-0.7,-0.58,2.86,SZ000703
5737,2021-08-20,80.65,83.14,83.21,79.95,416825,473754544.0,3.95,0.85,0.7,1.23,SZ000703
5738,2021-08-23,82.44,82.89,83.66,82.25,201533,233160477.0,1.7,-0.3,-0.25,0.59,SZ000703
5739,2021-08-24,83.21,82.19,83.53,81.8,226099,259628751.0,2.09,-0.84,-0.7,0.67,SZ000703
5740,2021-08-25,81.1,83.72,83.85,80.14,342951,392998960.0,4.51,1.86,1.53,1.01,SZ000703
5741,2021-08-26,83.78,83.34,83.98,82.25,261600,302289872.0,2.07,-0.45,-0.38,0.77,SZ000703
5742,2021-08-27,85.7,84.42,87.68,83.46,658985,788199776.0,5.06,1.3,1.08,1.94,SZ000703
5743,2021-08-30,83.4,84.42,85.38,83.21,426309,503681680.0,2.57,0.0,0.0,1.26,SZ000703
5744,2021-08-31,83.91,83.91,84.42,82.51,268954,314357440.0,2.26,-0.6,-0.51,0.79,SZ000703
5745,2021-09-01,83.4,84.29,85.76,83.4,413567,490176208.0,2.81,0.45,0.38,1.22,SZ000703
5746,2021-09-02,84.49,85.96,86.21,83.4,419606,500303680.0,3.33,1.98,1.67,1.24,SZ000703
5747,2021-09-03,85.57,85.57,86.79,84.93,301513,361649744.0,2.16,-0.45,-0.39,0.89,SZ000703
5748,2021-09-06,85.57,85.44,86.02,84.42,226380,269746784.0,1.87,-0.15,-0.13,0.67,SZ000703
5749,2021-09-07,85.7,86.79,87.55,85.32,442238,536811344.0,2.61,1.58,1.35,1.31,SZ000703
5750,2021-09-08,86.47,87.62,88.57,86.28,624927,769237776.0,2.64,0.96,0.83,1.84,SZ000703
5751,2021-09-09,87.55,87.81,88.26,86.79,401505,493229440.0,1.68,0.22,0.19,1.19,SZ000703
5752,2021-09-10,88.06,86.79,89.02,86.15,502696,614913808.0,3.27,-1.16,-1.02,1.48,SZ000703
5753,2021-09-13,86.79,89.09,89.6,86.28,719682,888178992.0,3.83,2.65,2.3,2.12,SZ000703
5754,2021-09-14,89.53,89.02,89.98,86.98,914619,1138978592.0,3.37,-0.08,-0.07,2.7,SZ000703
5755,2021-09-15,88.13,89.53,90.17,87.74,693107,870474544.0,2.73,0.57,0.51,2.05,SZ000703
5756,2021-09-16,90.11,91.77,92.66,88.77,968837,1241813808.0,4.34,2.5,2.24,2.86,SZ000703
5757,2021-09-17,90.75,88.83,91.19,87.36,500282,629879680.0,4.17,-3.2,-2.94,1.48,SZ000703
5758,2021-09-22,87.68,87.74,88.0,86.53,277667,340056608.0,1.65,-1.23,-1.09,0.82,SZ000703
5759,2021-09-23,88.06,87.36,88.7,86.91,294488,361907552.0,2.04,-0.43,-0.38,0.87,SZ000703
5760,2021-09-24,87.42,85.89,88.89,83.78,619370,752491744.0,5.85,-1.68,-1.47,1.83,SZ000703
5761,2021-09-27,85.57,83.78,86.21,82.7,298345,350812080.0,4.09,-2.46,-2.11,0.88,SZ000703
5762,2021-09-28,84.23,83.91,84.81,83.66,161022,189514785.0,1.37,0.16,0.13,0.48,SZ000703
5763,2021-09-29,83.02,82.19,83.21,80.27,332752,377728368.0,3.5,-2.05,-1.72,0.98,SZ000703
5764,2021-09-30,81.74,82.51,82.63,81.42,223972,256167237.0,1.47,0.39,0.32,0.66,SZ000703
5765,2021-10-08,82.83,83.4,84.1,82.31,205377,238356291.0,2.17,1.08,0.89,0.61,SZ000703
5766,2021-10-11,83.72,83.98,84.93,83.27,227680,267567527.0,1.99,0.7,0.58,0.67,SZ000703
5767,2021-10-12,83.91,82.83,84.1,82.12,151640,175278233.0,2.36,-1.37,-1.15,0.45,SZ000703
5768,2021-10-13,82.63,82.57,82.95,82.06,97378,112085557.0,1.07,-0.31,-0.26,0.29,SZ000703
5769,2021-10-14,82.57,82.51,82.76,81.68,119769,137020850.0,1.31,-0.07,-0.06,0.35,SZ000703
5770,2021-10-15,82.31,82.51,82.57,81.1,159420,181526261.0,1.78,0.0,0.0,0.47,SZ000703
5771,2021-10-18,82.38,81.93,82.38,81.16,249899,283960272.0,1.48,-0.7,-0.58,0.74,SZ000703
5772,2021-10-19,81.48,81.87,82.12,80.97,152223,172596838.0,1.4,-0.07,-0.06,0.45,SZ000703
5773,2021-10-20,81.55,81.16,81.61,80.78,138115,155794187.0,1.01,-0.87,-0.71,0.41,SZ000703
5774,2021-10-21,80.97,81.04,81.42,80.59,175885,198017421.0,1.02,-0.15,-0.12,0.52,SZ000703
5775,2021-10-22,80.78,79.63,81.16,79.63,160538,179002886.0,1.89,-1.74,-1.41,0.47,SZ000703
5776,2021-10-25,79.57,79.89,80.27,78.74,103402,114190684.0,1.92,0.33,0.26,0.31,SZ000703
5777,2021-10-26,79.82,80.78,81.61,79.7,135686,152761539.0,2.39,1.11,0.89,0.4,SZ000703
5778,2021-10-27,80.65,79.76,81.23,79.38,112943,125407152.0,2.29,-1.26,-1.02,0.33,SZ000703
5779,2021-10-28,79.76,78.67,79.89,73.43,558281,585463280.0,8.1,-1.37,-1.09,1.65,SZ000703
5780,2021-10-29,78.03,78.99,79.18,76.44,199244,214744760.0,3.48,0.41,0.32,0.59,SZ000703
5781,2021-11-01,78.61,78.42,79.5,78.03,134406,146656668.0,1.86,-0.72,-0.57,0.4,SZ000703
5782,2021-11-02,78.03,76.5,78.35,75.54,222092,234700598.0,3.58,-2.45,-1.92,0.66,SZ000703
5783,2021-11-03,75.86,76.5,76.5,74.97,136951,143097594.0,2.0,0.0,0.0,0.4,SZ000703
5784,2021-11-04,75.99,76.12,76.88,75.48,171643,179823254.0,1.83,-0.5,-0.38,0.51,SZ000703
5785,2021-11-05,76.12,76.05,76.44,75.54,125523,131460387.0,1.18,-0.09,-0.07,0.37,SZ000703
5786,2021-11-08,75.99,76.76,77.2,75.67,78094,82521958.0,2.01,0.93,0.71,0.23,SZ000703
5787,2021-11-09,76.69,76.88,77.08,76.37,60298,63939037.0,0.92,0.16,0.12,0.18,SZ000703
5788,2021-11-10,76.82,76.37,76.88,75.86,82237,86621002.0,1.33,-0.66,-0.51,0.24,SZ000703
5789,2021-11-11,76.05,76.18,76.69,75.67,133237,139896239.0,1.34,-0.25,-0.19,0.39,SZ000703
5790,2021-11-12,76.18,75.99,76.18,75.48,135241,141181202.0,0.92,-0.25,-0.19,0.4,SZ000703
5791,2021-11-15,75.8,75.93,75.99,75.35,104938,109444098.0,0.84,-0.08,-0.06,0.31,SZ000703
5792,2021-11-16,75.99,75.99,76.88,75.8,118575,124914494.0,1.42,0.08,0.06,0.35,SZ000703
5793,2021-11-17,75.93,75.93,76.05,75.54,130757,136669307.0,0.67,-0.08,-0.06,0.39,SZ000703
5794,2021-11-18,75.86,75.93,75.99,75.42,143157,149187807.0,0.75,0.0,0.0,0.42,SZ000703
5795,2021-11-19,75.73,75.8,75.99,75.35,127703,133120369.0,0.84,-0.17,-0.13,0.38,SZ000703
5796,2021-11-22,75.67,75.86,76.69,75.61,129804,136274933.0,1.42,0.08,0.06,0.38,SZ000703
5797,2021-11-23,75.93,75.99,76.31,75.48,108010,113136062.0,1.09,0.17,0.13,0.32,SZ000703
5798,2021-11-24,76.05,75.93,76.12,75.54,94424,98571672.0,0.76,-0.08,-0.06,0.28,SZ000703
5799,2021-11-25,75.86,75.99,76.05,75.54,94875,99128917.0,0.67,0.08,0.06,0.28,SZ000703
5800,2021-11-26,75.8,75.86,75.93,75.61,76760,80158621.0,0.42,-0.17,-0.13,0.23,SZ000703
5801,2021-11-29,74.2,75.8,75.86,74.14,175430,181351587.0,2.27,-0.08,-0.06,0.52,SZ000703
5802,2021-11-30,75.61,75.93,76.44,75.54,114191,119473184.0,1.19,0.17,0.13,0.34,SZ000703
5803,2021-12-01,75.73,76.31,76.44,75.67,130421,136829436.0,1.01,0.5,0.38,0.38,SZ000703
5804,2021-12-02,76.31,76.95,77.97,76.12,198841,211656297.0,2.42,0.84,0.64,0.59,SZ000703
5805,2021-12-03,77.08,77.01,77.4,76.31,103273,109460564.0,1.42,0.08,0.06,0.3,SZ000703
5806,2021-12-06,77.2,76.76,77.59,76.63,138837,148078152.0,1.25,-0.32,-0.25,0.41,SZ000703
5807,2021-12-07,76.88,75.8,77.01,75.61,132891,139338732.0,1.82,-1.25,-0.96,0.39,SZ000703
5808,2021-12-08,75.99,75.8,76.05,75.42,159717,166368259.0,0.83,0.0,0.0,0.47,SZ000703
5809,2021-12-09,75.67,75.86,76.25,75.48,148298,155113732.0,1.02,0.08,0.06,0.44,SZ000703
5810,2021-12-10,75.86,75.93,76.5,75.35,265112,277004000.0,1.52,0.09,0.07,0.78,SZ000703
5811,2021-12-13,75.86,77.46,79.57,75.8,634500,685092880.0,4.97,2.02,1.53,1.87,SZ000703
5812,2021-12-14,77.2,76.25,77.33,76.18,213511,225473442.0,1.48,-1.56,-1.21,0.63,SZ000703
5813,2021-12-15,76.25,75.93,76.31,75.42,186776,195130614.0,1.17,-0.42,-0.32,0.55,SZ000703
5814,2021-12-16,75.67,75.86,75.99,75.48,141685,147940428.0,0.67,-0.09,-0.07,0.42,SZ000703
5815,2021-12-17,75.8,75.8,75.93,75.35,184635,192428197.0,0.76,-0.08,-0.06,0.54,SZ000703
5816,2021-12-20,75.67,75.8,75.93,75.16,186584,194390212.0,1.02,0.0,0.0,0.55,SZ000703
5817,2021-12-21,75.61,75.73,75.8,75.42,103314,107709191.0,0.5,-0.09,-0.07,0.3,SZ000703
5818,2021-12-22,75.8,75.8,76.18,75.54,93532,97672562.0,0.85,0.09,0.07,0.28,SZ000703
5819,2021-12-23,75.8,75.73,75.86,75.48,110968,115622363.0,0.5,-0.09,-0.07,0.33,SZ000703
5820,2021-12-24,75.67,75.73,75.86,75.16,172957,180048625.0,0.92,0.0,0.0,0.51,SZ000703
5821,2021-12-27,75.61,75.8,75.86,75.48,112229,117095944.0,0.5,0.09,0.07,0.33,SZ000703
5822,2021-12-28,75.8,75.86,75.93,75.61,87987,91881546.0,0.42,0.08,0.06,0.26,SZ000703
5823,2021-12-29,75.86,76.31,77.4,75.73,202543,214131897.0,2.2,0.59,0.45,0.6,SZ000703
5824,2021-12-30,76.31,76.37,76.57,75.61,97967,102989916.0,1.26,0.08,0.06,0.29,SZ000703
5825,2021-12-31,76.44,76.88,77.4,76.18,194444,206671427.0,1.6,0.67,0.51,0.57,SZ000703
5826,2022-01-04,76.88,77.52,78.48,76.76,259313,278079040.0,2.24,0.83,0.64,0.77,SZ000703
5827,2022-01-05,77.59,78.23,79.76,77.59,437385,477538112.0,2.8,0.92,0.71,1.29,SZ000703
5828,2022-01-06,78.23,77.91,78.93,77.65,217849,235804865.0,1.64,-0.41,-0.32,0.64,SZ000703
5829,2022-01-07,78.1,77.65,78.48,77.2,173978,187414378.0,1.64,-0.33,-0.26,0.51,SZ000703
5830,2022-01-10,77.4,78.03,78.74,77.14,180752,195271812.0,2.06,0.49,0.38,0.53,SZ000703
5831,2022-01-11,77.65,78.16,78.93,77.65,221669,240553239.0,1.64,0.17,0.13,0.65,SZ000703
5832,2022-01-12,78.35,78.23,78.74,77.84,175137,189578133.0,1.15,0.09,0.07,0.48,SZ000703
5833,2022-01-13,78.35,78.35,79.5,78.03,205826,224740051.0,1.88,0.15,0.12,0.56,SZ000703
5834,2022-01-14,78.16,76.37,78.35,75.67,238185,252264672.0,3.42,-2.53,-1.98,0.65,SZ000703
5835,2022-01-17,76.05,75.99,76.44,75.67,130658,136815380.0,1.01,-0.5,-0.38,0.36,SZ000703
5836,2022-01-18,76.05,76.05,76.5,75.67,111738,117123609.0,1.09,0.08,0.06,0.31,SZ000703
5837,2022-01-19,75.8,75.86,76.69,75.73,118133,124045450.0,1.26,-0.25,-0.19,0.32,SZ000703
5838,2022-01-20,75.86,75.35,76.18,74.9,189285,196861890.0,1.69,-0.67,-0.51,0.52,SZ000703
5839,2022-01-21,75.1,74.52,75.16,72.86,318267,323197856.0,3.05,-1.1,-0.83,0.87,SZ000703
5840,2022-01-24,73.88,74.52,74.52,73.43,137535,139900532.0,1.46,0.0,0.0,0.38,SZ000703
5841,2022-01-25,74.07,73.88,74.46,73.12,210243,212298892.0,1.8,-0.86,-0.64,0.58,SZ000703
5842,2022-01-26,73.63,73.88,73.95,73.24,136667,138132004.0,0.96,0.0,0.0,0.37,SZ000703
5843,2022-01-27,73.75,73.69,73.75,72.8,169686,170670783.0,1.29,-0.26,-0.19,0.47,SZ000703
5844,2022-01-28,73.5,73.56,73.82,73.24,131832,133062942.0,0.79,-0.18,-0.13,0.36,SZ000703
5845,2022-02-07,74.2,74.2,74.46,73.88,141428,144064028.0,0.79,0.87,0.64,0.39,SZ000703
5846,2022-02-08,74.07,74.39,74.52,73.69,128093,130561316.0,1.12,0.26,0.19,0.35,SZ000703
5847,2022-02-09,74.14,74.65,74.78,74.07,115433,118297475.0,0.95,0.35,0.26,0.32,SZ000703
5848,2022-02-10,74.9,75.61,76.12,74.46,166106,172567838.0,2.22,1.29,0.96,0.46,SZ000703
5849,2022-02-11,75.42,75.22,76.31,75.03,129969,135232161.0,1.69,-0.52,-0.39,0.36,SZ000703
5850,2022-02-14,75.22,74.71,75.73,74.46,115740,119640374.0,1.69,-0.68,-0.51,0.32,SZ000703
5851,2022-02-15,74.71,74.27,74.84,74.07,85053,86976084.0,1.03,-0.59,-0.44,0.23,SZ000703
5852,2022-02-16,74.14,74.39,74.9,73.95,100553,103003183.0,1.28,0.16,0.12,0.28,SZ000703
5853,2022-02-17,74.46,73.95,74.46,73.88,95102,96833419.0,0.78,-0.59,-0.44,0.26,SZ000703
5854,2022-02-18,73.56,75.03,75.22,73.56,142419,145860723.0,2.24,1.46,1.08,0.39,SZ000703
5855,2022-02-21,75.35,74.97,75.35,74.58,86724,89409037.0,1.03,-0.08,-0.06,0.24,SZ000703
5856,2022-02-22,74.65,74.2,75.16,73.95,119982,122935360.0,1.61,-1.03,-0.77,0.33,SZ000703
5857,2022-02-23,74.2,74.33,74.58,74.07,88408,90215850.0,0.69,0.18,0.13,0.24,SZ000703
5858,2022-02-24,74.39,73.82,75.42,72.92,241676,245991377.0,3.36,-0.69,-0.51,0.66,SZ000703
5859,2022-02-25,73.82,73.69,74.07,73.31,143072,144734289.0,1.03,-0.18,-0.13,0.39,SZ000703
5860,2022-02-28,73.24,73.12,73.63,72.8,126627,126933495.0,1.13,-0.77,-0.57,0.35,SZ000703
5861,2022-03-01,72.92,72.28,73.18,70.94,374766,368518208.0,3.06,-1.15,-0.84,1.03,SZ000703
5862,2022-03-02,71.71,72.03,72.28,70.94,297655,290712272.0,1.85,-0.35,-0.25,0.82,SZ000703
5863,2022-03-03,71.65,71.65,71.97,71.33,168603,165308079.0,0.89,-0.53,-0.38,0.46,SZ000703
5864,2022-03-04,71.71,71.01,71.71,70.75,146157,142000665.0,1.34,-0.89,-0.64,0.4,SZ000703
5865,2022-03-07,70.37,67.94,70.62,67.94,232104,217952784.0,3.77,-4.32,-3.07,0.64,SZ000703
5866,2022-03-08,67.94,64.94,68.0,64.43,304980,269737152.0,5.25,-4.42,-3.0,0.84,SZ000703
5867,2022-03-09,64.81,63.34,64.94,59.7,434212,362374656.0,8.07,-2.46,-1.6,1.19,SZ000703
5868,2022-03-10,64.24,64.49,65.51,63.85,296633,258424973.0,2.62,1.82,1.15,0.81,SZ000703
5869,2022-03-11,63.09,63.85,64.24,62.19,174267,147347953.0,3.18,-0.99,-0.64,0.48,SZ000703
5870,2022-03-14,63.28,63.34,64.17,62.26,206174,174477695.0,2.99,-0.8,-0.51,0.57,SZ000703
5871,2022-03-15,62.96,62.83,62.96,60.34,284564,235138754.0,4.14,-0.81,-0.51,0.78,SZ000703
5872,2022-03-16,62.38,63.02,63.47,61.11,209078,174595926.0,3.76,0.3,0.19,0.57,SZ000703
5873,2022-03-17,63.53,63.34,64.43,63.28,190883,163313208.0,1.82,0.51,0.32,0.52,SZ000703
5874,2022-03-18,62.89,63.02,63.21,62.32,152290,128198916.0,1.41,-0.51,-0.32,0.42,SZ000703
5875,2022-03-21,62.83,63.02,63.28,62.51,130931,110383323.0,1.22,0.0,0.0,0.36,SZ000703
5876,2022-03-22,62.64,62.89,63.02,62.32,135926,114104299.0,1.11,-0.21,-0.13,0.37,SZ000703
5877,2022-03-23,62.77,62.89,62.89,62.45,111396,93527024.0,0.7,0.0,0.0,0.31,SZ000703
5878,2022-03-24,62.57,63.02,63.02,61.62,160202,133834218.0,2.23,0.21,0.13,0.44,SZ000703
5879,2022-03-25,62.89,63.41,65.45,62.7,292363,251856685.0,4.36,0.62,0.39,0.8,SZ000703
5880,2022-03-28,63.28,63.92,64.24,62.32,149808,127455459.0,3.03,0.8,0.51,0.41,SZ000703
5881,2022-03-29,64.04,63.85,64.75,63.53,113308,97701316.0,1.91,-0.11,-0.07,0.31,SZ000703
5882,2022-03-30,64.3,63.98,64.56,63.85,119644,103008168.0,1.11,0.2,0.13,0.33,SZ000703
5883,2022-03-31,63.79,63.34,63.92,63.02,121395,103331125.0,1.41,-1.0,-0.64,0.33,SZ000703
5884,2022-04-01,63.15,63.47,63.6,62.83,123246,104755491.0,1.22,0.21,0.13,0.34,SZ000703
5885,2022-04-06,63.41,63.92,64.04,63.02,136791,117154413.0,1.61,0.71,0.45,0.38,SZ000703
5886,2022-04-07,63.85,63.6,64.81,63.6,179437,154827092.0,1.89,-0.5,-0.32,0.49,SZ000703
5887,2022-04-08,63.47,64.17,64.3,63.02,205444,176319988.0,2.01,0.9,0.57,0.56,SZ000703
5888,2022-04-11,64.04,63.21,64.43,62.38,195657,166604625.0,3.19,-1.5,-0.96,0.54,SZ000703
5889,2022-04-12,63.02,63.34,63.41,61.42,174397,145549873.0,3.15,0.21,0.13,0.48,SZ000703
5890,2022-04-13,62.7,63.21,63.21,62.26,209084,175910184.0,1.5,-0.21,-0.13,0.57,SZ000703
5891,2022-04-14,62.83,63.34,63.66,62.83,132548,112697604.0,1.31,0.21,0.13,0.36,SZ000703
5892,2022-04-15,63.21,63.28,63.85,62.38,215581,181821988.0,2.32,-0.09,-0.06,0.59,SZ000703
5893,2022-04-18,62.7,62.7,62.96,62.38,174296,146166160.0,0.92,-0.92,-0.58,0.48,SZ000703
5894,2022-04-19,62.45,62.83,62.83,61.87,189728,158623843.0,1.53,0.21,0.13,0.52,SZ000703
5895,2022-04-20,62.64,62.45,62.7,62.26,119761,100112305.0,0.7,-0.6,-0.38,0.33,SZ000703
5896,2022-04-21,62.06,60.15,62.26,60.15,197242,160514598.0,3.38,-3.68,-2.3,0.54,SZ000703
5897,2022-04-22,59.44,59.83,60.59,58.81,158605,125579111.0,2.96,-0.53,-0.32,0.43,SZ000703
5898,2022-04-25,59.32,56.0,59.64,56.0,198000,151126965.0,6.08,-6.4,-3.83,0.54,SZ000703
5899,2022-04-26,56.0,55.68,56.19,53.95,282750,205023220.0,4.0,-0.57,-0.32,0.78,SZ000703
5900,2022-04-27,54.91,56.0,56.31,54.4,277464,201561314.0,3.43,0.57,0.32,0.76,SZ000703
5901,2022-04-28,55.8,55.87,56.38,55.42,119245,87367184.0,1.71,-0.23,-0.13,0.33,SZ000703
5902,2022-04-29,56.06,57.72,57.85,55.87,138823,104384663.0,3.54,3.31,1.85,0.38,SZ000703
5903,2022-05-05,57.78,59.96,60.21,57.59,166055,130847098.0,4.54,3.88,2.24,0.46,SZ000703
5904,2022-05-06,59.06,59.44,60.34,58.93,100290,79474623.0,2.35,-0.87,-0.52,0.27,SZ000703
5905,2022-05-09,59.51,59.89,60.21,59.25,75922,60433247.0,1.62,0.76,0.45,0.21,SZ000703
5906,2022-05-10,59.19,59.25,59.83,58.87,118474,93284537.0,1.6,-1.07,-0.64,0.32,SZ000703
5907,2022-05-11,59.38,60.4,61.11,59.19,180972,145354675.0,3.24,1.94,1.15,0.5,SZ000703
5908,2022-05-12,61.81,64.04,65.07,61.55,462292,394783392.0,5.83,6.03,3.64,1.27,SZ000703
5909,2022-05-13,63.98,62.89,64.36,62.83,199670,169811876.0,2.39,-1.8,-1.15,0.55,SZ000703
5910,2022-05-16,63.21,63.15,63.85,62.7,135008,114221226.0,1.83,0.41,0.26,0.37,SZ000703
5911,2022-05-17,63.02,63.09,63.79,62.89,89141,75599459.0,1.43,-0.1,-0.06,0.24,SZ000703
5912,2022-05-18,62.89,62.51,63.34,62.51,79846,67216001.0,1.32,-0.92,-0.58,0.22,SZ000703
5913,2022-05-19,62.06,62.51,62.51,61.11,97953,80890866.0,2.24,0.0,0.0,0.27,SZ000703
5914,2022-05-20,62.57,64.62,66.28,62.51,238608,207250126.0,6.03,3.38,2.11,0.65,SZ000703
5915,2022-05-23,64.87,66.47,66.73,64.75,202167,180456726.0,3.06,2.86,1.85,0.55,SZ000703
5916,2022-05-24,66.47,65.19,67.17,65.19,149466,133447531.0,2.98,-1.93,-1.28,0.41,SZ000703
5917,2022-05-25,65.26,66.6,66.85,64.94,135995,121351368.0,2.93,2.16,1.41,0.37,SZ000703
5918,2022-05-26,66.6,69.47,70.3,66.6,350149,328008416.0,5.56,4.31,2.87,0.96,SZ000703
5919,2022-05-27,69.41,71.45,72.28,68.77,471566,457836768.0,5.05,2.85,1.98,1.29,SZ000703
5920,2022-05-30,73.18,75.61,76.44,73.12,602552,622091648.0,4.65,5.82,4.16,1.65,SZ000703
5921,2022-05-31,75.1,77.2,77.71,74.78,530053,557594112.0,3.88,2.1,1.59,1.45,SZ000703
5922,2022-06-01,76.95,75.03,77.59,73.95,369299,382037984.0,4.72,-2.81,-2.17,1.01,SZ000703
5923,2022-06-02,73.95,74.07,75.1,72.35,246976,250314457.0,3.67,-1.28,-0.96,0.68,SZ000703
5924,2022-06-06,74.84,76.25,76.76,74.07,322405,337544000.0,3.63,2.94,2.18,0.88,SZ000703
5925,2022-06-07,76.12,76.69,77.52,74.9,348253,367897584.0,3.44,0.58,0.44,0.95,SZ000703
5926,2022-06-08,78.35,76.88,79.95,75.8,334810,359605280.0,5.41,0.25,0.19,0.92,SZ000703
5927,2022-06-09,76.5,77.14,77.84,75.8,305861,325473712.0,2.65,0.34,0.26,0.84,SZ000703
5928,2022-06-10,76.44,81.74,82.44,76.12,677061,755216880.0,8.19,5.96,4.6,1.86,SZ000703
5929,2022-06-13,82.31,83.21,83.59,80.91,424999,487024736.0,3.28,1.8,1.47,1.17,SZ000703
5930,2022-06-14,82.19,86.47,87.81,81.87,504521,605154016.0,7.14,3.92,3.26,1.38,SZ000703
5931,2022-06-15,87.55,83.46,89.41,83.14,596999,722202784.0,7.25,-3.48,-3.01,1.64,SZ000703
5932,2022-06-16,83.59,80.85,84.68,79.31,619669,700866160.0,6.43,-3.13,-2.61,1.7,SZ000703
5933,2022-06-17,80.4,83.85,85.13,80.27,520113,605458016.0,6.01,3.71,3.0,1.43,SZ000703
5934,2022-06-20,83.72,78.61,83.72,77.08,668359,733975728.0,7.92,-6.25,-5.24,1.83,SZ000703
5935,2022-06-21,78.48,78.93,80.14,77.71,276826,302277840.0,3.09,0.41,0.32,0.76,SZ000703
5936,2022-06-22,79.57,76.95,80.85,76.63,293679,319004208.0,5.35,-2.51,-1.98,0.81,SZ000703
5937,2022-06-23,75.99,76.82,77.52,74.84,207504,218980125.0,3.48,-0.17,-0.13,0.57,SZ000703
5938,2022-06-24,77.59,77.78,78.61,76.63,190120,203654125.0,2.58,1.25,0.96,0.52,SZ000703
5939,2022-06-27,77.27,77.71,78.8,75.8,212866,227761253.0,3.86,-0.09,-0.07,0.58,SZ000703
5940,2022-06-28,77.97,80.59,81.61,77.91,401095,446309808.0,4.76,3.71,2.88,1.1,SZ000703
5941,2022-06-29,80.46,76.69,81.04,76.25,305585,330391952.0,5.94,-4.84,-3.9,0.84,SZ000703
5942,2022-06-30,76.5,76.18,76.76,75.03,239926,251366765.0,2.26,-0.67,-0.51,0.66,SZ000703
5943,2022-07-01,76.18,75.48,76.63,75.03,193600,201405983.0,2.1,-0.92,-0.7,0.53,SZ000703
5944,2022-07-04,75.29,75.61,76.25,74.78,191548,199025647.0,1.95,0.17,0.13,0.53,SZ000703
5945,2022-07-05,75.73,76.82,77.71,75.67,240348,254587511.0,2.7,1.6,1.21,0.66,SZ000703
5946,2022-07-06,74.71,73.24,74.97,72.73,284544,287973952.0,2.92,-4.66,-3.58,0.78,SZ000703
5947,2022-07-07,74.39,73.24,74.78,72.92,233987,232166836.0,2.54,0.0,0.0,0.64,SZ000703
5948,2022-07-08,73.56,73.31,74.2,73.18,108371,107386341.0,1.39,0.1,0.07,0.3,SZ000703
5949,2022-07-11,73.43,73.63,74.2,72.28,162939,161007142.0,2.62,0.44,0.32,0.45,SZ000703
5950,2022-07-12,73.56,74.01,75.48,72.67,194301,195012153.0,3.82,0.52,0.38,0.53,SZ000703
5951,2022-07-13,74.07,72.54,74.2,72.35,167132,163673974.0,2.5,-1.99,-1.47,0.46,SZ000703
5952,2022-07-14,72.54,72.03,72.54,71.01,196385,188775813.0,2.11,-0.7,-0.51,0.54,SZ000703
5953,2022-07-15,72.54,70.88,72.54,70.3,181785,172852730.0,3.11,-1.6,-1.15,0.5,SZ000703
5954,2022-07-18,70.88,71.45,71.77,70.62,187981,179647279.6,1.62,0.8,0.57,0.52,SZ000703
5955,2022-07-19,71.65,72.03,72.28,71.26,170035,163871972.8,1.43,0.81,0.58,0.47,SZ000703
5956,2022-07-20,72.28,73.12,73.43,71.71,380459,371740518.44,2.39,1.51,1.09,1.04,SZ000703
5957,2022-07-21,71.97,70.37,72.41,67.62,829906,776879134.56,6.55,-3.76,-2.75,2.28,SZ000703
5958,2022-07-22,69.67,69.86,71.26,68.96,205042,192092321.56,3.27,-0.72,-0.51,0.56,SZ000703
5959,2022-07-25,69.54,69.99,71.33,69.28,147821,139350865.93,2.93,0.19,0.13,0.41,SZ000703
5960,2022-07-26,70.11,70.88,71.01,69.41,96423,90816186.87,2.29,1.27,0.89,0.26,SZ000703
5961,2022-07-27,70.43,70.88,71.2,69.99,101227,95656920.46,1.71,0.0,0.0,0.28,SZ000703
5962,2022-07-28,71.2,71.39,71.65,70.56,119442,113911939.32,1.54,0.72,0.51,0.33,SZ000703
5963,2022-07-29,71.26,70.11,71.84,69.92,106045,100017657.47,2.69,-1.79,-1.28,0.29,SZ000703
5964,2022-08-01,70.05,70.37,70.69,69.15,74846,69852688.18,2.2,0.37,0.26,0.21,SZ000703
5965,2022-08-02,69.54,67.94,69.6,66.73,195606,176066697.02,4.08,-3.45,-2.43,0.54,SZ000703
5966,2022-08-03,67.49,66.41,69.15,66.41,150962,135070333.17,4.03,-2.25,-1.53,0.41,SZ000703
5967,2022-08-04,66.41,66.54,67.24,65.51,141119,123510956.81,2.61,0.2,0.13,0.39,SZ000703
5968,2022-08-05,66.92,66.98,67.05,65.64,221812,194466462.7,2.12,0.66,0.44,0.61,SZ000703
5969,2022-08-08,66.98,68.0,68.26,66.6,132168,119009980.29,2.48,1.52,1.02,0.36,SZ000703
5970,2022-08-09,68.39,68.2,69.09,67.49,123750,112673798.5,2.35,0.29,0.2,0.34,SZ000703
5971,2022-08-10,68.0,69.09,70.69,67.94,221204,204117166.79,4.03,1.3,0.89,0.61,SZ000703
5972,2022-08-11,69.22,70.05,70.62,69.09,158505,147974657.13,2.21,1.39,0.96,0.43,SZ000703
5973,2022-08-12,70.43,72.03,72.73,69.86,240352,231148033.17,4.1,2.83,1.98,0.66,SZ000703
5974,2022-08-15,71.77,70.56,72.6,70.37,162143,154407581.96,3.1,-2.04,-1.47,0.44,SZ000703
5975,2022-08-16,70.62,69.86,70.94,69.35,121828,113427435.46,2.25,-0.99,-0.7,0.33,SZ000703
5976,2022-08-17,69.86,69.41,69.86,68.96,105841,97689929.99,1.29,-0.64,-0.45,0.29,SZ000703
5977,2022-08-18,69.28,67.81,69.35,67.43,212786,192027995.72,2.77,-2.31,-1.6,0.58,SZ000703
5978,2022-08-19,68.13,67.3,68.26,67.24,104262,93672241.95,1.5,-0.75,-0.51,0.29,SZ000703
5979,2022-08-22,67.24,68.13,68.26,66.41,172521,154785863.85,2.75,1.23,0.83,0.47,SZ000703
5980,2022-08-23,69.15,71.9,72.22,69.15,503573,478648702.68,4.51,5.53,3.77,1.38,SZ000703
5981,2022-08-24,71.33,67.37,72.22,67.3,419356,385738104.14,6.84,-6.3,-4.53,1.15,SZ000703
5982,2022-08-25,67.37,69.92,70.37,67.24,297540,274411290.12,4.65,3.79,2.55,0.82,SZ000703
5983,2022-08-26,69.73,68.32,69.86,68.26,246090,225602749.16,2.29,-2.29,-1.6,0.67,SZ000703
5984,2022-08-29,67.37,70.05,70.18,67.11,196597,181138037.96,4.49,2.53,1.73,0.54,SZ000703
5985,2022-08-30,70.11,68.96,70.37,68.84,131429,121433396.85,2.18,-1.56,-1.09,0.36,SZ000703
5986,2022-08-31,68.45,68.13,69.09,67.88,148804,135331173.38,1.75,-1.2,-0.83,0.41,SZ000703
5987,2022-09-01,68.0,68.77,69.54,68.0,150192,137864342.94,2.26,0.94,0.64,0.41,SZ000703
5988,2022-09-02,69.28,67.94,69.28,67.88,127388,115488775.99,2.04,-1.21,-0.83,0.35,SZ000703
5989,2022-09-05,68.39,68.64,69.15,68.13,87516,79808487.21,1.5,1.03,0.7,0.24,SZ000703
5990,2022-09-06,68.52,69.92,69.99,68.32,180172,166797710.11,2.43,1.86,1.28,0.49,SZ000703
5991,2022-09-07,69.73,69.73,70.88,68.84,134413,125324276.76,2.92,-0.27,-0.19,0.37,SZ000703
5992,2022-09-08,69.54,69.54,69.99,68.9,78648,72810387.41,1.56,-0.27,-0.19,0.22,SZ000703
5993,2022-09-09,69.47,69.86,70.05,69.03,98511,91541591.44,1.47,0.46,0.32,0.27,SZ000703
5994,2022-09-13,70.11,69.09,70.3,68.96,105183,97281391.67,1.92,-1.1,-0.77,0.29,SZ000703
5995,2022-09-14,68.45,67.88,69.03,67.62,126285,114349688.44,2.04,-1.75,-1.21,0.35,SZ000703
5996,2022-09-15,68.13,66.02,68.58,65.64,188500,166750597.69,4.33,-2.74,-1.86,0.52,SZ000703
5997,2022-09-16,66.28,63.72,66.47,63.66,192857,164770727.18,4.26,-3.48,-2.3,0.53,SZ000703
5998,2022-09-19,63.79,63.98,64.62,62.96,117599,98366958.28,2.61,0.41,0.26,0.32,SZ000703
5999,2022-09-20,63.98,64.87,65.71,63.98,112657,96413659.29,2.7,1.39,0.89,0.31,SZ000703
6000,2022-09-21,64.49,63.98,64.62,63.53,105981,88985294.0,1.68,-1.37,-0.89,0.29,SZ000703
6001,2022-09-22,63.85,64.04,64.56,63.47,108776,91536667.96,1.7,0.09,0.06,0.3,SZ000703
6002,2022-09-23,64.11,63.09,64.75,62.64,226789,188442226.01,3.29,-1.48,-0.95,0.62,SZ000703
6003,2022-09-26,63.15,61.36,63.15,61.17,206117,166516841.26,3.14,-2.74,-1.73,0.57,SZ000703
6004,2022-09-27,61.36,61.68,61.87,60.4,119131,94924301.83,2.4,0.52,0.32,0.33,SZ000703
6005,2022-09-28,61.49,60.02,61.87,59.89,146323,115395072.35,3.21,-2.69,-1.66,0.4,SZ000703
6006,2022-09-29,60.79,59.64,61.17,59.19,181378,141000582.12,3.3,-0.63,-0.38,0.5,SZ000703
6007,2022-09-30,59.76,59.57,60.21,59.38,135328,104893298.13,1.39,-0.12,-0.07,0.37,SZ000703
6008,2022-10-10,60.08,58.81,60.4,58.36,157265,120838389.59,3.42,-1.28,-0.76,0.43,SZ000703
6009,2022-10-11,58.55,58.81,59.19,57.98,131645,99388010.26,2.06,0.0,0.0,0.36,SZ000703
6010,2022-10-12,58.74,58.87,59.0,57.27,174558,130999967.84,2.94,0.1,0.06,0.48,SZ000703
6011,2022-10-13,58.68,57.53,58.68,56.83,223059,164710456.58,3.14,-2.28,-1.34,0.61,SZ000703
6012,2022-10-14,57.78,58.23,58.49,57.46,229735,171420486.22,1.79,1.22,0.7,0.63,SZ000703
6013,2022-10-17,57.98,58.74,58.93,57.53,260918,196156099.48,2.4,0.88,0.51,0.72,SZ000703
6014,2022-10-18,59.0,58.23,59.19,58.1,192012,144818284.29,1.86,-0.87,-0.51,0.53,SZ000703
6015,2022-10-19,58.04,57.27,58.04,56.83,214488,158118064.17,2.08,-1.65,-0.96,0.59,SZ000703
6016,2022-10-20,56.95,55.87,56.95,55.48,564965,404542864.29,2.57,-2.44,-1.4,1.55,SZ000703
6017,2022-10-21,55.8,55.74,56.38,55.42,274644,195738196.48,1.72,-0.23,-0.13,0.75,SZ000703
6018,2022-10-24,55.93,54.78,56.25,54.33,340341,238982137.0,3.44,-1.72,-0.96,0.93,SZ000703
6019,2022-10-25,54.53,54.46,54.85,53.44,326177,223678125.14,2.57,-0.58,-0.32,0.89,SZ000703
6020,2022-10-26,54.01,55.16,55.68,53.89,234107,163985208.76,3.29,1.29,0.7,0.64,SZ000703
6021,2022-10-27,55.42,55.8,56.06,55.23,175148,124527690.0,1.5,1.16,0.64,0.48,SZ000703
6022,2022-10-28,54.97,53.82,55.87,53.18,711730,488310825.02,4.82,-3.55,-1.98,1.95,SZ000703
6023,2022-10-31,53.44,53.12,53.63,50.69,652442,430632762.13,5.46,-1.3,-0.7,1.79,SZ000703
6024,2022-11-01,52.86,53.18,53.25,52.42,305002,203377229.93,1.56,0.11,0.06,0.84,SZ000703
6025,2022-11-02,53.18,54.01,54.65,52.86,374028,255150409.71,3.37,1.56,0.83,1.03,SZ000703
6026,2022-11-03,53.5,53.95,54.53,53.5,219452,150131925.76,1.91,-0.11,-0.06,0.6,SZ000703
6027,2022-11-04,54.4,55.68,56.12,54.14,352562,247165136.58,3.67,3.21,1.73,0.97,SZ000703
6028,2022-11-07,55.68,55.93,56.44,55.42,235206,168151887.15,1.83,0.45,0.25,0.64,SZ000703
6029,2022-11-08,56.0,55.55,56.12,55.23,175061,123869154.82,1.59,-0.68,-0.38,0.48,SZ000703
6030,2022-11-09,55.68,55.16,55.93,55.1,133699,94419659.02,1.49,-0.7,-0.39,0.37,SZ000703
6031,2022-11-10,55.23,55.16,55.48,54.53,160413,112265168.01,1.72,0.0,0.0,0.44,SZ000703
6032,2022-11-11,55.8,56.0,56.44,55.55,287983,205914913.38,1.61,1.52,0.84,0.79,SZ000703
6033,2022-11-14,56.19,55.8,57.08,55.55,324612,233372783.22,2.73,-0.36,-0.2,0.89,SZ000703
6034,2022-11-15,56.25,56.38,56.51,55.36,190704,136634235.29,2.06,1.04,0.58,0.52,SZ000703
6035,2022-11-16,56.31,56.12,56.57,56.0,113128,81302539.55,1.01,-0.46,-0.26,0.31,SZ000703
6036,2022-11-17,55.93,55.87,56.06,55.36,167334,118679264.85,1.25,-0.45,-0.25,0.46,SZ000703
6037,2022-11-18,55.87,55.48,56.25,55.42,200222,142477045.45,1.49,-0.7,-0.39,0.55,SZ000703
6038,2022-11-21,55.42,55.55,56.12,54.91,140014,98555333.21,2.18,0.13,0.07,0.38,SZ000703
6039,2022-11-22,55.8,55.48,56.06,55.29,155147,110150979.97,1.39,-0.13,-0.07,0.43,SZ000703
6040,2022-11-23,55.48,55.55,55.87,55.29,124703,88355327.33,1.05,0.13,0.07,0.34,SZ000703
6041,2022-11-24,55.36,55.68,56.0,55.36,120670,85705680.38,1.15,0.23,0.13,0.33,SZ000703
6042,2022-11-25,55.61,56.51,56.95,55.55,246910,178219284.52,2.51,1.49,0.83,0.68,SZ000703
6043,2022-11-28,56.06,54.91,56.19,54.46,317024,221648137.36,3.06,-2.83,-1.6,0.87,SZ000703
6044,2022-11-29,55.61,56.51,56.57,55.16,359738,257753908.47,2.57,2.91,1.6,0.99,SZ000703
6045,2022-11-30,56.83,56.12,57.21,56.0,246965,178397481.1,2.14,-0.69,-0.39,0.68,SZ000703
6046,2022-12-01,56.95,56.63,57.21,56.44,227125,165045489.32,1.37,0.91,0.51,0.62,SZ000703
6047,2022-12-02,56.95,56.76,57.02,56.44,218434,158702783.22,1.02,0.23,0.13,0.6,SZ000703
6048,2022-12-05,56.83,57.4,57.53,56.76,205969,151281329.26,1.36,1.13,0.64,0.56,SZ000703
6049,2022-12-06,57.27,57.4,57.66,57.02,186592,137290061.39,1.11,0.0,0.0,0.51,SZ000703
6050,2022-12-07,57.59,57.21,58.55,57.02,314258,232369047.4,2.67,-0.33,-0.19,0.86,SZ000703
6051,2022-12-08,57.85,57.34,57.98,57.14,300330,221773008.74,1.47,0.23,0.13,0.82,SZ000703
6052,2022-12-09,57.34,57.59,57.59,56.83,506756,372402484.85,1.33,0.44,0.25,1.39,SZ000703
6053,2022-12-12,57.34,55.74,57.4,55.68,469147,336319955.26,2.99,-3.21,-1.85,1.29,SZ000703
6054,2022-12-13,56.12,55.87,56.12,55.48,211924,150716246.2,1.15,0.23,0.13,0.58,SZ000703
6055,2022-12-14,55.68,55.87,56.12,55.55,164852,117454981.77,1.02,0.0,0.0,0.45,SZ000703
6056,2022-12-15,55.8,55.55,56.19,55.48,148817,105694929.8,1.27,-0.57,-0.32,0.41,SZ000703
6057,2022-12-16,55.68,55.8,55.93,54.97,190083,134640912.64,1.73,0.45,0.25,0.52,SZ000703
6058,2022-12-19,55.61,54.33,55.87,54.14,207033,144060258.44,3.1,-2.63,-1.47,0.57,SZ000703
6059,2022-12-20,54.85,54.33,54.85,54.01,112975,77839682.88,1.55,0.0,0.0,0.31,SZ000703
6060,2022-12-21,54.33,54.4,54.65,54.08,90467,62365895.43,1.05,0.13,0.07,0.25,SZ000703
6061,2022-12-22,54.85,53.7,54.91,53.44,161360,110332091.99,2.7,-1.29,-0.7,0.44,SZ000703
6062,2022-12-23,53.76,53.89,54.14,52.99,160956,109299916.51,2.14,0.35,0.19,0.44,SZ000703
6063,2022-12-26,53.76,54.27,54.53,53.76,105516,72302901.66,1.43,0.71,0.38,0.29,SZ000703
6064,2022-12-27,54.33,54.65,54.78,54.27,81331,56462087.8,0.94,0.7,0.38,0.22,SZ000703
6065,2022-12-28,54.85,54.72,54.91,54.33,92152,63923463.47,1.06,0.13,0.07,0.25,SZ000703
6066,2022-12-29,54.46,54.85,55.23,54.08,179882,124972096.22,2.1,0.24,0.13,0.49,SZ000703
6067,2022-12-30,54.72,55.23,55.48,54.27,211873,148028063.23,2.21,0.69,0.38,0.58,SZ000703
6068,2023-01-03,55.48,54.85,55.55,54.59,224075,156179655.76,1.74,-0.69,-0.38,0.61,SZ000703
6069,2023-01-04,54.91,54.59,54.97,54.27,219733,152405501.98,1.28,-0.47,-0.26,0.6,SZ000703
6070,2023-01-05,54.53,55.29,55.42,54.4,234093,163901914.76,1.87,1.28,0.7,0.64,SZ000703
6071,2023-01-06,55.48,56.44,56.76,55.23,363066,261067828.56,2.77,2.08,1.15,1.0,SZ000703
6072,2023-01-09,56.44,56.51,57.02,56.06,190183,137248437.18,1.7,0.12,0.07,0.52,SZ000703
6073,2023-01-10,56.44,56.31,56.89,55.68,191150,137085600.52,2.14,-0.35,-0.2,0.52,SZ000703
6074,2023-01-11,56.44,55.87,56.57,55.8,86154,61735401.51,1.37,-0.78,-0.44,0.24,SZ000703
6075,2023-01-12,56.06,55.8,56.06,55.42,129320,91813513.6,1.15,-0.13,-0.07,0.35,SZ000703
6076,2023-01-13,55.74,56.63,56.63,55.74,177591,127983082.58,1.59,1.49,0.83,0.49,SZ000703
6077,2023-01-16,57.14,57.08,57.53,56.38,216835,158927677.82,2.03,0.79,0.45,0.59,SZ000703
6078,2023-01-17,56.95,57.02,57.14,56.7,97930,71430823.28,0.77,-0.11,-0.06,0.27,SZ000703
6079,2023-01-18,56.95,57.27,57.78,56.89,130760,96510730.82,1.56,0.44,0.25,0.36,SZ000703
6080,2023-01-19,57.27,57.21,57.46,57.02,97979,71928209.72,0.77,-0.1,-0.06,0.27,SZ000703
6081,2023-01-20,57.4,57.53,57.59,57.27,102325,75470419.8,0.56,0.56,0.32,0.28,SZ000703
6082,2023-01-30,58.1,57.46,58.36,57.21,231332,172175734.34,2.0,-0.12,-0.07,0.63,SZ000703
6083,2023-01-31,55.8,60.15,60.21,55.55,755498,568820191.87,8.11,4.68,2.69,2.07,SZ000703
6084,2023-02-01,60.08,61.49,62.06,59.32,565986,446569645.21,4.56,2.23,1.34,1.55,SZ000703
6085,2023-02-02,61.62,61.74,62.83,61.11,289777,232857896.64,2.8,0.41,0.25,0.79,SZ000703
6086,2023-02-03,62.38,60.21,62.38,59.89,280163,220144785.11,4.03,-2.48,-1.53,0.77,SZ000703
6087,2023-02-06,59.89,59.76,59.96,59.0,185002,142193096.55,1.59,-0.75,-0.45,0.51,SZ000703
6088,2023-02-07,59.7,59.76,60.02,59.38,109046,84362511.26,1.07,0.0,0.0,0.3,SZ000703
6089,2023-02-08,59.7,58.74,60.47,58.61,210785,161040194.34,3.11,-1.71,-1.02,0.58,SZ000703
6090,2023-02-09,58.61,59.06,59.44,58.36,281026,214087097.11,1.84,0.54,0.32,0.77,SZ000703
6091,2023-02-10,58.87,59.44,60.15,58.68,482420,370932184.32,2.49,0.64,0.38,1.32,SZ000703
6092,2023-02-13,59.64,59.44,59.83,59.19,226114,173961708.1,1.08,0.0,0.0,0.62,SZ000703
6093,2023-02-14,59.51,62.7,63.02,59.51,686184,549848210.53,5.91,5.48,3.26,1.88,SZ000703
6094,2023-02-15,62.83,61.62,63.02,61.49,301543,244921952.08,2.44,-1.72,-1.08,0.83,SZ000703
6095,2023-02-16,62.0,60.34,62.06,59.96,271766,216017119.96,3.41,-2.08,-1.28,0.75,SZ000703
6096,2023-02-17,60.85,62.89,63.92,60.47,601806,492852838.86,5.72,4.23,2.55,1.65,SZ000703
6097,2023-02-20,63.15,63.02,64.17,62.64,395009,327407501.12,2.43,0.21,0.13,1.08,SZ000703
6098,2023-02-21,63.02,63.15,63.85,62.45,288509,238575281.29,2.22,0.21,0.13,0.79,SZ000703
6099,2023-02-22,62.96,62.96,63.41,62.77,186834,154237235.66,1.01,-0.3,-0.19,0.51,SZ000703
6100,2023-02-23,63.15,63.02,63.34,62.26,188566,154755952.14,1.72,0.1,0.06,0.52,SZ000703
6101,2023-02-24,63.21,62.38,63.28,62.38,129694,106154036.27,1.43,-1.02,-0.64,0.36,SZ000703
6102,2023-02-27,62.13,61.81,62.57,61.62,161069,130420535.01,1.52,-0.91,-0.57,0.44,SZ000703
6103,2023-02-28,61.68,62.19,62.32,61.62,124808,100953155.57,1.13,0.61,0.38,0.34,SZ000703
6104,2023-03-01,62.38,62.26,62.89,62.13,160599,130857608.42,1.22,0.11,0.07,0.44,SZ000703
6105,2023-03-02,62.38,62.7,63.72,62.06,491560,405505074.82,2.67,0.71,0.44,1.35,SZ000703
6106,2023-03-03,62.7,63.34,63.66,62.38,206233,170097118.5,2.04,1.02,0.64,0.57,SZ000703
6107,2023-03-06,63.41,62.57,63.66,61.81,300309,244501301.62,2.92,-1.22,-0.77,0.82,SZ000703
6108,2023-03-07,62.64,61.49,63.21,61.42,211936,172538269.61,2.86,-1.73,-1.08,0.58,SZ000703
6109,2023-03-08,61.42,61.74,62.26,61.23,219698,176515792.95,1.68,0.41,0.25,0.6,SZ000703
6110,2023-03-09,61.94,61.68,62.51,61.3,276140,222420972.08,1.96,-0.1,-0.06,0.76,SZ000703
6111,2023-03-10,62.0,61.36,62.32,60.79,220741,176750406.0,2.48,-0.52,-0.32,0.61,SZ000703
6112,2023-03-13,61.3,60.34,61.68,60.15,203417,159929956.16,2.49,-1.66,-1.02,0.56,SZ000703
6113,2023-03-14,60.02,59.83,60.59,59.38,147852,115089385.94,2.01,-0.85,-0.51,0.41,SZ000703
6114,2023-03-15,60.02,60.21,62.06,60.02,473739,375503614.01,3.41,0.64,0.38,1.3,SZ000703
6115,2023-03-16,59.83,58.61,60.28,58.55,180464,138513290.16,2.87,-2.66,-1.6,0.49,SZ000703
6116,2023-03-17,59.13,58.42,59.51,58.36,363656,276820518.51,1.96,-0.32,-0.19,1.0,SZ000703
6117,2023-03-20,59.32,57.72,59.83,57.59,235251,177250022.54,3.83,-1.2,-0.7,0.65,SZ000703
6118,2023-03-21,57.78,58.04,58.23,57.66,138198,103099763.81,0.99,0.55,0.32,0.38,SZ000703
6119,2023-03-22,58.1,58.36,58.68,57.78,145886,109401507.26,1.55,0.55,0.32,0.4,SZ000703
6120,2023-03-23,58.36,58.29,58.42,57.85,124835,93446742.9,0.98,-0.12,-0.07,0.34,SZ000703
6121,2023-03-24,58.23,59.51,59.7,57.72,205484,156819776.3,3.4,2.09,1.22,0.56,SZ000703
6122,2023-03-27,59.51,60.08,60.4,58.87,229735,177605048.82,2.57,0.96,0.57,0.63,SZ000703
6123,2023-03-28,63.66,63.28,64.36,61.94,893870,736534021.41,4.03,5.33,3.2,2.45,SZ000703
6124,2023-03-29,62.89,60.66,63.41,60.53,497530,398732695.77,4.55,-4.14,-2.62,1.36,SZ000703
6125,2023-03-30,60.34,61.11,61.49,59.51,320797,251640779.75,3.26,0.74,0.45,0.88,SZ000703
6126,2023-03-31,61.04,62.19,62.38,60.72,252443,203904838.05,2.72,1.77,1.08,0.69,SZ000703
6127,2023-04-03,62.32,62.51,62.83,62.19,282949,231037233.21,1.03,0.51,0.32,0.78,SZ000703
6128,2023-04-04,62.32,62.26,62.64,61.74,256935,208690136.02,1.44,-0.4,-0.25,0.7,SZ000703
6129,2023-04-06,63.09,63.34,63.92,62.38,384289,317727002.44,2.47,1.73,1.08,1.05,SZ000703
6130,2023-04-07,63.79,64.49,64.75,63.41,356326,300957583.13,2.12,1.82,1.15,0.98,SZ000703
6131,2023-04-10,66.02,65.64,66.98,64.87,537956,469527595.8,3.27,1.78,1.15,1.48,SZ000703
6132,2023-04-11,65.64,66.54,66.85,65.19,504450,440423229.18,2.53,1.37,0.9,1.38,SZ000703
6133,2023-04-12,66.34,67.05,67.81,66.22,452174,402104220.07,2.39,0.77,0.51,1.24,SZ000703
6134,2023-04-13,67.24,67.05,67.75,66.6,362296,322293340.06,1.72,0.0,0.0,0.99,SZ000703
6135,2023-04-14,67.05,66.47,67.24,65.64,434497,382180261.46,2.39,-0.87,-0.58,1.19,SZ000703
6136,2023-04-17,66.6,66.22,67.3,65.9,521913,459091674.71,2.11,-0.38,-0.25,1.43,SZ000703
6137,2023-04-18,66.22,64.56,66.22,64.43,386828,330771408.08,2.7,-2.51,-1.66,1.06,SZ000703
6138,2023-04-19,65.0,65.19,65.58,64.36,219439,188156795.3,1.89,0.98,0.63,0.6,SZ000703
6139,2023-04-20,65.0,65.58,65.9,64.17,374785,322845253.19,2.65,0.6,0.39,1.03,SZ000703
6140,2023-04-21,65.51,64.62,65.77,64.24,277414,237409075.77,2.33,-1.46,-0.96,0.76,SZ000703
6141,2023-04-24,64.62,59.83,64.62,59.19,889490,706156901.68,8.4,-7.41,-4.79,2.44,SZ000703
6142,2023-04-25,59.83,60.34,60.91,58.81,642636,500781752.16,3.51,0.85,0.51,1.76,SZ000703
6143,2023-04-26,59.96,60.98,61.87,59.64,284357,225227753.77,3.7,1.06,0.64,0.78,SZ000703
6144,2023-04-27,60.79,59.32,61.11,58.68,298635,229730275.08,3.98,-2.72,-1.66,0.82,SZ000703
6145,2023-04-28,58.87,59.32,59.96,58.17,283991,216776237.07,3.02,0.0,0.0,0.78,SZ000703
6146,2023-05-04,58.87,58.81,58.93,57.85,226200,170042021.64,1.82,-0.86,-0.51,0.62,SZ000703
6147,2023-05-05,58.49,58.23,58.55,56.51,446730,330213613.6,3.47,-0.99,-0.58,1.22,SZ000703
6148,2023-05-08,57.72,57.4,58.36,57.14,207326,153478404.1,2.1,-1.43,-0.83,0.57,SZ000703
6149,2023-05-09,57.4,56.38,57.46,56.31,162799,118589184.15,2.0,-1.78,-1.02,0.45,SZ000703
6150,2023-05-10,56.31,56.19,56.83,56.0,131443,94735455.74,1.47,-0.34,-0.19,0.36,SZ000703
6151,2023-05-11,56.0,55.68,56.44,55.48,140962,100278460.08,1.71,-0.91,-0.51,0.39,SZ000703
6152,2023-05-12,55.8,55.1,56.12,55.04,104114,73496916.55,1.94,-1.04,-0.58,0.29,SZ000703
6153,2023-05-15,55.04,54.85,55.1,54.14,161334,111976151.52,1.74,-0.45,-0.25,0.44,SZ000703
6154,2023-05-16,54.91,54.97,55.16,54.46,96659,67381694.7,1.28,0.22,0.12,0.27,SZ000703
6155,2023-05-17,54.91,54.4,55.42,54.33,153408,106745069.25,1.98,-1.04,-0.57,0.42,SZ000703
6156,2023-05-18,54.4,53.82,54.46,53.76,121125,82993250.85,1.29,-1.07,-0.58,0.33,SZ000703
6157,2023-05-19,53.76,54.14,54.21,53.31,95611,65172567.6,1.67,0.59,0.32,0.26,SZ000703
6158,2023-05-22,54.14,54.91,54.91,53.89,133110,92083121.84,1.88,1.42,0.77,0.36,SZ000703
6159,2023-05-23,54.65,54.4,55.29,54.33,107356,74611069.85,1.75,-0.93,-0.51,0.29,SZ000703
6160,2023-05-24,54.33,54.14,54.53,53.89,73907,50785595.0,1.18,-0.48,-0.26,0.2,SZ000703
6161,2023-05-25,54.08,53.89,54.4,53.5,74437,50817572.02,1.66,-0.46,-0.25,0.2,SZ000703
6162,2023-05-26,53.95,53.95,54.01,53.38,57078,38772806.29,1.17,0.11,0.06,0.16,SZ000703
6163,2023-05-29,53.95,53.5,54.27,53.5,79718,54301766.0,1.43,-0.83,-0.45,0.22,SZ000703
6164,2023-05-30,53.5,53.82,53.89,52.74,103132,69357146.34,2.15,0.6,0.32,0.28,SZ000703
6165,2023-05-31,53.63,53.12,53.7,53.06,80935,54414009.12,1.19,-1.3,-0.7,0.22,SZ000703
6166,2023-06-01,53.31,53.38,53.76,52.99,79686,53705364.27,1.45,0.49,0.26,0.22,SZ000703
6167,2023-06-02,53.44,54.53,54.72,53.44,135770,93507153.88,2.4,2.15,1.15,0.37,SZ000703
6168,2023-06-05,54.53,54.59,54.72,54.21,73225,50663979.68,0.94,0.11,0.06,0.2,SZ000703
6169,2023-06-06,54.65,54.01,54.72,53.89,74058,51010701.0,1.52,-1.06,-0.58,0.2,SZ000703
6170,2023-06-07,54.21,53.76,54.4,53.63,63377,43208165.31,1.43,-0.46,-0.25,0.17,SZ000703
6171,2023-06-08,53.76,54.14,54.53,53.25,133583,91218136.49,2.38,0.71,0.38,0.37,SZ000703
6172,2023-06-09,54.08,52.8,54.27,52.29,250080,166482440.28,3.66,-2.48,-1.34,0.69,SZ000703
6173,2023-06-12,52.8,53.06,53.25,52.16,136668,90720884.54,2.06,0.49,0.26,0.37,SZ000703
6174,2023-06-13,52.8,52.93,53.25,52.8,81897,54647919.78,0.85,-0.25,-0.13,0.22,SZ000703
6175,2023-06-14,52.99,53.76,54.59,52.86,190603,130231284.64,3.27,1.57,0.83,0.52,SZ000703
6176,2023-06-15,54.01,54.14,54.65,53.5,146728,100285752.58,2.14,0.71,0.38,0.4,SZ000703
6177,2023-06-16,54.14,54.08,54.53,53.63,110274,75391831.65,1.66,-0.11,-0.06,0.3,SZ000703
6178,2023-06-19,54.01,53.7,54.14,53.57,64334,43779265.29,1.05,-0.7,-0.38,0.18,SZ000703
6179,2023-06-20,53.76,53.12,53.76,53.06,65298,43895048.61,1.3,-1.08,-0.58,0.18,SZ000703
6180,2023-06-21,53.06,52.8,53.38,52.35,135519,89935951.0,1.94,-0.6,-0.32,0.37,SZ000703
6181,2023-06-26,52.48,52.55,52.99,52.23,89820,59394422.29,1.44,-0.47,-0.25,0.25,SZ000703
6182,2023-06-27,52.61,53.76,54.27,52.48,165088,111590473.56,3.41,2.3,1.21,0.45,SZ000703
6183,2023-06-28,53.76,53.7,54.08,53.18,80903,54718076.0,1.67,-0.11,-0.06,0.22,SZ000703
6184,2023-06-29,53.63,52.99,53.63,52.93,76163,51179403.0,1.3,-1.32,-0.71,0.21,SZ000703
6185,2023-06-30,53.06,53.63,53.82,52.93,82888,56031177.8,1.68,1.21,0.64,0.23,SZ000703
6186,2023-07-03,53.63,54.01,54.21,53.63,99871,68272933.33,1.08,0.71,0.38,0.27,SZ000703
6187,2023-07-04,54.08,54.08,54.14,53.57,75639,51662165.47,1.06,0.13,0.07,0.21,SZ000703
6188,2023-07-05,54.08,54.14,54.27,53.89,97558,66879511.12,0.7,0.11,0.06,0.27,SZ000703
6189,2023-07-06,54.14,53.38,54.14,53.25,109551,74120539.79,1.64,-1.4,-0.76,0.3,SZ000703
6190,2023-07-07,53.44,53.57,53.82,53.12,94205,63766549.97,1.31,0.36,0.19,0.26,SZ000703
6191,2023-07-10,53.57,53.89,54.01,53.5,104908,71351390.9,0.95,0.6,0.32,0.29,SZ000703
6192,2023-07-11,53.89,54.08,54.21,53.63,81625,55810206.12,1.08,0.35,0.19,0.22,SZ000703
6193,2023-07-12,54.21,54.53,55.16,54.08,161052,111548873.41,2.0,0.83,0.45,0.44,SZ000703
6194,2023-07-13,54.59,54.78,54.91,54.46,109706,76236061.16,0.83,0.46,0.25,0.3,SZ000703
6195,2023-07-14,54.85,54.78,54.91,54.4,65012,45205815.88,0.93,0.0,0.0,0.18,SZ000703
6196,2023-07-17,54.65,54.59,54.78,54.27,86815,60014665.5,0.93,-0.35,-0.19,0.24,SZ000703
6197,2023-07-18,54.72,55.16,55.16,54.53,113409,79153574.89,1.15,1.04,0.57,0.31,SZ000703
6198,2023-07-19,55.42,55.29,55.93,54.91,91718,64577866.4,1.85,0.24,0.13,0.25,SZ000703
6199,2023-07-20,55.16,54.72,55.48,54.72,72320,50728677.92,1.37,-1.03,-0.57,0.2,SZ000703
6200,2023-07-21,54.91,55.48,55.55,54.65,145241,102307063.07,1.64,1.39,0.76,0.4,SZ000703
6201,2023-07-24,55.42,55.1,55.48,54.97,83607,58623027.56,0.92,-0.68,-0.38,0.23,SZ000703
6202,2023-07-25,55.23,55.74,56.0,55.23,119189,84741256.01,1.4,1.16,0.64,0.33,SZ000703
6203,2023-07-26,55.74,56.06,56.12,55.68,60643,43311622.12,0.79,0.57,0.32,0.17,SZ000703
6204,2023-07-27,56.12,55.8,57.27,55.74,167120,120553693.61,2.73,-0.46,-0.26,0.46,SZ000703
6205,2023-07-28,56.0,56.25,56.31,55.55,101306,72352383.28,1.36,0.81,0.45,0.28,SZ000703
6206,2023-07-31,56.7,56.95,57.08,56.44,133498,97170966.96,1.14,1.24,0.7,0.37,SZ000703
6207,2023-08-01,56.89,56.83,57.14,56.57,105889,77161700.32,1.0,-0.21,-0.12,0.29,SZ000703
6208,2023-08-02,56.83,56.89,57.14,56.51,214358,156108233.53,1.11,0.11,0.06,0.59,SZ000703
6209,2023-08-03,56.83,57.46,57.46,56.7,142121,104366690.86,1.34,1.0,0.57,0.39,SZ000703
6210,2023-08-04,57.46,56.76,57.85,56.7,105843,77589379.67,2.0,-1.22,-0.7,0.29,SZ000703
6211,2023-08-07,56.76,56.95,57.14,56.06,115850,84065271.94,1.9,0.33,0.19,0.32,SZ000703
6212,2023-08-08,56.89,58.04,58.29,56.57,192720,143178702.22,3.02,1.91,1.09,0.53,SZ000703
6213,2023-08-09,58.04,58.1,58.17,57.66,100456,74957820.0,0.88,0.1,0.06,0.28,SZ000703
6214,2023-08-10,58.1,59.13,59.25,58.04,165757,125875091.42,2.08,1.77,1.03,0.45,SZ000703
6215,2023-08-11,59.13,58.61,59.51,58.42,140691,106831877.77,1.84,-0.88,-0.52,0.39,SZ000703
6216,2023-08-14,58.29,58.81,58.93,57.98,180438,136077204.44,1.62,0.34,0.2,0.49,SZ000703
6217,2023-08-15,58.81,58.36,59.13,57.59,142463,106975425.44,2.62,-0.77,-0.45,0.39,SZ000703
6218,2023-08-16,58.23,57.34,58.23,57.14,104325,77245575.55,1.87,-1.75,-1.02,0.29,SZ000703
6219,2023-08-17,57.21,57.08,57.34,55.8,139819,101675480.93,2.69,-0.45,-0.26,0.38,SZ000703
6220,2023-08-18,57.02,56.7,57.34,56.7,77413,56582315.42,1.12,-0.67,-0.38,0.21,SZ000703
6221,2023-08-21,56.7,56.12,57.14,56.06,102822,74354608.34,1.9,-1.02,-0.58,0.28,SZ000703
6222,2023-08-22,56.38,56.95,56.95,55.74,145125,104606905.37,2.16,1.48,0.83,0.4,SZ000703
6223,2023-08-23,56.89,57.91,58.55,56.51,219682,162693308.81,3.58,1.69,0.96,0.6,SZ000703
6224,2023-08-24,57.91,57.85,58.42,57.46,182395,135863914.98,1.66,-0.1,-0.06,0.5,SZ000703
6225,2023-08-25,57.85,59.7,59.83,57.46,448656,344510292.72,4.1,3.2,1.85,1.23,SZ000703
6226,2023-08-28,61.55,60.15,62.06,59.32,531728,418977679.98,4.59,0.75,0.45,1.46,SZ000703
6227,2023-08-29,60.08,59.83,60.47,59.57,182569,141746339.39,1.5,-0.53,-0.32,0.5,SZ000703
6228,2023-08-30,59.89,59.83,60.66,59.64,167234,130025744.45,1.7,0.0,0.0,0.46,SZ000703
6229,2023-08-31,59.89,59.32,60.34,59.19,100391,77335592.65,1.92,-0.85,-0.51,0.28,SZ000703
6230,2023-09-01,59.38,60.02,60.21,59.0,133705,103489800.97,2.04,1.18,0.7,0.37,SZ000703
6231,2023-09-04,60.15,60.47,60.85,59.83,167233,130554402.29,1.7,0.75,0.45,0.46,SZ000703
6232,2023-09-05,60.28,59.7,60.4,59.57,89937,69663359.04,1.37,-1.27,-0.77,0.25,SZ000703
6233,2023-09-06,59.76,58.93,59.89,58.74,129690,99073607.62,1.93,-1.29,-0.77,0.36,SZ000703
6234,2023-09-07,58.74,59.06,59.64,58.36,192078,146716037.0,2.17,0.22,0.13,0.53,SZ000703
6235,2023-09-08,59.19,59.96,60.08,58.61,169865,130524478.76,2.49,1.52,0.9,0.47,SZ000703
6236,2023-09-11,59.96,59.7,60.28,59.25,240027,185714123.53,1.72,-0.43,-0.26,0.66,SZ000703
6237,2023-09-12,59.51,59.44,59.64,58.74,134518,103005486.0,1.51,-0.44,-0.26,0.37,SZ000703
6238,2023-09-13,59.25,59.51,59.89,59.0,88614,68127017.01,1.5,0.12,0.07,0.24,SZ000703
6239,2023-09-14,59.25,59.57,59.83,59.25,118360,91216897.4,0.97,0.1,0.06,0.32,SZ000703
6240,2023-09-15,59.51,58.42,60.28,58.36,154837,118475801.54,3.22,-1.93,-1.15,0.42,SZ000703
6241,2023-09-18,58.29,58.81,58.87,58.04,100088,75628878.76,1.42,0.67,0.39,0.27,SZ000703
6242,2023-09-19,58.87,59.0,59.38,58.68,198722,151610044.99,1.19,0.32,0.19,0.54,SZ000703
6243,2023-09-20,58.74,58.74,59.25,58.42,202849,154458718.84,1.41,-0.44,-0.26,0.56,SZ000703
6244,2023-09-21,58.49,57.98,58.87,57.34,136225,101450005.5,2.6,-1.29,-0.76,0.37,SZ000703
6245,2023-09-22,57.78,58.29,58.87,57.53,212854,160091004.28,2.31,0.53,0.31,0.58,SZ000703
6246,2023-09-25,58.1,57.91,58.23,57.53,112399,83566322.77,1.2,-0.65,-0.38,0.31,SZ000703
6247,2023-09-26,57.78,57.4,58.23,57.34,90712,67184240.44,1.54,-0.88,-0.51,0.25,SZ000703
6248,2023-09-27,57.27,57.34,57.78,56.76,122372,89924800.3,1.78,-0.1,-0.06,0.34,SZ000703
6249,2023-09-28,57.53,57.27,57.72,56.57,134939,98516491.46,2.01,-0.12,-0.07,0.37,SZ000703
6250,2023-10-09,56.95,56.51,57.02,56.06,112853,81262139.62,1.68,-1.33,-0.76,0.31,SZ000703
6251,2023-10-10,56.38,56.25,56.63,56.12,44415,31964164.0,0.9,-0.46,-0.26,0.12,SZ000703
6252,2023-10-11,56.19,55.93,56.38,55.87,48924,35061794.47,0.91,-0.57,-0.32,0.13,SZ000703
6253,2023-10-12,56.06,55.93,56.44,55.93,72791,52209114.48,0.91,0.0,0.0,0.2,SZ000703
6254,2023-10-13,55.74,55.74,55.87,55.23,58771,41603361.0,1.14,-0.34,-0.19,0.16,SZ000703
6255,2023-10-16,55.55,56.38,56.38,55.04,109155,77656295.39,2.4,1.15,0.64,0.3,SZ000703
6256,2023-10-17,56.25,56.25,56.51,56.0,79483,57184907.72,0.9,-0.23,-0.13,0.22,SZ000703
6257,2023-10-18,56.19,55.74,56.63,55.61,95212,68204957.51,1.81,-0.91,-0.51,0.26,SZ000703
6258,2023-10-19,55.55,55.23,55.68,54.53,152498,106937356.88,2.06,-0.91,-0.51,0.42,SZ000703
6259,2023-10-20,55.04,54.91,55.04,54.33,98588,68440822.76,1.29,-0.58,-0.32,0.27,SZ000703
6260,2023-10-23,54.14,53.06,54.85,52.99,79739,53973556.36,3.39,-3.37,-1.85,0.22,SZ000703
6261,2023-10-24,53.31,52.93,53.44,52.74,100476,67111613.86,1.32,-0.25,-0.13,0.28,SZ000703
6262,2023-10-25,53.06,53.7,54.01,53.06,75959,51591013.0,1.79,1.45,0.77,0.21,SZ000703
6263,2023-10-26,53.95,55.42,55.68,53.5,156385,109065605.84,4.06,3.2,1.72,0.43,SZ000703
6264,2023-10-27,55.29,55.55,56.06,55.1,91363,64814479.48,1.73,0.23,0.13,0.25,SZ000703
6265,2023-10-30,55.68,57.34,57.59,55.61,173636,127070968.24,3.56,3.22,1.79,0.48,SZ000703
6266,2023-10-31,57.46,56.25,57.46,55.93,188310,135842848.08,2.67,-1.9,-1.09,0.52,SZ000703
6267,2023-11-01,56.31,56.19,56.51,55.87,68510,49183095.84,1.14,-0.11,-0.06,0.19,SZ000703
6268,2023-11-02,56.25,56.12,56.76,56.06,48056,34582244.0,1.25,-0.12,-0.07,0.13,SZ000703
6269,2023-11-03,56.06,56.44,57.08,56.0,76447,55363657.0,1.92,0.57,0.32,0.21,SZ000703
6270,2023-11-06,56.51,56.06,56.89,56.0,103510,74422981.76,1.58,-0.67,-0.38,0.28,SZ000703
6271,2023-11-07,56.25,56.31,56.63,55.87,61576,44371027.16,1.36,0.45,0.25,0.17,SZ000703
6272,2023-11-08,56.31,56.12,56.38,55.74,65863,47192194.24,1.14,-0.34,-0.19,0.18,SZ000703
6273,2023-11-09,56.06,55.87,56.25,55.8,53603,38338091.5,0.8,-0.45,-0.25,0.15,SZ000703
6274,2023-11-10,55.61,55.8,56.0,55.55,51847,36889120.0,0.81,-0.13,-0.07,0.14,SZ000703
6275,2023-11-13,55.74,55.48,56.0,54.91,71774,50589681.56,1.95,-0.57,-0.32,0.2,SZ000703
6276,2023-11-14,55.36,55.61,55.8,55.36,51058,36220828.84,0.79,0.23,0.13,0.14,SZ000703
6277,2023-11-15,55.8,56.0,56.25,55.8,63182,45172225.65,0.81,0.7,0.39,0.17,SZ000703
6278,2023-11-16,56.0,55.8,56.19,55.74,47302,33774089.44,0.8,-0.36,-0.2,0.13,SZ000703
6279,2023-11-17,55.74,55.04,55.87,54.97,91116,64080296.32,1.61,-1.36,-0.76,0.25,SZ000703
6280,2023-11-20,55.1,54.97,55.48,54.85,114142,79971776.16,1.14,-0.13,-0.07,0.31,SZ000703
6281,2023-11-21,55.1,54.78,55.36,54.78,104125,72934857.82,1.06,-0.35,-0.19,0.29,SZ000703
6282,2023-11-22,54.59,54.53,55.1,54.53,67568,47079661.0,1.04,-0.46,-0.25,0.19,SZ000703
6283,2023-11-23,54.72,54.91,55.1,54.4,75598,52493750.78,1.28,0.7,0.38,0.21,SZ000703
6284,2023-11-24,54.85,54.65,55.1,54.65,50889,35480405.6,0.82,-0.47,-0.26,0.14,SZ000703
6285,2023-11-27,54.53,54.53,54.78,54.08,59351,40921445.4,1.28,-0.22,-0.12,0.16,SZ000703
6286,2023-11-28,54.65,54.65,54.85,54.08,63444,43901356.64,1.41,0.22,0.12,0.17,SZ000703
6287,2023-11-29,54.78,54.21,54.91,54.21,43573,30105032.88,1.28,-0.81,-0.44,0.12,SZ000703
6288,2023-11-30,54.21,54.14,54.4,53.89,45895,31479822.42,0.94,-0.13,-0.07,0.13,SZ000703
6289,2023-12-01,54.08,53.7,54.27,53.5,64478,43933194.23,1.42,-0.81,-0.44,0.18,SZ000703
6290,2023-12-04,53.63,53.57,54.27,53.5,63394,43106285.78,1.43,-0.24,-0.13,0.17,SZ000703
6291,2023-12-05,53.44,53.12,53.57,53.12,55259,37203447.09,0.84,-0.84,-0.45,0.15,SZ000703
6292,2023-12-06,52.99,53.31,53.57,52.61,75396,50684331.66,1.81,0.36,0.19,0.21,SZ000703
6293,2023-12-07,53.31,53.18,53.5,52.86,59061,39615312.26,1.2,-0.24,-0.13,0.16,SZ000703
6294,2023-12-08,53.31,52.99,53.5,52.99,54024,36247394.12,0.96,-0.36,-0.19,0.15,SZ000703
6295,2023-12-11,52.86,53.63,53.95,52.23,102458,68627198.79,3.25,1.21,0.64,0.28,SZ000703
6296,2023-12-12,53.76,53.89,54.14,53.44,74949,51002678.2,1.31,0.48,0.26,0.21,SZ000703
6297,2023-12-13,54.27,53.44,54.4,53.44,78366,53370924.0,1.78,-0.84,-0.45,0.21,SZ000703
6298,2023-12-14,53.5,53.06,53.7,52.99,77350,52109113.4,1.33,-0.71,-0.38,0.21,SZ000703
6299,2023-12-15,53.18,52.74,53.44,52.74,80194,53644648.96,1.32,-0.6,-0.32,0.22,SZ000703
6300,2023-12-18,52.74,52.8,53.12,52.23,149909,99283136.53,1.69,0.11,0.06,0.41,SZ000703
6301,2023-12-19,52.61,53.12,53.25,52.16,187839,124607715.63,2.06,0.61,0.32,0.52,SZ000703
6302,2023-12-20,52.99,53.25,54.01,52.93,106075,71571619.3,2.03,0.24,0.13,0.29,SZ000703
6303,2023-12-21,53.12,53.06,53.44,52.86,90212,60437337.09,1.09,-0.36,-0.19,0.25,SZ000703
6304,2023-12-22,52.93,53.06,53.25,52.55,114776,76462344.8,1.32,0.0,0.0,0.31,SZ000703
6305,2023-12-25,52.93,53.06,53.18,52.61,56953,38019218.0,1.07,0.0,0.0,0.16,SZ000703
6306,2023-12-26,53.06,53.12,53.44,52.86,71228,47722806.0,1.09,0.11,0.06,0.2,SZ000703
6307,2023-12-27,52.99,52.99,53.18,52.61,84013,55993034.98,1.07,-0.24,-0.13,0.23,SZ000703
6308,2023-12-28,52.86,53.5,53.63,52.74,100307,67453224.82,1.68,0.96,0.51,0.28,SZ000703
6309,2023-12-29,53.44,53.25,53.63,53.18,87193,58773786.28,0.84,-0.47,-0.25,0.24,SZ000703
6310,2024-01-02,53.25,53.06,53.57,53.06,110407,74327253.24,0.96,-0.36,-0.19,0.3,SZ000703
6311,2024-01-03,53.06,53.76,53.95,53.06,130054,88130266.26,1.68,1.32,0.7,0.36,SZ000703
6312,2024-01-04,53.7,53.5,54.21,53.18,104787,70940224.88,1.92,-0.48,-0.26,0.29,SZ000703
6313,2024-01-05,53.57,53.31,53.76,53.18,77762,52572738.1,1.08,-0.36,-0.19,0.21,SZ000703
6314,2024-01-08,53.25,52.99,53.31,51.91,225080,149164309.49,2.63,-0.6,-0.32,0.62,SZ000703
6315,2024-01-09,52.55,53.12,53.18,52.03,182114,120621370.0,2.17,0.25,0.13,0.5,SZ000703
6316,2024-01-10,52.99,53.06,53.38,52.67,85987,57538940.95,1.34,-0.11,-0.06,0.24,SZ000703
6317,2024-01-11,52.93,52.99,53.25,52.67,71674,47891853.4,1.09,-0.13,-0.07,0.2,SZ000703
6318,2024-01-12,52.93,53.57,53.89,52.8,107442,72676725.16,2.06,1.09,0.58,0.29,SZ000703
6319,2024-01-15,53.57,53.25,53.82,53.18,50996,34404744.47,1.19,-0.6,-0.32,0.14,SZ000703
6320,2024-01-16,53.18,53.12,53.44,52.74,61152,40935253.5,1.31,-0.24,-0.13,0.17,SZ000703
6321,2024-01-17,52.86,52.93,53.18,51.84,292593,193962602.37,2.52,-0.36,-0.19,0.8,SZ000703
6322,2024-01-18,52.48,52.48,52.93,51.46,223841,146591974.05,2.78,-0.85,-0.45,0.61,SZ000703
6323,2024-01-19,52.23,52.29,52.55,51.97,157112,103291663.37,1.11,-0.36,-0.19,0.43,SZ000703
6324,2024-01-22,52.16,50.76,52.16,50.76,137417,88417258.46,2.68,-2.93,-1.53,0.38,SZ000703
6325,2024-01-23,50.37,51.01,51.2,49.35,102854,64520764.57,3.64,0.49,0.25,0.28,SZ000703
6326,2024-01-24,50.82,51.4,51.46,50.37,79452,50660694.24,2.14,0.76,0.39,0.22,SZ000703
6327,2024-01-25,51.33,52.61,52.67,51.14,106369,69703779.1,2.98,2.35,1.21,0.29,SZ000703
6328,2024-01-26,52.48,52.42,52.93,52.29,79112,52379256.56,1.22,-0.36,-0.19,0.22,SZ000703
6329,2024-01-29,52.48,52.03,52.8,51.97,71900,47434906.9,1.58,-0.74,-0.39,0.2,SZ000703
6330,2024-01-30,51.71,51.33,52.23,50.88,61025,39564100.93,2.59,-1.35,-0.7,0.17,SZ000703
6331,2024-01-31,51.01,50.12,51.46,50.05,73455,46410148.38,2.75,-2.36,-1.21,0.2,SZ000703
6332,2024-02-01,50.31,50.5,51.01,49.67,58733,36773697.96,2.67,0.76,0.38,0.16,SZ000703
