,date,open,close,high,low,volume,amount,amplitude,pct_chg,change,turnover_rate,symbol
0,2012-09-05,19.19,19.52,19.8,18.7,376217,721371136.0,5.86,4.05,0.76,75.24,SZ002697
1,2012-09-06,20.3,20.9,21.47,20.17,298136,620615008.0,6.66,7.07,1.38,59.63,SZ002697
2,2012-09-07,20.45,20.69,21.42,20.08,252000,520298576.0,6.41,-1.0,-0.21,50.4,SZ002697
3,2012-09-10,21.2,21.05,22.0,20.91,224477,480220096.0,5.27,1.74,0.36,44.9,SZ002697
4,2012-09-11,20.5,20.42,21.18,20.29,137745,284372624.0,4.23,-2.99,-0.63,27.55,SZ002697
5,2012-09-12,20.4,20.17,20.63,19.81,117065,236620195.0,4.02,-1.22,-0.25,23.41,SZ002697
6,2012-09-13,20.08,19.22,20.36,19.19,103521,204855882.0,5.8,-4.71,-0.95,20.7,SZ002697
7,2012-09-14,19.33,19.49,19.7,18.86,91069,175647307.0,4.37,1.4,0.27,18.21,SZ002697
8,2012-09-17,19.24,18.3,19.36,18.08,80910,151610324.0,6.57,-6.11,-1.19,16.18,SZ002697
9,2012-09-18,18.09,18.12,18.53,17.9,45645,83140761.0,3.44,-0.98,-0.18,9.13,SZ002697
10,2012-09-19,18.22,18.3,18.45,18.0,33244,60567154.0,2.48,0.99,0.18,6.65,SZ002697
11,2012-09-20,18.2,17.05,18.2,17.0,65696,114656961.0,6.56,-6.83,-1.25,13.14,SZ002697
12,2012-09-21,16.98,16.48,17.12,16.45,48936,82185952.0,3.93,-3.34,-0.57,9.79,SZ002697
13,2012-09-24,16.31,16.79,16.94,16.1,40817,67954429.0,5.1,1.88,0.31,8.16,SZ002697
14,2012-09-25,16.68,16.21,16.84,16.14,38267,62811538.0,4.17,-3.45,-0.58,7.65,SZ002697
15,2012-09-26,16.1,16.07,16.35,15.97,30778,49606711.0,2.34,-0.86,-0.14,6.16,SZ002697
16,2012-09-27,16.1,16.42,16.55,15.68,66393,107280797.0,5.41,2.18,0.35,13.28,SZ002697
17,2012-09-28,16.24,16.44,16.56,16.14,46274,75816322.0,2.56,0.12,0.02,9.25,SZ002697
18,2012-10-08,16.6,16.45,16.95,16.42,41149,68382222.0,3.22,0.06,0.01,8.23,SZ002697
19,2012-10-09,16.3,16.85,16.94,16.29,55178,92363625.0,3.95,2.43,0.4,11.04,SZ002697
20,2012-10-10,16.71,17.02,17.08,16.58,49453,83124967.0,2.97,1.01,0.17,9.89,SZ002697
21,2012-10-11,16.98,16.4,17.14,16.4,39992,67112225.0,4.35,-3.64,-0.62,8.0,SZ002697
22,2012-10-12,16.38,16.38,16.59,16.14,24328,39899829.0,2.74,-0.12,-0.02,4.87,SZ002697
23,2012-10-15,16.21,15.23,16.36,14.94,56302,86739022.0,8.67,-7.02,-1.15,11.26,SZ002697
24,2012-10-16,15.26,15.18,15.4,15.01,25881,39438085.0,2.56,-0.33,-0.05,5.18,SZ002697
25,2012-10-17,15.23,15.25,15.37,15.05,17854,27218470.0,2.11,0.46,0.07,3.57,SZ002697
26,2012-10-18,15.25,15.45,15.57,15.23,32145,49586390.0,2.23,1.31,0.2,6.43,SZ002697
27,2012-10-19,15.49,15.31,15.57,15.23,23665,36336894.0,2.2,-0.91,-0.14,4.73,SZ002697
28,2012-10-22,15.2,15.46,15.5,15.11,19132,29338140.0,2.55,0.98,0.15,3.83,SZ002697
29,2012-10-23,15.49,15.3,15.56,15.22,24032,36929015.0,2.2,-1.03,-0.16,4.81,SZ002697
30,2012-10-24,15.25,15.08,15.35,15.04,20430,31042241.0,2.03,-1.44,-0.22,4.09,SZ002697
31,2012-10-25,15.08,15.12,15.2,14.96,16986,25678772.0,1.59,0.27,0.04,3.4,SZ002697
32,2012-10-26,15.16,14.26,15.16,14.19,37513,54637795.0,6.42,-5.69,-0.86,7.5,SZ002697
33,2012-10-29,14.3,14.29,14.42,14.19,14134,20218006.0,1.61,0.21,0.03,2.83,SZ002697
34,2012-10-30,14.28,14.35,14.51,14.26,15273,22010301.0,1.75,0.42,0.06,3.05,SZ002697
35,2012-10-31,14.48,14.61,14.65,14.32,20449,29635199.0,2.3,1.81,0.26,4.09,SZ002697
36,2012-11-01,14.6,14.92,14.96,14.53,27957,41320427.0,2.94,2.12,0.31,5.59,SZ002697
37,2012-11-02,14.87,14.8,14.93,14.68,19621,29018656.0,1.68,-0.8,-0.12,3.92,SZ002697
38,2012-11-05,14.8,14.65,14.81,14.5,15734,23011147.0,2.09,-1.01,-0.15,3.15,SZ002697
39,2012-11-06,14.6,14.51,14.65,14.28,13398,19364235.0,2.53,-0.96,-0.14,2.68,SZ002697
40,2012-11-07,14.51,14.63,14.68,14.42,10020,14605279.0,1.79,0.83,0.12,2.0,SZ002697
41,2012-11-08,14.56,14.06,14.56,14.01,17147,24423690.0,3.76,-3.9,-0.57,3.43,SZ002697
42,2012-11-09,14.04,14.05,14.17,14.0,11863,16703577.0,1.21,-0.07,-0.01,2.37,SZ002697
43,2012-11-12,14.06,14.28,14.28,14.06,9445,13398957.0,1.57,1.64,0.23,1.89,SZ002697
44,2012-11-13,14.25,13.82,14.25,13.75,14918,20818320.0,3.5,-3.22,-0.46,2.98,SZ002697
45,2012-11-14,13.8,14.41,14.63,13.8,41745,60022140.0,6.01,4.27,0.59,8.35,SZ002697
46,2012-11-15,14.28,14.9,15.08,14.22,79372,117857065.0,5.97,3.4,0.49,15.87,SZ002697
47,2012-11-16,14.78,14.91,15.38,14.66,62223,93537747.0,4.83,0.07,0.01,12.44,SZ002697
48,2012-11-19,14.87,14.99,15.06,14.68,31809,47220310.0,2.55,0.54,0.08,6.36,SZ002697
49,2012-11-20,15.0,14.7,15.07,14.57,29225,43304665.0,3.34,-1.93,-0.29,5.85,SZ002697
50,2012-11-21,14.69,15.27,15.3,14.65,57655,86647886.0,4.42,3.88,0.57,11.53,SZ002697
51,2012-11-22,15.1,15.0,15.22,14.88,31909,47903924.0,2.23,-1.77,-0.27,6.38,SZ002697
52,2012-11-23,15.05,14.95,15.05,14.83,21136,31535937.0,1.47,-0.33,-0.05,4.23,SZ002697
53,2012-11-26,14.9,14.75,15.19,14.75,29379,44063844.0,2.94,-1.34,-0.2,5.88,SZ002697
54,2012-11-27,14.75,13.38,14.75,13.38,47947,65773421.0,9.29,-9.29,-1.37,9.59,SZ002697
55,2012-11-28,13.37,13.08,13.37,13.03,18851,24748671.0,2.54,-2.24,-0.3,3.77,SZ002697
56,2012-11-29,13.13,12.9,13.28,12.76,16344,21324223.0,3.98,-1.38,-0.18,3.27,SZ002697
57,2012-11-30,12.9,13.04,13.11,12.81,12989,16888269.0,2.33,1.09,0.14,2.6,SZ002697
58,2012-12-03,13.02,12.39,13.03,12.39,20147,25547053.0,4.91,-4.98,-0.65,4.03,SZ002697
59,2012-12-04,12.29,12.45,12.53,11.95,28833,35144459.0,4.68,0.48,0.06,5.77,SZ002697
60,2012-12-05,12.37,13.0,13.13,12.32,35566,45707436.0,6.51,4.42,0.55,7.11,SZ002697
61,2012-12-06,12.9,12.87,13.13,12.83,21142,27364934.0,2.31,-1.0,-0.13,4.23,SZ002697
62,2012-12-07,12.89,13.27,13.32,12.75,30804,40424134.0,4.43,3.11,0.4,6.16,SZ002697
63,2012-12-10,13.7,14.31,14.6,13.48,65472,92519753.0,8.44,7.84,1.04,13.09,SZ002697
64,2012-12-11,14.0,14.03,14.25,13.92,36602,51473171.0,2.31,-1.96,-0.28,7.32,SZ002697
65,2012-12-12,14.02,14.39,14.65,14.02,44149,63306725.0,4.49,2.57,0.36,8.83,SZ002697
66,2012-12-13,14.31,13.88,14.37,13.85,30657,43138021.0,3.61,-3.54,-0.51,6.13,SZ002697
67,2012-12-14,13.71,14.4,14.59,13.71,50333,71928601.0,6.34,3.75,0.52,10.07,SZ002697
68,2012-12-17,14.4,14.52,14.85,14.32,41652,60709749.0,3.68,0.83,0.12,8.33,SZ002697
69,2012-12-18,14.5,14.3,14.74,14.17,34872,50521660.0,3.93,-1.52,-0.22,6.97,SZ002697
70,2012-12-19,14.33,14.47,14.56,14.3,22832,32970857.0,1.82,1.19,0.17,4.57,SZ002697
71,2012-12-20,14.39,15.18,15.28,14.28,65486,97842540.0,6.91,4.91,0.71,13.1,SZ002697
72,2012-12-21,15.09,16.57,16.7,15.06,134019,215645144.0,10.8,9.16,1.39,26.8,SZ002697
73,2012-12-24,16.26,16.64,16.93,16.08,115862,190650139.0,5.13,0.42,0.07,23.17,SZ002697
74,2012-12-25,16.52,16.9,17.42,16.32,98018,164883704.0,6.61,1.56,0.26,19.6,SZ002697
75,2012-12-26,16.79,17.75,18.1,16.73,83884,147236428.0,8.11,5.03,0.85,16.78,SZ002697
76,2012-12-27,17.75,16.98,17.95,16.97,71938,124471349.0,5.52,-4.34,-0.77,14.39,SZ002697
77,2012-12-28,16.75,17.97,18.15,16.55,95081,166249231.0,9.42,5.83,0.99,19.02,SZ002697
78,2012-12-31,17.81,17.81,18.0,17.35,60554,106863564.0,3.62,-0.89,-0.16,12.11,SZ002697
79,2013-01-04,18.57,18.2,18.79,17.9,88628,162595218.0,5.0,2.19,0.39,17.73,SZ002697
80,2013-01-07,18.05,19.2,19.4,18.05,80249,151788875.0,7.42,5.49,1.0,16.05,SZ002697
81,2013-01-08,19.1,19.05,19.55,18.81,75537,144501207.0,3.85,-0.78,-0.15,15.11,SZ002697
82,2013-01-09,18.56,18.46,19.13,18.11,64025,119215657.0,5.35,-3.1,-0.59,12.81,SZ002697
83,2013-01-10,18.35,18.5,18.82,18.14,45684,84273224.0,3.68,0.22,0.04,9.14,SZ002697
84,2013-01-11,18.72,18.59,19.0,18.35,56943,106392682.0,3.51,0.49,0.09,11.39,SZ002697
85,2013-01-14,18.35,19.7,20.14,18.35,90264,174854750.0,9.63,5.97,1.11,18.05,SZ002697
86,2013-01-15,19.6,19.57,19.93,19.55,55853,110079492.0,1.93,-0.66,-0.13,11.17,SZ002697
87,2013-01-16,19.54,18.92,19.56,18.66,54232,103377238.0,4.6,-3.32,-0.65,10.85,SZ002697
88,2013-01-17,18.87,18.22,18.87,18.15,40522,74578316.0,3.81,-3.7,-0.7,8.1,SZ002697
89,2013-01-18,18.2,18.52,18.55,18.11,28341,52163244.0,2.41,1.65,0.3,5.67,SZ002697
90,2013-01-21,18.6,19.13,19.49,18.45,50621,96380351.0,5.62,3.29,0.61,10.12,SZ002697
91,2013-01-22,19.19,18.29,19.25,18.06,34867,64701094.0,6.22,-4.39,-0.84,6.97,SZ002697
92,2013-01-23,18.11,18.34,18.48,17.6,32504,58565534.0,4.81,0.27,0.05,6.5,SZ002697
93,2013-01-24,18.06,17.48,18.45,17.37,32101,57573571.0,5.89,-4.69,-0.86,6.42,SZ002697
94,2013-01-25,17.31,17.48,17.78,17.31,18038,31577843.0,2.69,0.0,0.0,3.61,SZ002697
95,2013-01-28,17.58,18.37,18.37,17.5,30400,55148596.0,4.98,5.09,0.89,6.08,SZ002697
96,2013-01-29,18.32,18.89,19.18,18.32,42005,79275160.0,4.68,2.83,0.52,8.4,SZ002697
97,2013-01-30,18.98,18.88,19.25,18.6,30295,57138748.0,3.44,-0.05,-0.01,6.06,SZ002697
98,2013-01-31,18.91,18.64,19.18,18.45,25148,46830815.0,3.87,-1.27,-0.24,5.03,SZ002697
99,2013-02-01,18.55,18.84,18.86,18.45,22422,41908101.0,2.2,1.07,0.2,4.48,SZ002697
100,2013-02-04,18.9,18.96,19.68,18.9,52024,100104647.0,4.14,0.64,0.12,10.41,SZ002697
101,2013-02-05,18.82,19.2,19.24,17.63,67543,124786563.0,8.49,1.27,0.24,13.51,SZ002697
102,2013-02-06,17.9,18.52,19.09,17.35,132367,239514779.0,9.06,-3.54,-0.68,26.48,SZ002697
103,2013-02-07,18.39,17.87,18.39,17.8,74752,135257267.0,3.19,-3.51,-0.65,14.95,SZ002697
104,2013-02-08,17.77,17.92,18.06,17.6,56499,100784675.0,2.57,0.28,0.05,11.3,SZ002697
105,2013-02-18,17.93,18.08,18.18,17.36,62243,111061712.0,4.58,0.89,0.16,12.45,SZ002697
106,2013-02-19,18.05,17.67,18.05,17.62,46540,82921308.0,2.38,-2.27,-0.41,9.31,SZ002697
107,2013-02-20,17.68,17.56,17.69,17.26,34712,60632523.0,2.43,-0.62,-0.11,6.94,SZ002697
108,2013-02-21,17.5,17.03,17.5,17.03,37715,65079071.0,2.68,-3.02,-0.53,7.54,SZ002697
109,2013-02-22,17.1,17.2,17.37,17.1,24473,42126324.0,1.59,1.0,0.17,4.89,SZ002697
110,2013-02-25,17.28,17.3,17.53,17.22,22058,38329767.0,1.8,0.58,0.1,4.41,SZ002697
111,2013-02-26,17.27,17.12,17.45,17.1,21237,36627967.0,2.02,-1.04,-0.18,4.25,SZ002697
112,2013-02-27,17.13,17.35,17.36,17.11,19787,34122397.0,1.46,1.34,0.23,3.96,SZ002697
113,2013-02-28,17.45,17.58,17.59,17.22,28198,49132342.0,2.13,1.33,0.23,5.64,SZ002697
114,2013-03-01,17.6,17.61,17.88,17.47,30201,53345635.0,2.33,0.17,0.03,6.04,SZ002697
115,2013-03-04,17.59,16.82,17.59,16.66,32994,56323677.0,5.28,-4.49,-0.79,6.6,SZ002697
116,2013-03-05,16.82,17.09,17.09,16.6,18110,30538507.0,2.91,1.61,0.27,3.62,SZ002697
117,2013-03-06,17.1,17.22,17.37,17.0,23555,40537264.0,2.17,0.76,0.13,4.71,SZ002697
118,2013-03-07,17.32,17.12,17.33,16.9,22836,39171770.0,2.5,-0.58,-0.1,4.57,SZ002697
119,2013-03-08,17.11,17.02,17.18,16.94,11897,20300619.0,1.4,-0.58,-0.1,2.38,SZ002697
120,2013-03-11,17.05,17.07,17.11,16.86,9835,16740429.0,1.47,0.29,0.05,1.97,SZ002697
121,2013-03-12,17.07,16.24,17.08,16.11,24206,39957053.0,5.68,-4.86,-0.83,4.84,SZ002697
122,2013-03-13,16.2,15.7,16.3,15.65,14651,23275531.0,4.0,-3.33,-0.54,2.93,SZ002697
123,2013-03-14,15.69,15.68,15.89,15.63,9325,14693753.0,1.66,-0.13,-0.02,1.87,SZ002697
124,2013-03-15,15.57,15.76,15.99,15.51,13753,21733944.0,3.06,0.51,0.08,2.75,SZ002697
125,2013-03-18,15.76,15.4,15.82,15.4,11192,17432539.0,2.66,-2.28,-0.36,2.24,SZ002697
126,2013-03-19,15.41,15.63,15.63,15.1,10559,16264855.0,3.44,1.49,0.23,2.11,SZ002697
127,2013-03-20,15.56,16.05,16.07,15.56,14752,23479174.0,3.26,2.69,0.42,2.95,SZ002697
128,2013-03-21,16.03,16.25,16.38,16.01,16330,26452936.0,2.31,1.25,0.2,3.27,SZ002697
129,2013-03-22,16.25,16.1,16.25,16.02,13334,21468278.0,1.42,-0.92,-0.15,2.67,SZ002697
130,2013-03-25,16.18,15.82,16.18,15.8,13449,21427699.0,2.36,-1.74,-0.28,2.69,SZ002697
131,2013-03-26,15.85,16.14,16.15,15.48,16317,25767828.0,4.24,2.02,0.32,3.26,SZ002697
132,2013-03-27,16.1,15.91,16.2,15.75,13865,22221140.0,2.79,-1.43,-0.23,2.77,SZ002697
133,2013-03-28,15.85,15.32,15.85,15.21,17629,27159337.0,4.02,-3.71,-0.59,3.53,SZ002697
134,2013-03-29,15.39,15.33,15.44,15.26,7300,11221965.0,1.17,0.07,0.01,1.46,SZ002697
135,2013-04-01,15.2,15.31,15.49,15.2,8993,13814938.0,1.89,-0.13,-0.02,1.8,SZ002697
136,2013-04-02,15.35,15.49,15.57,15.25,11906,18422220.0,2.09,1.18,0.18,2.38,SZ002697
137,2013-04-03,15.59,15.28,15.59,15.24,8733,13404397.0,2.26,-1.36,-0.21,1.75,SZ002697
138,2013-04-08,15.12,15.27,15.3,15.0,7250,10994556.0,1.96,-0.07,-0.01,1.45,SZ002697
139,2013-04-09,15.25,15.56,15.57,15.25,9732,15035669.0,2.1,1.9,0.29,1.95,SZ002697
140,2013-04-10,15.62,15.5,15.62,15.42,8932,13654880.0,1.29,-0.39,-0.06,1.79,SZ002697
141,2013-04-11,15.5,16.09,16.32,15.5,29539,46507446.0,5.29,3.81,0.59,5.91,SZ002697
142,2013-04-12,15.94,15.49,16.17,15.22,19688,30667403.0,5.9,-3.73,-0.6,3.94,SZ002697
143,2013-04-15,15.5,15.32,15.57,15.24,9817,14831224.0,2.13,-1.1,-0.17,1.96,SZ002697
144,2013-04-16,15.22,15.47,15.54,15.02,7073,10657388.0,3.39,0.98,0.15,1.41,SZ002697
145,2013-04-17,15.47,15.5,15.58,15.36,6984,10650717.0,1.42,0.19,0.03,1.4,SZ002697
146,2013-04-18,15.41,15.61,15.7,15.4,10996,16889317.0,1.94,0.71,0.11,2.2,SZ002697
147,2013-04-19,15.6,16.03,16.22,15.59,24426,38647990.0,4.04,2.69,0.42,4.89,SZ002697
148,2013-04-22,15.98,16.89,17.4,15.85,67420,111978190.0,9.67,5.36,0.86,13.48,SZ002697
149,2013-04-23,16.72,16.13,16.72,16.05,36339,58524679.0,3.97,-4.5,-0.76,7.27,SZ002697
150,2013-04-24,15.95,16.27,16.48,15.95,19994,32002943.0,3.29,0.87,0.14,4.0,SZ002697
151,2013-04-25,16.3,15.52,16.3,15.5,24665,38610125.0,4.92,-4.61,-0.75,4.93,SZ002697
152,2013-04-26,15.59,14.93,15.67,14.9,23800,35642746.0,4.96,-3.8,-0.59,4.76,SZ002697
153,2013-05-02,14.93,14.71,14.97,14.61,12757,18538007.0,2.41,-1.47,-0.22,2.55,SZ002697
154,2013-05-03,14.77,14.95,15.15,14.77,14507,21500138.0,2.58,1.63,0.24,2.9,SZ002697
155,2013-05-06,14.96,15.23,15.3,14.94,12660,18950112.0,2.41,1.87,0.28,2.53,SZ002697
156,2013-05-07,15.32,15.21,15.41,15.12,9750,14639132.0,1.9,-0.13,-0.02,1.95,SZ002697
157,2013-05-08,15.22,15.41,15.51,15.18,13158,19947745.0,2.17,1.31,0.2,2.63,SZ002697
158,2013-05-09,15.41,15.21,15.42,15.09,12330,18499026.0,2.14,-1.3,-0.2,2.47,SZ002697
159,2013-05-10,15.18,15.42,15.42,15.06,12543,18851159.0,2.37,1.38,0.21,2.51,SZ002697
160,2013-05-13,15.46,15.85,15.95,15.42,24612,38237672.0,3.44,2.79,0.43,4.92,SZ002697
161,2013-05-14,15.82,15.4,15.82,15.37,15189,23278909.0,2.84,-2.84,-0.45,3.04,SZ002697
162,2013-05-15,15.4,15.72,15.81,15.4,11006,16949884.0,2.66,2.08,0.32,2.2,SZ002697
163,2013-05-16,15.71,15.79,16.0,15.54,17967,28022577.0,2.93,0.45,0.07,3.59,SZ002697
164,2013-05-17,15.82,15.91,16.03,15.79,16731,26292357.0,1.52,0.76,0.12,3.35,SZ002697
165,2013-05-20,15.87,16.2,16.26,15.87,20406,32522057.0,2.45,1.82,0.29,4.08,SZ002697
166,2013-05-21,16.19,16.26,16.27,16.08,20169,32178295.0,1.17,0.37,0.06,4.03,SZ002697
167,2013-05-22,16.32,16.0,16.38,15.91,20453,32519683.0,2.89,-1.6,-0.26,4.09,SZ002697
168,2013-05-23,15.92,15.8,16.03,15.72,15426,24119208.0,1.94,-1.25,-0.2,3.09,SZ002697
169,2013-05-24,15.86,15.91,15.98,15.69,12416,19398850.0,1.84,0.7,0.11,2.48,SZ002697
170,2013-05-27,15.92,16.24,16.26,15.9,18323,29171904.0,2.26,2.07,0.33,3.66,SZ002697
171,2013-05-28,16.31,16.2,16.4,16.08,16974,27175753.0,1.97,-0.25,-0.04,3.4,SZ002697
172,2013-05-29,16.2,16.31,16.32,16.08,19852,31755341.0,1.48,0.68,0.11,3.97,SZ002697
173,2013-05-30,16.27,16.15,16.28,16.08,18678,29773488.0,1.23,-0.98,-0.16,3.74,SZ002697
174,2013-05-31,16.16,16.54,16.92,16.16,49642,81472782.0,4.71,2.41,0.39,9.93,SZ002697
175,2013-06-03,16.61,17.36,18.02,16.61,83969,144425710.0,8.52,4.96,0.82,16.8,SZ002697
176,2013-06-04,17.12,16.94,17.33,16.67,33852,56775808.0,3.8,-2.42,-0.42,6.77,SZ002697
177,2013-06-05,16.92,17.46,17.56,16.88,39015,66734383.0,4.01,3.07,0.52,7.8,SZ002697
178,2013-06-06,17.37,17.09,17.55,17.07,22099,37621870.0,2.75,-2.12,-0.37,4.42,SZ002697
179,2013-06-07,17.09,16.18,17.11,16.02,30304,49106167.0,6.38,-5.32,-0.91,6.06,SZ002697
180,2013-06-13,15.82,15.23,15.82,14.9,21343,32074317.0,5.69,-5.87,-0.95,4.27,SZ002697
181,2013-06-14,15.35,15.37,15.55,15.27,12766,19388005.0,1.84,0.92,0.14,2.55,SZ002697
182,2013-06-17,15.39,15.39,15.51,15.01,16058,24127517.0,3.25,0.13,0.02,3.21,SZ002697
183,2013-06-18,15.33,15.39,15.5,15.23,9662,14652514.0,1.75,0.0,0.0,1.93,SZ002697
184,2013-06-19,15.28,14.97,15.32,14.66,28663,41927841.0,4.29,-2.73,-0.42,5.73,SZ002697
185,2013-06-20,14.89,14.75,14.92,14.72,12123,17692476.0,1.34,-1.47,-0.22,2.42,SZ002697
186,2013-06-21,14.62,14.77,14.8,14.35,8872,12738606.0,3.05,0.14,0.02,1.77,SZ002697
187,2013-06-24,14.83,14.19,14.93,13.92,11913,16884450.0,6.84,-3.93,-0.58,2.38,SZ002697
188,2013-06-25,14.19,14.34,14.46,12.9,16150,21958477.0,10.99,1.06,0.15,3.23,SZ002697
189,2013-06-26,14.36,14.37,14.49,14.12,11116,15670176.0,2.58,0.21,0.03,2.22,SZ002697
190,2013-06-27,14.48,14.07,14.7,14.07,12968,18406018.0,4.38,-2.09,-0.3,2.59,SZ002697
191,2013-06-28,13.95,14.09,14.42,13.93,7588,10563300.0,3.48,0.14,0.02,1.52,SZ002697
192,2013-07-01,14.01,14.33,14.34,13.96,6544,9105198.0,2.7,1.7,0.24,1.31,SZ002697
193,2013-07-02,14.32,14.57,14.66,14.17,11864,16933304.0,3.42,1.67,0.24,2.37,SZ002697
194,2013-07-03,14.5,14.4,14.5,14.02,17413,24374175.0,3.29,-1.17,-0.17,3.48,SZ002697
195,2013-07-04,14.22,14.43,14.59,14.13,12013,17055555.0,3.19,0.21,0.03,2.4,SZ002697
196,2013-07-05,14.42,14.41,14.6,14.37,8139,11604774.0,1.59,-0.14,-0.02,1.63,SZ002697
197,2013-07-08,14.32,13.73,14.32,13.72,12017,16417369.0,4.16,-4.72,-0.68,2.4,SZ002697
198,2013-07-09,13.77,13.7,13.85,13.62,5625,7589008.0,1.68,-0.22,-0.03,1.13,SZ002697
199,2013-07-10,13.54,14.03,14.05,13.54,9326,12730700.0,3.72,2.41,0.33,1.87,SZ002697
200,2013-07-11,14.06,14.41,14.55,14.05,13457,19041993.0,3.56,2.71,0.38,2.69,SZ002697
201,2013-07-12,14.41,14.36,14.74,14.32,16475,23521471.0,2.91,-0.35,-0.05,3.3,SZ002697
202,2013-07-15,14.47,14.62,14.74,14.36,14340,20584093.0,2.65,1.81,0.26,2.87,SZ002697
203,2013-07-16,14.61,14.72,14.81,14.52,11807,17075184.0,1.98,0.68,0.1,2.36,SZ002697
204,2013-07-17,14.72,14.32,14.79,14.3,13823,19794340.0,3.33,-2.72,-0.4,2.76,SZ002697
205,2013-07-18,14.28,14.24,14.48,14.2,8933,12579011.0,1.96,-0.56,-0.08,1.79,SZ002697
206,2013-07-19,14.39,14.25,14.68,14.24,15610,22301448.0,3.09,0.07,0.01,3.12,SZ002697
207,2013-07-22,14.24,14.26,14.27,13.88,8972,12444595.0,2.74,0.07,0.01,1.79,SZ002697
208,2013-07-23,14.3,14.69,14.7,14.23,17558,25120616.0,3.3,3.02,0.43,3.51,SZ002697
209,2013-07-24,14.77,14.64,14.77,14.48,12813,18437177.0,1.97,-0.34,-0.05,2.56,SZ002697
210,2013-07-25,14.61,14.82,14.98,14.46,19683,28616634.0,3.55,1.23,0.18,3.94,SZ002697
211,2013-07-26,14.8,14.58,14.87,14.5,10927,15758756.0,2.5,-1.62,-0.24,2.19,SZ002697
212,2013-07-29,14.53,14.16,14.57,14.03,9487,13385017.0,3.7,-2.88,-0.42,1.9,SZ002697
213,2013-07-30,14.34,14.03,14.36,13.92,7448,10381081.0,3.11,-0.92,-0.13,1.49,SZ002697
214,2013-07-31,14.2,14.09,14.23,14.05,4540,6311668.0,1.28,0.43,0.06,0.91,SZ002697
215,2013-08-01,14.12,14.47,14.49,14.12,10817,15327033.0,2.63,2.7,0.38,2.16,SZ002697
216,2013-08-02,14.48,14.51,14.64,14.43,10606,15204249.0,1.45,0.28,0.04,2.12,SZ002697
217,2013-08-05,14.46,14.72,14.78,14.45,11217,16226098.0,2.27,1.45,0.21,2.24,SZ002697
218,2013-08-06,14.77,15.47,15.71,14.75,50013,75917803.0,6.52,5.1,0.75,10.0,SZ002697
219,2013-08-07,15.28,15.13,15.54,15.12,28597,43189459.0,2.71,-2.2,-0.34,5.72,SZ002697
220,2013-08-08,15.13,15.14,15.42,15.12,13908,20863902.0,1.98,0.07,0.01,2.78,SZ002697
221,2013-08-09,15.13,15.5,15.67,14.92,21185,32027906.0,4.95,2.38,0.36,4.24,SZ002697
222,2013-08-12,15.5,15.64,15.88,15.46,26387,40857101.0,2.71,0.9,0.14,5.28,SZ002697
223,2013-08-13,15.72,15.6,15.72,15.42,14271,21848795.0,1.92,-0.26,-0.04,2.85,SZ002697
224,2013-08-14,15.64,15.7,15.85,15.54,23202,35988253.0,1.99,0.64,0.1,4.64,SZ002697
225,2013-08-15,15.64,15.36,15.8,15.36,17873,27442351.0,2.8,-2.17,-0.34,3.57,SZ002697
226,2013-08-16,15.32,15.25,15.62,15.2,18743,28385187.0,2.73,-0.72,-0.11,3.75,SZ002697
227,2013-08-19,15.2,15.88,15.95,15.13,23139,35661321.0,5.38,4.13,0.63,4.63,SZ002697
228,2013-08-20,15.77,16.06,16.5,15.74,46846,74902035.0,4.79,1.13,0.18,9.37,SZ002697
229,2013-08-21,16.1,16.5,16.56,15.93,33857,54450176.0,3.92,2.74,0.44,6.77,SZ002697
230,2013-08-22,16.51,16.72,16.86,16.25,55623,90905293.0,3.7,1.33,0.22,11.13,SZ002697
231,2013-08-23,17.22,17.41,18.17,17.03,112355,194385519.0,6.82,4.13,0.69,22.47,SZ002697
232,2013-08-26,17.5,17.48,17.62,17.1,50050,85784251.0,2.99,0.4,0.07,10.01,SZ002697
233,2013-08-27,17.38,17.35,17.47,17.15,33234,56681238.0,1.83,-0.74,-0.13,6.65,SZ002697
234,2013-08-28,17.21,17.04,17.56,17.04,38873,66233906.0,3.0,-1.79,-0.31,7.78,SZ002697
235,2013-08-29,16.82,17.11,17.29,16.82,20904,35386885.0,2.76,0.41,0.07,4.18,SZ002697
236,2013-08-30,17.09,16.75,17.39,16.71,28405,47853205.0,3.97,-2.1,-0.36,5.68,SZ002697
237,2013-09-02,16.81,17.08,17.2,16.8,16071,27030028.0,2.39,1.97,0.33,3.21,SZ002697
238,2013-09-03,17.09,17.41,17.57,17.08,24292,41680265.0,2.87,1.93,0.33,4.86,SZ002697
239,2013-09-04,17.33,16.92,17.42,16.83,29216,49196522.0,3.39,-2.81,-0.49,5.84,SZ002697
240,2013-09-05,16.98,17.37,17.7,16.97,36880,63520151.0,4.31,2.66,0.45,4.79,SZ002697
241,2013-09-06,17.32,17.3,17.47,17.02,18579,31521296.0,2.59,-0.4,-0.07,2.41,SZ002697
242,2013-09-09,17.27,17.29,17.41,17.13,21005,35730984.0,1.62,-0.06,-0.01,2.73,SZ002697
243,2013-09-10,17.29,17.2,17.36,17.08,17476,29618225.0,1.62,-0.52,-0.09,2.27,SZ002697
244,2013-09-11,17.26,17.14,17.35,17.05,20628,34965384.0,1.74,-0.35,-0.06,2.68,SZ002697
245,2013-09-12,17.28,17.22,17.36,17.13,20056,34079849.0,1.34,0.47,0.08,2.6,SZ002697
246,2013-09-13,17.26,17.94,18.2,17.24,96084,169072433.0,5.57,4.18,0.72,12.48,SZ002697
247,2013-09-16,17.75,17.68,17.92,17.53,32773,57222832.0,2.17,-1.45,-0.26,4.26,SZ002697
248,2013-09-17,17.68,17.17,18.02,17.17,64235,110624603.0,4.81,-2.88,-0.51,8.34,SZ002697
249,2013-09-18,17.24,17.31,17.68,17.07,42159,71937815.0,3.55,0.82,0.14,5.48,SZ002697
250,2013-09-23,17.62,17.55,17.75,17.23,57694,99237117.0,3.0,1.39,0.24,7.49,SZ002697
251,2013-09-24,17.35,17.4,17.56,17.25,29299,50252298.0,1.77,-0.85,-0.15,3.81,SZ002697
252,2013-09-25,17.48,17.93,18.12,17.41,65986,116139685.0,4.08,3.05,0.53,8.57,SZ002697
253,2013-09-26,18.21,18.07,18.55,17.88,94368,169679835.0,3.74,0.78,0.14,12.26,SZ002697
254,2013-09-27,18.07,17.19,18.15,17.18,50925,88005207.0,5.37,-4.87,-0.88,6.61,SZ002697
255,2013-09-30,17.19,16.59,17.27,16.33,62276,50804111.0,5.47,-3.49,-0.6,4.04,SZ002697
256,2013-10-08,16.59,16.47,16.61,15.99,70001,55764776.0,3.74,-0.72,-0.12,4.55,SZ002697
257,2013-10-09,16.47,18.09,18.09,16.33,77682,67188589.0,10.69,9.84,1.62,5.04,SZ002697
258,2013-10-10,19.33,19.87,19.87,18.71,437014,417254592.0,6.41,9.84,1.78,28.38,SZ002697
259,2013-10-11,20.31,21.83,21.83,19.81,462391,473810368.0,10.17,9.86,1.96,30.03,SZ002697
260,2013-10-14,22.31,23.99,23.99,21.91,513195,587601872.0,9.53,9.89,2.16,33.33,SZ002697
261,2013-10-15,24.55,25.31,26.31,23.91,559597,688364144.0,10.0,5.5,1.32,36.34,SZ002697
262,2013-10-16,24.55,24.41,24.71,22.87,435258,510017616.0,7.27,-3.56,-0.9,28.26,SZ002697
263,2013-10-17,23.89,22.77,24.27,22.37,339132,392659872.0,7.78,-6.72,-1.64,22.02,SZ002697
264,2013-10-18,22.89,25.01,25.01,22.87,536091,648285440.0,9.4,9.84,2.24,34.81,SZ002697
265,2013-10-21,25.67,26.43,27.49,24.07,795849,1015976400.0,13.67,5.68,1.42,51.68,SZ002697
266,2013-10-22,27.47,26.51,28.05,26.41,541934,728617568.0,6.21,0.3,0.08,35.19,SZ002697
267,2013-10-23,24.99,23.91,25.53,23.89,422726,511617392.0,6.19,-9.81,-2.6,27.45,SZ002697
268,2013-10-24,23.17,24.59,24.85,23.17,264218,314800944.0,7.03,2.84,0.68,17.16,SZ002697
269,2013-10-25,24.27,23.23,24.67,22.67,224754,260679952.0,8.13,-5.53,-1.36,14.59,SZ002697
270,2013-10-28,23.07,23.31,23.39,22.51,165885,187833413.0,3.79,0.34,0.08,10.77,SZ002697
271,2013-10-29,23.29,21.87,24.07,21.11,277978,308968208.0,12.7,-6.18,-1.44,18.05,SZ002697
272,2013-10-30,21.59,22.11,22.47,20.91,195055,209407017.0,7.13,1.1,0.24,12.67,SZ002697
273,2013-10-31,21.67,21.19,21.69,20.51,189489,197249037.0,5.34,-4.16,-0.92,12.3,SZ002697
274,2013-11-01,20.91,20.61,21.35,20.07,167169,170097436.0,6.04,-2.74,-0.58,10.86,SZ002697
275,2013-11-04,20.69,20.75,21.11,20.59,109139,112061722.0,2.52,0.68,0.14,7.09,SZ002697
276,2013-11-05,20.65,22.15,22.49,20.23,252478,268034126.0,10.89,6.75,1.4,16.4,SZ002697
277,2013-11-06,21.81,22.45,23.09,21.47,270761,297965200.0,7.31,1.35,0.3,17.58,SZ002697
278,2013-11-07,22.21,21.97,22.43,21.65,154969,167705293.0,3.47,-2.14,-0.48,10.06,SZ002697
279,2013-11-08,21.63,20.85,21.83,20.57,132938,138429369.0,5.74,-5.1,-1.12,8.63,SZ002697
280,2013-11-11,20.69,21.17,21.33,20.55,90025,93375042.0,3.74,1.53,0.32,5.85,SZ002697
281,2013-11-12,21.05,20.49,21.05,20.11,126187,127588866.0,4.44,-3.21,-0.68,8.19,SZ002697
282,2013-11-13,20.49,20.33,20.85,20.21,95124,96246562.0,3.12,-0.78,-0.16,6.18,SZ002697
283,2013-11-14,20.01,20.41,20.41,19.45,109292,107126909.0,4.72,0.39,0.08,7.1,SZ002697
284,2013-11-15,20.11,20.91,21.47,20.11,159795,165065556.0,6.66,2.45,0.5,10.38,SZ002697
285,2013-11-18,20.89,21.43,21.45,20.73,154196,160586320.0,3.44,2.49,0.52,10.01,SZ002697
286,2013-11-19,21.49,21.99,22.43,21.11,215859,232382374.0,6.16,2.61,0.56,14.02,SZ002697
287,2013-11-20,21.75,22.39,22.51,21.53,166827,180716061.0,4.46,1.82,0.4,10.83,SZ002697
288,2013-11-21,22.37,23.37,23.45,22.01,290637,326234144.0,6.43,4.38,0.98,18.87,SZ002697
289,2013-11-22,22.99,22.09,23.11,21.99,185599,206142582.0,4.79,-5.48,-1.28,12.05,SZ002697
290,2013-11-25,21.77,21.63,22.11,21.51,101460,108808162.0,2.72,-2.08,-0.46,6.59,SZ002697
291,2013-11-26,21.55,21.81,22.27,21.49,81424,88244189.0,3.61,0.83,0.18,5.29,SZ002697
292,2013-11-27,21.87,21.99,22.23,21.53,79046,85702698.0,3.21,0.83,0.18,5.13,SZ002697
293,2013-11-28,21.97,22.03,22.17,21.71,87927,95206242.0,2.09,0.18,0.04,5.71,SZ002697
294,2013-11-29,22.11,22.35,22.43,21.81,100832,109629301.0,2.81,1.45,0.32,6.55,SZ002697
295,2013-12-02,21.95,20.37,21.97,20.23,123368,127983320.0,7.79,-8.86,-1.98,8.01,SZ002697
296,2013-12-03,20.25,20.69,20.83,19.87,72902,73175413.0,4.71,1.57,0.32,4.73,SZ002697
297,2013-12-04,20.59,21.39,21.67,20.53,86389,90540696.0,5.51,3.38,0.7,5.61,SZ002697
298,2013-12-05,21.35,21.41,21.81,21.21,53531,56603294.0,2.81,0.09,0.02,3.48,SZ002697
299,2013-12-06,21.29,21.65,21.95,21.25,68147,72531869.0,3.27,1.12,0.24,4.43,SZ002697
300,2013-12-09,21.69,21.63,21.83,21.43,54521,58026462.0,1.85,-0.09,-0.02,3.54,SZ002697
301,2013-12-10,21.55,21.85,21.97,21.35,105299,112620350.0,2.87,1.02,0.22,6.84,SZ002697
302,2013-12-11,21.73,21.03,21.73,20.91,78194,81449882.0,3.75,-3.75,-0.82,5.08,SZ002697
303,2013-12-12,21.05,20.95,21.29,20.81,46457,48004623.0,2.28,-0.38,-0.08,3.02,SZ002697
304,2013-12-13,20.95,21.69,22.01,20.73,120860,128212508.0,6.11,3.53,0.74,7.85,SZ002697
305,2013-12-16,21.73,21.23,22.05,21.13,68464,72764878.0,4.24,-2.12,-0.46,4.45,SZ002697
306,2013-12-17,21.13,20.57,21.31,20.33,57834,58896968.0,4.62,-3.11,-0.66,3.76,SZ002697
307,2013-12-18,20.37,21.03,21.29,20.37,51340,52990564.0,4.47,2.24,0.46,3.33,SZ002697
308,2013-12-19,21.01,21.29,21.65,20.71,73730,76690392.0,4.47,1.24,0.26,4.79,SZ002697
309,2013-12-20,21.09,21.83,21.85,20.93,189389,201661528.0,4.32,2.54,0.54,12.3,SZ002697
310,2013-12-23,21.41,20.73,21.41,20.41,104642,107241973.0,4.58,-5.04,-1.1,6.8,SZ002697
311,2013-12-24,20.59,20.63,20.95,20.41,61431,62412735.0,2.6,-0.48,-0.1,3.99,SZ002697
312,2013-12-25,20.73,20.77,20.83,20.41,48789,49563636.0,2.04,0.68,0.14,3.17,SZ002697
313,2013-12-26,20.83,20.47,20.91,20.43,47517,48179348.0,2.31,-1.44,-0.3,3.09,SZ002697
314,2013-12-27,20.35,20.49,20.71,20.35,47292,47953708.0,1.76,0.1,0.02,3.07,SZ002697
315,2013-12-30,20.71,20.53,20.81,20.43,43479,44041439.0,1.85,0.2,0.04,2.82,SZ002697
316,2013-12-31,20.51,20.63,20.63,20.39,37406,37852209.0,1.17,0.49,0.1,2.43,SZ002697
317,2014-01-02,20.59,20.89,20.97,20.45,49346,50442617.0,2.52,1.26,0.26,3.2,SZ002697
318,2014-01-03,20.83,20.81,20.99,20.57,43946,44949863.0,2.01,-0.38,-0.08,2.85,SZ002697
319,2014-01-06,20.63,20.11,20.73,20.05,53639,53818077.0,3.27,-3.36,-0.7,3.48,SZ002697
320,2014-01-07,20.11,19.97,20.45,19.87,41614,41249973.0,2.88,-0.7,-0.14,2.7,SZ002697
321,2014-01-08,19.97,20.09,20.31,19.87,42131,41577343.0,2.2,0.6,0.12,2.74,SZ002697
322,2014-01-09,20.15,19.21,20.21,19.13,75392,72627187.0,5.38,-4.38,-0.88,4.9,SZ002697
323,2014-01-10,19.13,18.47,19.13,18.13,70615,64117705.0,5.21,-3.85,-0.74,4.59,SZ002697
324,2014-01-13,18.35,17.87,18.53,17.75,62239,55354765.0,4.22,-3.25,-0.6,4.04,SZ002697
325,2014-01-14,17.89,18.57,18.67,17.87,55606,50325405.0,4.48,3.92,0.7,3.61,SZ002697
326,2014-01-15,18.47,19.03,19.27,18.31,61673,57068166.0,5.17,2.48,0.46,4.0,SZ002697
327,2014-01-16,18.77,19.87,19.91,18.77,103359,100041563.0,5.99,4.41,0.84,6.71,SZ002697
328,2014-01-17,19.61,19.33,19.81,18.91,72310,68768110.0,4.53,-2.72,-0.54,4.7,SZ002697
329,2014-01-20,19.11,18.89,19.47,18.61,37080,34754704.0,4.45,-2.28,-0.44,2.41,SZ002697
330,2014-01-21,18.63,19.01,19.21,18.63,32316,30253207.0,3.07,0.64,0.12,2.1,SZ002697
331,2014-01-22,19.07,19.57,19.61,18.97,53881,51448424.0,3.37,2.95,0.56,3.5,SZ002697
332,2014-01-23,19.59,19.97,20.11,19.21,82325,79779306.0,4.6,2.04,0.4,5.35,SZ002697
333,2014-01-24,19.81,20.11,20.33,19.73,86732,86061104.0,3.0,0.7,0.14,5.63,SZ002697
334,2014-01-27,19.99,19.91,20.09,19.53,47288,46210735.0,2.78,-0.99,-0.2,3.07,SZ002697
335,2014-01-28,19.89,19.97,20.21,19.61,41234,40490588.0,3.01,0.3,0.06,2.68,SZ002697
336,2014-01-29,19.99,20.49,20.73,19.67,89360,89290628.0,5.31,2.6,0.52,5.8,SZ002697
337,2014-01-30,20.53,20.11,20.59,20.11,55299,55314263.0,2.34,-1.85,-0.38,3.59,SZ002697
338,2014-02-07,19.31,19.31,19.71,18.15,93991,87658034.0,7.76,-3.98,-0.8,6.1,SZ002697
339,2014-02-10,19.19,19.59,19.67,19.03,145392,138084351.0,3.31,1.45,0.28,9.44,SZ002697
340,2014-02-11,19.47,19.71,19.91,19.23,110361,106427785.0,3.47,0.61,0.12,7.17,SZ002697
341,2014-02-12,20.21,21.65,21.65,20.21,140830,147747011.0,7.31,9.84,1.94,9.15,SZ002697
342,2014-02-13,22.67,22.87,23.71,22.25,531119,601066672.0,6.74,5.64,1.22,34.49,SZ002697
343,2014-02-14,23.33,23.73,24.85,22.91,415734,489540800.0,8.48,3.76,0.86,27.0,SZ002697
344,2014-02-17,23.71,25.25,25.73,23.33,373445,455177520.0,10.11,6.41,1.52,24.25,SZ002697
345,2014-02-18,24.71,24.63,24.87,24.03,273170,329565824.0,3.33,-2.46,-0.62,17.74,SZ002697
346,2014-02-19,24.39,24.51,24.99,23.81,269093,322876816.0,4.79,-0.49,-0.12,17.47,SZ002697
347,2014-02-20,24.51,23.31,24.61,23.13,188969,220804755.0,6.04,-4.9,-1.2,12.27,SZ002697
348,2014-02-21,23.31,23.41,24.01,23.03,116972,135472315.0,4.2,0.43,0.1,7.6,SZ002697
349,2014-02-24,23.47,23.27,23.55,22.71,108744,124216680.0,3.59,-0.6,-0.14,7.06,SZ002697
350,2014-02-25,23.27,21.67,23.61,21.65,208838,232571222.0,8.42,-6.88,-1.6,13.56,SZ002697
351,2014-02-26,21.11,21.27,21.39,20.65,125383,130081338.0,3.41,-1.85,-0.4,8.14,SZ002697
352,2014-02-27,21.33,20.87,21.91,20.83,127854,135623101.0,5.08,-1.88,-0.4,8.3,SZ002697
353,2014-02-28,20.71,21.27,21.35,20.33,82264,84366032.0,4.89,1.92,0.4,5.34,SZ002697
354,2014-03-03,21.11,21.71,21.83,20.95,95294,101033825.0,4.14,2.07,0.44,6.19,SZ002697
355,2014-03-04,21.47,21.29,21.63,20.95,89581,94115460.0,3.13,-1.93,-0.42,5.82,SZ002697
356,2014-03-05,21.41,22.27,22.53,21.21,181135,196604949.0,6.2,4.6,0.98,11.76,SZ002697
357,2014-03-06,22.35,21.91,22.75,21.61,127827,139267773.0,5.12,-1.62,-0.36,8.3,SZ002697
358,2014-03-07,21.89,21.27,22.25,20.97,106043,112444688.0,5.84,-2.92,-0.64,6.89,SZ002697
359,2014-03-10,21.11,20.11,21.11,19.91,100495,100611024.0,5.64,-5.45,-1.16,6.53,SZ002697
360,2014-03-11,19.71,20.13,20.17,19.55,45248,44406686.0,3.08,0.1,0.02,2.94,SZ002697
361,2014-03-12,20.01,21.29,21.29,19.85,121097,123155348.0,7.15,5.76,1.16,7.86,SZ002697
362,2014-03-13,21.01,21.61,21.87,20.91,146229,154249511.0,4.51,1.5,0.32,9.5,SZ002697
363,2014-03-14,21.29,20.97,21.71,20.91,104341,109216210.0,3.7,-2.96,-0.64,6.78,SZ002697
364,2014-03-17,20.41,20.85,21.01,20.31,78212,79631284.0,3.34,-0.57,-0.12,5.08,SZ002697
365,2014-03-18,20.89,21.01,21.55,20.69,82594,85841207.0,4.12,0.77,0.16,5.36,SZ002697
366,2014-03-19,21.01,21.21,21.27,20.51,65643,67513659.0,3.62,0.95,0.2,4.26,SZ002697
367,2014-03-20,21.11,21.99,22.87,20.95,253511,275666256.0,9.05,3.68,0.78,16.46,SZ002697
368,2014-03-21,21.51,22.69,22.71,21.29,201689,220160543.0,6.46,3.18,0.7,13.1,SZ002697
369,2014-03-24,22.77,22.51,22.97,22.19,140692,156077960.0,3.44,-0.79,-0.18,9.14,SZ002697
370,2014-03-25,22.33,21.89,22.67,21.71,114755,125604329.0,4.26,-2.75,-0.62,7.45,SZ002697
371,2014-03-26,21.79,22.05,22.13,21.75,62549,67625267.0,1.74,0.73,0.16,4.06,SZ002697
372,2014-03-27,22.07,21.01,22.11,21.01,102526,107839067.0,4.99,-4.72,-1.04,6.66,SZ002697
373,2014-03-28,21.03,20.35,21.11,20.31,75547,76400580.0,3.81,-3.14,-0.66,4.91,SZ002697
374,2014-03-31,20.31,20.55,20.67,20.31,34194,34537972.0,1.77,0.98,0.2,2.22,SZ002697
375,2014-04-01,20.55,20.75,20.81,20.47,30111,30664287.0,1.65,0.97,0.2,1.96,SZ002697
376,2014-04-02,20.75,20.59,20.85,20.37,34719,35162661.0,2.31,-0.77,-0.16,2.25,SZ002697
377,2014-04-03,20.49,20.57,20.77,20.47,30724,31196045.0,1.46,-0.1,-0.02,2.0,SZ002697
378,2014-04-04,20.59,21.41,21.49,20.43,69351,71537814.0,5.15,4.08,0.84,4.5,SZ002697
379,2014-04-08,21.33,22.01,22.27,21.19,90751,97158869.0,5.04,2.8,0.6,5.89,SZ002697
380,2014-04-09,22.07,22.05,22.31,21.81,134321,146099176.0,2.27,0.18,0.04,8.72,SZ002697
381,2014-04-10,21.85,21.69,22.71,21.65,111613,121336739.0,4.81,-1.63,-0.36,7.25,SZ002697
382,2014-04-11,21.41,21.55,21.75,21.35,52408,55613234.0,1.84,-0.65,-0.14,3.4,SZ002697
383,2014-04-14,21.65,21.63,21.75,21.31,37808,40136346.0,2.04,0.37,0.08,2.46,SZ002697
384,2014-04-15,21.63,21.71,21.89,21.51,46364,49643616.0,1.76,0.37,0.08,3.01,SZ002697
385,2014-04-16,21.71,21.91,21.99,21.55,45059,48437767.0,2.03,0.92,0.2,2.93,SZ002697
386,2014-04-17,21.93,22.07,22.51,21.93,82110,89988103.0,2.65,0.73,0.16,5.33,SZ002697
387,2014-04-18,21.85,22.11,22.35,21.63,49454,53760355.0,3.26,0.18,0.04,3.21,SZ002697
388,2014-04-21,21.75,21.31,22.39,21.31,63728,68744669.0,4.88,-3.62,-0.8,4.14,SZ002697
389,2014-04-22,21.03,21.33,21.47,20.57,59455,61429447.0,4.22,0.09,0.02,3.86,SZ002697
390,2014-04-23,21.75,21.65,22.23,21.51,77879,84172692.0,3.38,1.5,0.32,5.06,SZ002697
391,2014-04-24,21.31,21.69,22.23,21.13,88920,95992265.0,5.08,0.18,0.04,5.77,SZ002697
392,2014-04-25,21.63,20.33,21.63,20.27,89181,91213608.0,6.27,-6.27,-1.36,5.79,SZ002697
393,2014-04-28,20.29,19.67,20.29,19.63,43749,42763163.0,3.25,-3.25,-0.66,2.84,SZ002697
394,2014-04-29,19.73,19.97,20.07,19.71,25426,24908518.0,1.83,1.53,0.3,1.65,SZ002697
395,2014-04-30,19.99,20.33,20.39,19.89,29372,29163931.0,2.5,1.8,0.36,1.91,SZ002697
396,2014-05-05,20.31,20.91,20.95,20.15,38668,39158811.0,3.94,2.85,0.58,2.51,SZ002697
397,2014-05-06,20.85,21.39,21.51,20.79,84975,88870353.0,3.44,2.3,0.48,5.52,SZ002697
398,2014-05-07,21.11,21.43,21.81,20.93,105206,111187435.0,4.11,0.19,0.04,6.83,SZ002697
399,2014-05-08,21.23,20.85,21.59,20.79,71839,75211402.0,3.73,-2.71,-0.58,4.67,SZ002697
400,2014-05-09,20.71,20.37,20.73,20.21,44058,44329467.0,2.49,-2.3,-0.48,2.86,SZ002697
401,2014-05-12,20.61,20.81,20.85,20.35,34191,34783500.0,2.45,2.16,0.44,2.22,SZ002697
402,2014-05-13,20.81,21.01,21.01,20.43,39918,40704477.0,2.79,0.96,0.2,2.59,SZ002697
403,2014-05-14,20.77,20.75,20.87,20.47,27033,27526374.0,1.9,-1.24,-0.26,1.76,SZ002697
404,2014-05-15,20.73,20.33,20.77,20.29,27317,27467947.0,2.31,-2.02,-0.42,1.77,SZ002697
405,2014-05-16,20.27,20.31,20.47,20.01,24958,24898723.0,2.26,-0.1,-0.02,1.62,SZ002697
406,2014-05-19,20.29,19.97,20.29,19.95,20842,20564552.0,1.67,-1.67,-0.34,1.35,SZ002697
407,2014-05-20,19.97,20.07,20.27,19.97,15887,15738202.0,1.5,0.5,0.1,1.03,SZ002697
408,2014-05-21,20.03,20.23,20.29,19.71,18697,18471330.0,2.89,0.8,0.16,1.21,SZ002697
409,2014-05-22,20.13,20.71,20.85,20.05,57812,58607230.0,3.95,2.37,0.48,3.75,SZ002697
410,2014-05-23,20.73,20.75,20.83,20.49,48905,49812796.0,1.64,0.19,0.04,3.18,SZ002697
411,2014-05-26,20.73,20.79,20.89,20.61,46889,47907614.0,1.35,0.19,0.04,3.04,SZ002697
412,2014-05-27,20.79,20.51,20.81,20.51,22627,22966274.0,1.44,-1.35,-0.28,1.47,SZ002697
413,2014-05-28,20.49,21.03,21.09,20.45,76196,78375346.0,3.12,2.54,0.52,4.95,SZ002697
414,2014-05-29,20.91,20.59,20.91,20.57,31188,31890881.0,1.62,-2.09,-0.44,2.03,SZ002697
415,2014-05-30,20.45,21.03,21.21,20.45,62749,64669563.0,3.69,2.14,0.44,4.07,SZ002697
416,2014-06-03,20.87,21.31,21.67,20.71,95757,99611374.0,4.56,1.33,0.28,6.22,SZ002697
417,2014-06-04,21.11,21.33,21.43,20.95,93538,97869629.0,2.25,0.09,0.02,6.07,SZ002697
418,2014-06-05,21.19,21.57,21.61,20.93,93007,97985649.0,3.19,1.13,0.24,6.04,SZ002697
419,2014-06-06,21.33,21.59,22.01,21.31,103730,110845090.0,3.25,0.09,0.02,6.74,SZ002697
420,2014-06-09,21.43,21.07,21.49,21.03,51780,53949297.0,2.13,-2.41,-0.52,3.36,SZ002697
421,2014-06-10,21.05,21.15,21.25,20.85,45465,46976166.0,1.9,0.38,0.08,2.95,SZ002697
422,2014-06-11,21.07,21.05,21.21,20.89,40424,41679926.0,1.51,-0.47,-0.1,2.63,SZ002697
423,2014-06-12,21.07,21.49,21.51,20.67,80831,83590868.0,3.99,2.09,0.44,5.25,SZ002697
424,2014-06-13,21.35,21.57,21.89,21.17,102711,108613377.0,3.35,0.37,0.08,6.67,SZ002697
425,2014-06-16,21.51,21.45,21.79,21.41,54025,57161453.0,1.76,-0.56,-0.12,3.51,SZ002697
426,2014-06-17,21.45,21.11,21.45,21.07,40490,42067094.0,1.77,-1.59,-0.34,2.63,SZ002697
427,2014-06-18,21.03,20.39,21.07,20.37,93142,94118435.0,3.32,-3.41,-0.72,6.05,SZ002697
428,2014-06-19,20.37,20.17,20.53,19.99,52915,52567236.0,2.65,-1.08,-0.22,3.44,SZ002697
429,2014-06-20,20.17,20.49,20.49,20.17,20236,20170433.0,1.59,1.59,0.32,1.31,SZ002697
430,2014-06-23,20.47,20.63,20.67,20.43,27340,27564022.0,1.17,0.68,0.14,1.78,SZ002697
431,2014-06-24,20.63,20.63,20.69,20.49,20653,20867617.0,0.97,0.0,0.0,1.34,SZ002697
432,2014-06-25,20.63,20.35,20.63,20.21,30635,30495016.0,2.04,-1.36,-0.28,1.99,SZ002697
433,2014-06-26,20.33,20.53,20.55,20.33,30180,30302008.0,1.08,0.88,0.18,1.96,SZ002697
434,2014-06-27,20.51,20.89,21.11,20.33,77158,78694353.0,3.8,1.75,0.36,5.01,SZ002697
435,2014-06-30,20.97,21.01,21.15,20.77,68747,70810436.0,1.82,0.57,0.12,4.46,SZ002697
436,2014-07-01,21.05,21.41,21.71,20.85,112598,117635656.0,4.09,1.9,0.4,7.31,SZ002697
437,2014-07-02,21.11,21.19,21.39,21.01,67673,70209428.0,1.77,-1.03,-0.22,4.39,SZ002697
438,2014-07-03,21.13,21.21,21.41,21.07,49908,52056661.0,1.6,0.09,0.02,3.24,SZ002697
439,2014-07-04,21.17,21.09,21.19,20.91,42916,44192472.0,1.32,-0.57,-0.12,2.79,SZ002697
440,2014-07-07,21.11,21.35,21.43,21.01,52113,54271267.0,1.99,1.23,0.26,3.38,SZ002697
441,2014-07-08,21.35,21.21,21.35,20.97,39811,41274381.0,1.78,-0.66,-0.14,2.59,SZ002697
442,2014-07-09,21.19,21.01,21.39,20.97,65152,67758008.0,1.98,-0.94,-0.2,4.23,SZ002697
443,2014-07-10,21.01,21.17,21.27,20.95,54521,56545310.0,1.52,0.76,0.16,3.54,SZ002697
444,2014-07-11,21.23,21.81,22.13,21.17,172272,183152695.0,4.53,3.02,0.64,11.19,SZ002697
445,2014-07-14,23.41,22.67,23.41,22.43,255548,285984048.0,4.49,3.94,0.86,16.59,SZ002697
446,2014-07-15,22.77,22.47,23.09,22.31,137792,152908752.0,3.44,-0.88,-0.2,8.95,SZ002697
447,2014-07-16,22.47,24.01,24.67,22.27,265828,308923536.0,10.68,6.85,1.54,17.26,SZ002697
448,2014-07-17,23.53,23.15,23.65,23.01,133638,152922552.0,2.67,-3.58,-0.86,8.68,SZ002697
449,2014-07-18,23.09,22.97,23.65,22.91,98262,112363315.0,3.2,-0.78,-0.18,6.38,SZ002697
450,2014-07-21,22.97,22.93,23.35,22.63,69171,78209952.0,3.13,-0.17,-0.04,4.49,SZ002697
451,2014-07-22,22.95,23.17,23.29,22.87,66414,75317647.0,1.83,1.05,0.24,4.31,SZ002697
452,2014-07-23,23.21,22.67,23.39,22.51,85384,95719593.0,3.8,-2.16,-0.5,5.54,SZ002697
453,2014-07-24,22.65,23.09,23.29,22.53,75349,84685799.0,3.35,1.85,0.42,4.89,SZ002697
454,2014-07-25,23.09,23.35,23.57,22.89,103663,118694956.0,2.94,1.13,0.26,6.73,SZ002697
455,2014-07-28,23.21,23.39,23.65,23.07,105428,120817773.0,2.48,0.17,0.04,6.85,SZ002697
456,2014-07-29,23.25,23.53,23.71,23.25,88976,102888471.0,1.97,0.6,0.14,5.78,SZ002697
457,2014-07-30,23.41,23.97,24.41,23.13,136642,159096259.0,5.44,1.87,0.44,8.87,SZ002697
458,2014-07-31,23.95,24.25,24.41,23.79,104109,123289213.0,2.59,1.17,0.28,6.76,SZ002697
459,2014-08-01,24.21,23.81,25.11,23.81,231441,279294160.0,5.36,-1.81,-0.44,15.03,SZ002697
460,2014-08-04,23.77,24.39,24.61,23.51,102826,121482099.0,4.62,2.44,0.58,6.68,SZ002697
461,2014-08-05,24.29,24.53,24.91,24.29,127993,154476846.0,2.54,0.57,0.14,8.31,SZ002697
462,2014-08-06,24.43,24.41,24.77,24.33,98986,119295374.0,1.79,-0.49,-0.12,6.43,SZ002697
463,2014-08-07,24.37,23.69,24.41,23.65,113230,133506447.0,3.11,-2.95,-0.72,7.35,SZ002697
464,2014-08-08,23.69,24.45,24.55,23.65,91680,108558530.0,3.8,3.21,0.76,5.95,SZ002697
465,2014-08-11,24.57,24.79,24.87,24.43,114180,138517021.0,1.8,1.39,0.34,7.41,SZ002697
466,2014-08-12,24.61,24.97,25.09,24.43,101479,123289410.0,2.66,0.73,0.18,6.59,SZ002697
467,2014-08-13,25.57,26.61,27.39,24.99,362408,468830848.0,9.61,6.57,1.64,23.53,SZ002697
468,2014-08-14,26.01,25.89,26.43,25.81,165811,213051067.0,2.33,-2.71,-0.72,10.77,SZ002697
469,2014-08-15,25.99,26.03,26.37,25.89,97624,125257815.0,1.85,0.54,0.14,6.34,SZ002697
470,2014-08-18,26.07,26.55,26.67,26.05,109297,141458736.0,2.38,2.0,0.52,7.1,SZ002697
471,2014-08-19,26.65,26.21,26.71,26.03,98291,127132960.0,2.56,-1.28,-0.34,6.38,SZ002697
472,2014-08-20,26.23,26.05,26.31,25.95,73774,94581378.0,1.37,-0.61,-0.16,4.79,SZ002697
473,2014-08-21,26.13,26.21,26.23,25.83,66026,84683188.0,1.54,0.61,0.16,4.29,SZ002697
474,2014-08-22,26.19,26.25,26.37,26.07,57686,74466270.0,1.14,0.15,0.04,3.75,SZ002697
475,2014-08-25,26.21,26.17,26.55,26.11,59279,76741209.0,1.68,-0.3,-0.08,3.85,SZ002697
476,2014-08-26,26.03,26.17,26.23,25.59,110087,139981987.0,2.45,0.0,0.0,7.15,SZ002697
477,2014-08-27,25.95,25.85,26.13,25.83,36381,46478475.0,1.15,-1.22,-0.32,2.36,SZ002697
478,2014-08-28,25.87,25.71,26.11,25.67,37498,47707406.0,1.7,-0.54,-0.14,2.44,SZ002697
479,2014-08-29,25.73,26.05,26.11,25.73,30714,39222599.0,1.48,1.32,0.34,1.99,SZ002697
480,2014-09-01,26.11,26.51,26.59,26.03,71961,93495314.0,2.15,1.77,0.46,4.67,SZ002697
481,2014-09-02,26.71,26.69,26.75,26.37,90138,117964403.0,1.43,0.68,0.18,5.85,SZ002697
482,2014-09-03,26.75,26.71,27.39,26.65,114420,151920308.0,2.77,0.07,0.02,7.43,SZ002697
483,2014-09-04,27.51,29.03,29.35,27.47,333422,474008816.0,7.04,8.69,2.32,21.65,SZ002697
484,2014-09-05,28.41,28.93,28.97,28.23,142622,201875360.0,2.55,-0.34,-0.1,9.26,SZ002697
485,2014-09-09,28.61,30.29,31.37,28.61,220317,329962896.0,9.54,4.7,1.36,14.31,SZ002697
486,2014-09-10,30.43,30.97,31.25,30.01,175755,267277194.0,4.09,2.24,0.68,11.41,SZ002697
487,2014-09-11,30.97,30.71,31.29,29.89,175932,265038786.0,4.52,-0.84,-0.26,11.42,SZ002697
488,2014-09-12,30.92,33.76,33.76,30.52,620623,495829360.0,10.55,9.93,3.05,20.15,SZ002697
489,2014-09-15,35.16,37.08,37.08,35.12,639122,575117808.0,5.81,9.83,3.32,20.75,SZ002697
490,2014-09-16,38.96,34.92,39.32,34.04,1344002,1212662032.0,14.24,-5.83,-2.16,43.64,SZ002697
491,2014-09-17,34.08,35.08,35.84,33.8,599185,513561808.0,5.84,0.46,0.16,19.45,SZ002697
492,2014-09-18,34.68,33.8,34.76,33.52,429996,359498800.0,3.53,-3.65,-1.28,13.96,SZ002697
493,2014-09-19,33.8,35.32,35.56,33.2,465401,396272800.0,6.98,4.5,1.52,15.11,SZ002697
494,2014-09-22,34.84,34.12,34.92,33.96,277101,234388621.0,2.72,-3.4,-1.2,9.0,SZ002697
495,2014-09-23,34.0,34.48,34.84,33.68,218821,185030319.0,3.4,1.06,0.36,7.1,SZ002697
496,2014-09-24,34.6,34.88,35.32,34.12,316684,269979856.0,3.48,1.16,0.4,10.28,SZ002697
497,2014-09-25,35.44,34.96,36.24,34.76,373916,326434928.0,4.24,0.23,0.08,12.14,SZ002697
498,2014-09-26,34.72,34.48,34.72,34.12,176593,149437140.0,1.72,-1.37,-0.48,5.73,SZ002697
499,2014-09-29,34.68,34.72,35.04,34.52,181433,155036692.0,1.51,0.7,0.24,5.89,SZ002697
500,2014-09-30,34.84,34.8,34.92,34.4,152132,129800842.0,1.5,0.23,0.08,4.94,SZ002697
501,2014-10-08,34.84,35.16,35.56,34.32,204966,176393578.0,3.56,1.03,0.36,6.65,SZ002697
502,2014-10-09,35.16,35.08,35.32,34.6,198179,170757545.0,2.05,-0.23,-0.08,6.43,SZ002697
503,2014-10-10,35.08,34.76,35.08,34.68,165048,141413309.0,1.14,-0.91,-0.32,5.36,SZ002697
504,2014-10-13,34.84,36.4,36.44,34.68,476101,419718608.0,5.06,4.72,1.64,15.46,SZ002697
505,2014-10-14,36.08,35.56,36.24,35.28,284672,250915862.0,2.64,-2.31,-0.84,9.24,SZ002697
506,2014-10-15,35.32,35.24,35.6,34.76,171083,147801913.0,2.36,-0.9,-0.32,5.55,SZ002697
507,2014-10-16,34.92,34.16,35.32,34.16,172524,147932917.0,3.29,-3.06,-1.08,5.6,SZ002697
508,2014-10-17,34.08,33.6,34.56,32.88,155000,128680489.0,4.92,-1.64,-0.56,5.03,SZ002697
509,2014-10-20,33.56,34.2,34.72,33.56,114831,96666259.0,3.45,1.79,0.6,3.73,SZ002697
510,2014-10-21,34.16,33.56,34.16,33.52,110121,91537942.0,1.87,-1.87,-0.64,3.58,SZ002697
511,2014-10-22,33.72,33.4,34.12,33.36,78935,65575044.0,2.26,-0.48,-0.16,2.56,SZ002697
512,2014-10-23,33.44,32.32,33.52,32.24,145376,116862671.0,3.83,-3.23,-1.08,4.72,SZ002697
513,2014-10-24,32.32,31.48,32.6,31.4,111465,87789250.0,3.71,-2.6,-0.84,3.62,SZ002697
514,2014-10-27,31.48,31.84,32.12,31.4,62228,48667487.0,2.29,1.14,0.36,2.02,SZ002697
515,2014-10-28,31.84,33.08,33.2,31.84,111657,89859307.0,4.27,3.89,1.24,3.63,SZ002697
516,2014-10-29,33.12,33.28,33.48,32.88,124268,101500955.0,1.81,0.6,0.2,4.03,SZ002697
517,2014-10-30,33.32,33.36,33.92,33.04,125369,103336909.0,2.64,0.24,0.08,4.07,SZ002697
518,2014-10-31,33.72,33.44,33.88,32.96,118218,96925869.0,2.76,0.24,0.08,3.84,SZ002697
519,2014-11-03,33.48,33.4,33.56,33.2,98401,80744680.0,1.08,-0.12,-0.04,3.19,SZ002697
520,2014-11-04,33.32,32.88,33.32,32.76,115487,93622847.0,1.68,-1.56,-0.52,3.75,SZ002697
521,2014-11-05,32.76,34.76,35.72,32.64,393291,333211904.0,9.37,5.72,1.88,12.77,SZ002697
522,2014-11-06,34.72,35.0,35.24,33.92,307377,262554978.0,3.8,0.69,0.24,9.98,SZ002697
523,2014-11-07,34.48,34.2,35.08,33.92,220102,186803715.0,3.31,-2.29,-0.8,7.15,SZ002697
524,2014-11-10,34.08,34.32,34.44,33.88,105687,88681163.0,1.64,0.35,0.12,3.43,SZ002697
525,2014-11-11,34.56,32.92,34.92,32.52,230479,189717245.0,6.99,-4.08,-1.4,7.48,SZ002697
526,2014-11-12,32.56,34.52,34.68,32.32,218060,181234535.0,7.17,4.86,1.6,7.08,SZ002697
527,2014-11-13,34.4,35.0,35.12,34.28,472117,404863888.0,2.43,1.39,0.48,15.33,SZ002697
528,2014-11-14,34.64,34.8,35.24,33.92,283405,242041500.0,3.77,-0.57,-0.2,9.2,SZ002697
529,2014-11-17,34.68,34.88,35.16,34.08,248896,213150203.0,3.1,0.23,0.08,8.08,SZ002697
530,2014-11-18,34.72,34.08,34.72,34.0,166902,140969351.0,2.06,-2.29,-0.8,5.42,SZ002697
531,2014-11-19,34.08,33.72,34.32,33.36,156903,130483106.0,2.82,-1.06,-0.36,5.09,SZ002697
532,2014-11-20,33.52,33.4,33.72,33.32,94076,77447501.0,1.19,-0.95,-0.32,3.05,SZ002697
533,2014-11-21,33.44,33.64,33.8,33.32,104459,86213896.0,1.44,0.72,0.24,3.39,SZ002697
534,2014-11-24,33.76,33.6,33.92,33.44,142628,118130353.0,1.43,-0.12,-0.04,4.63,SZ002697
535,2014-11-25,33.56,33.96,33.96,33.52,137030,113882833.0,1.31,1.07,0.36,4.45,SZ002697
536,2014-11-26,34.0,34.04,34.12,33.68,137413,114464049.0,1.3,0.24,0.08,4.46,SZ002697
537,2014-11-27,34.08,35.68,36.44,33.84,592033,516086912.0,7.64,4.82,1.64,19.22,SZ002697
538,2014-11-28,35.6,34.8,35.6,34.36,316395,272244576.0,3.48,-2.47,-0.88,10.27,SZ002697
539,2014-12-01,34.84,34.16,35.16,33.92,205800,174036131.0,3.56,-1.84,-0.64,6.68,SZ002697
540,2014-12-02,34.04,34.28,34.44,33.8,146503,123558997.0,1.87,0.35,0.12,4.76,SZ002697
541,2014-12-03,34.4,34.96,34.96,33.88,271056,229367706.0,3.15,1.98,0.68,8.8,SZ002697
542,2014-12-04,34.92,35.24,35.6,34.6,326217,282007904.0,2.86,0.8,0.28,10.59,SZ002697
543,2014-12-05,35.24,33.72,35.24,33.12,317259,265744751.0,6.02,-4.31,-1.52,10.3,SZ002697
544,2014-12-08,33.32,33.84,34.28,32.96,211780,176078388.0,3.91,0.36,0.12,6.88,SZ002697
545,2014-12-09,33.76,33.28,34.12,33.12,238547,196985505.0,2.96,-1.65,-0.56,7.75,SZ002697
546,2014-12-10,33.28,34.32,34.32,33.24,191227,159758220.0,3.25,3.13,1.04,6.21,SZ002697
547,2014-12-11,34.32,35.0,35.52,34.04,297771,256442498.0,4.31,1.98,0.68,9.67,SZ002697
548,2014-12-12,35.24,34.88,35.52,34.56,179955,154614363.0,2.74,-0.34,-0.12,5.84,SZ002697
549,2014-12-15,34.84,35.28,35.36,34.56,219210,189500569.0,2.29,1.15,0.4,7.12,SZ002697
550,2014-12-16,35.28,34.88,35.4,34.8,172757,148899406.0,1.7,-1.13,-0.4,5.61,SZ002697
551,2014-12-17,34.68,34.2,34.84,33.96,154703,130585857.0,2.52,-1.95,-0.68,5.02,SZ002697
552,2014-12-18,34.16,33.88,34.16,33.64,101372,84470030.0,1.52,-0.94,-0.32,3.29,SZ002697
553,2014-12-19,33.84,33.96,34.68,33.72,122141,102458868.0,2.83,0.24,0.08,3.97,SZ002697
554,2014-12-22,34.12,32.92,34.12,32.72,149759,122356391.0,4.12,-3.06,-1.04,4.86,SZ002697
555,2014-12-23,32.84,32.92,33.36,32.72,74566,60660531.0,1.94,0.0,0.0,2.42,SZ002697
556,2014-12-24,33.0,33.56,33.88,33.0,76778,63338884.0,2.67,1.94,0.64,2.49,SZ002697
557,2014-12-25,33.72,33.64,33.8,33.32,73261,60471437.0,1.43,0.24,0.08,2.38,SZ002697
558,2014-12-26,33.68,33.6,33.84,33.4,76454,63218011.0,1.31,-0.12,-0.04,2.48,SZ002697
559,2014-12-29,33.6,32.96,33.6,32.92,101831,82870333.0,2.02,-1.9,-0.64,3.31,SZ002697
560,2014-12-30,33.24,33.68,34.48,33.24,182900,153169646.0,3.76,2.18,0.72,5.94,SZ002697
561,2014-12-31,33.28,33.4,33.6,33.04,81594,66720432.0,1.66,-0.83,-0.28,2.65,SZ002697
562,2015-01-05,33.36,33.28,33.36,32.8,126269,102798377.0,1.68,-0.36,-0.12,4.1,SZ002697
563,2015-01-06,33.24,33.6,33.64,32.96,115249,94576316.0,2.04,0.96,0.32,3.74,SZ002697
564,2015-01-07,33.64,34.52,35.2,33.36,267503,225918589.0,5.48,2.74,0.92,8.69,SZ002697
565,2015-01-08,33.96,34.52,35.16,33.96,220436,187982987.0,3.48,0.0,0.0,7.16,SZ002697
566,2015-01-09,34.48,33.56,34.48,33.48,167411,140324841.0,2.9,-2.78,-0.96,5.44,SZ002697
567,2015-01-12,33.48,33.24,33.64,33.12,66827,54807386.0,1.55,-0.95,-0.32,2.17,SZ002697
568,2015-01-13,33.2,33.56,33.64,33.16,58284,47871942.0,1.44,0.96,0.32,1.89,SZ002697
569,2015-01-14,33.44,33.24,33.56,33.16,64213,52659497.0,1.19,-0.95,-0.32,2.08,SZ002697
570,2015-01-15,33.32,33.32,33.6,33.2,66512,54566727.0,1.2,0.24,0.08,2.16,SZ002697
571,2015-01-16,33.36,33.44,33.56,33.2,83876,68831591.0,1.08,0.36,0.12,2.72,SZ002697
572,2015-01-19,33.24,32.52,33.44,31.72,129138,104699411.0,5.14,-2.75,-0.92,4.19,SZ002697
573,2015-01-20,32.56,33.32,33.48,32.56,88338,72052398.0,2.83,2.46,0.8,2.87,SZ002697
574,2015-01-21,33.36,33.84,34.0,33.28,136180,113180365.0,2.16,1.56,0.52,4.42,SZ002697
575,2015-01-22,33.92,37.16,37.16,33.92,458392,404963360.0,9.57,9.81,3.32,14.88,SZ002697
576,2015-01-23,38.4,36.72,38.92,36.28,812390,750189472.0,7.1,-1.18,-0.44,26.38,SZ002697
577,2015-01-26,36.04,37.12,37.56,35.72,308625,281440192.0,5.01,1.09,0.4,10.02,SZ002697
578,2015-01-27,37.16,37.72,38.28,37.0,349577,324240992.0,3.45,1.62,0.6,11.35,SZ002697
579,2015-01-28,37.64,36.92,38.32,36.6,298111,275729392.0,4.56,-2.12,-0.8,9.68,SZ002697
580,2015-01-29,36.6,36.0,36.6,35.92,203726,181827964.0,1.84,-2.49,-0.92,6.61,SZ002697
581,2015-01-30,35.8,36.28,36.84,35.76,133604,119413084.0,3.0,0.78,0.28,4.34,SZ002697
582,2015-02-02,36.08,36.24,36.56,35.44,110875,98439360.0,3.09,-0.11,-0.04,3.6,SZ002697
583,2015-02-03,36.2,36.92,37.32,35.76,187434,168802569.0,4.3,1.88,0.68,6.09,SZ002697
584,2015-02-04,36.92,35.96,37.08,35.72,149807,134257769.0,3.68,-2.6,-0.96,4.86,SZ002697
585,2015-02-05,36.04,35.84,36.36,35.76,117517,104248372.0,1.67,-0.33,-0.12,3.82,SZ002697
586,2015-02-06,35.72,35.44,35.72,34.84,131636,114038889.0,2.46,-1.12,-0.4,4.27,SZ002697
587,2015-02-09,35.04,35.56,35.88,35.0,80655,70559500.0,2.48,0.34,0.12,2.62,SZ002697
588,2015-02-10,35.32,35.36,35.72,35.0,79488,69035218.0,2.02,-0.56,-0.2,2.58,SZ002697
589,2015-02-11,35.48,36.88,37.04,35.32,220670,198261560.0,4.86,4.3,1.52,7.16,SZ002697
590,2015-02-12,36.8,36.44,36.8,36.2,141827,127558938.0,1.63,-1.19,-0.44,4.6,SZ002697
591,2015-02-13,36.72,36.64,37.24,36.48,166838,151644299.0,2.09,0.55,0.2,5.42,SZ002697
592,2015-02-16,36.6,37.52,37.6,36.6,217022,199991758.0,2.73,2.4,0.88,7.05,SZ002697
593,2015-02-17,37.72,37.72,38.24,37.04,199642,185484038.0,3.2,0.53,0.2,6.48,SZ002697
594,2015-03-18,41.44,41.44,41.44,41.44,9078,9287121.0,0.0,9.86,3.72,0.29,SZ002697
595,2015-03-19,45.52,45.52,45.52,43.52,953878,1053202624.0,4.83,9.85,4.08,30.97,SZ002697
596,2015-03-20,46.04,44.44,46.04,44.12,486098,538081952.0,4.22,-2.37,-1.08,15.78,SZ002697
597,2015-03-23,44.72,48.84,48.84,44.6,786190,931434144.0,9.54,9.9,4.4,25.53,SZ002697
598,2015-03-24,51.32,52.0,53.44,46.52,888708,1106414848.0,14.17,6.47,3.16,28.86,SZ002697
599,2015-03-25,51.32,51.68,53.8,49.6,494121,624480560.0,8.08,-0.62,-0.32,16.04,SZ002697
600,2015-03-26,50.88,49.68,51.68,49.52,326869,406585648.0,4.18,-3.87,-2.0,10.61,SZ002697
601,2015-03-27,49.4,48.52,49.4,47.4,331639,394890512.0,4.03,-2.33,-1.16,10.77,SZ002697
602,2015-03-30,48.48,48.64,50.08,47.72,313733,377219248.0,4.86,0.25,0.12,10.19,SZ002697
603,2015-03-31,48.6,49.16,49.84,47.88,278873,336124864.0,4.03,1.07,0.52,9.05,SZ002697
604,2015-04-01,49.36,49.6,49.72,48.76,233898,285396624.0,1.95,0.9,0.44,7.59,SZ002697
605,2015-04-02,50.08,51.72,52.12,50.0,450523,571949824.0,4.27,4.27,2.12,14.63,SZ002697
606,2015-04-03,50.72,50.84,51.76,50.12,284855,358396192.0,3.17,-1.7,-0.88,9.25,SZ002697
607,2015-04-07,50.84,50.72,51.72,50.12,337335,422237488.0,3.15,-0.24,-0.12,10.95,SZ002697
608,2015-04-08,50.88,48.88,51.2,47.96,315481,385022416.0,6.39,-3.63,-1.84,10.24,SZ002697
609,2015-04-09,48.68,46.8,48.72,45.52,287511,333312480.0,6.55,-4.26,-2.08,9.34,SZ002697
610,2015-04-10,46.92,48.08,48.52,46.92,184198,218478877.0,3.42,2.74,1.28,5.98,SZ002697
611,2015-04-13,48.32,49.24,49.4,47.92,270649,326969776.0,3.08,2.41,1.16,8.79,SZ002697
612,2015-04-14,49.56,48.72,49.64,48.2,207785,250974003.0,2.92,-1.06,-0.52,6.75,SZ002697
613,2015-04-15,48.52,46.52,48.52,46.52,166742,195207383.0,4.11,-4.52,-2.2,5.41,SZ002697
614,2015-04-16,46.28,46.72,47.88,44.96,171761,196633968.0,6.28,0.43,0.2,5.58,SZ002697
615,2015-04-17,47.12,49.72,50.2,46.76,356686,429014208.0,7.36,6.42,3.0,11.58,SZ002697
616,2015-04-20,49.39,48.07,49.67,47.55,241956,290398464.0,4.26,-3.32,-1.65,7.86,SZ002697
617,2015-04-21,47.51,50.11,50.15,47.39,295671,360592880.0,5.74,4.24,2.04,9.6,SZ002697
618,2015-04-22,50.55,55.07,55.07,50.55,631349,833788144.0,9.02,9.9,4.96,20.5,SZ002697
619,2015-04-23,55.39,55.03,55.67,52.95,499565,672620192.0,4.94,-0.07,-0.04,16.22,SZ002697
620,2015-04-24,53.83,56.27,57.07,53.39,414387,572590272.0,6.69,2.25,1.24,13.45,SZ002697
621,2015-04-27,56.39,55.79,58.87,55.71,383163,540111056.0,5.62,-0.85,-0.48,12.44,SZ002697
622,2015-04-28,55.71,52.39,55.71,51.87,307552,404476464.0,6.88,-6.09,-3.4,9.99,SZ002697
623,2015-04-29,52.59,53.83,54.59,52.59,188958,251515677.0,3.82,2.75,1.44,6.14,SZ002697
624,2015-04-30,54.39,54.51,56.31,53.95,235527,320697760.0,4.38,1.26,0.68,7.65,SZ002697
625,2015-05-04,54.51,56.23,57.51,54.51,312877,437634032.0,5.5,3.16,1.72,10.16,SZ002697
626,2015-05-05,56.71,54.23,57.39,52.31,227521,307288848.0,9.03,-3.56,-2.0,7.39,SZ002697
627,2015-05-06,54.23,52.39,54.79,51.79,173141,228762710.0,5.53,-3.39,-1.84,5.62,SZ002697
628,2015-05-07,52.31,49.39,52.31,48.11,207446,254370932.0,8.02,-5.73,-3.0,6.74,SZ002697
629,2015-05-08,49.99,53.83,54.27,49.27,274546,352210128.0,10.12,8.99,4.44,8.91,SZ002697
630,2015-05-11,56.19,56.51,57.39,53.99,324704,449467520.0,6.32,4.98,2.68,10.54,SZ002697
631,2015-05-12,56.59,56.15,57.27,54.71,268269,370025792.0,4.53,-0.64,-0.36,8.71,SZ002697
632,2015-06-10,61.71,61.71,61.71,61.71,7092,10837034.0,0.0,9.9,5.56,0.23,SZ002697
633,2015-06-11,67.83,67.83,67.83,67.83,75579,127047945.0,0.0,9.92,6.12,2.45,SZ002697
634,2015-06-12,74.55,74.55,74.55,72.47,192942,355560416.0,3.07,9.91,6.72,6.26,SZ002697
635,2015-06-15,77.79,68.99,77.79,68.79,608874,1094657936.0,12.07,-7.46,-5.56,19.77,SZ002697
636,2015-06-16,68.59,64.15,68.59,63.79,361049,585778784.0,6.96,-7.02,-4.84,11.72,SZ002697
637,2015-06-17,63.39,67.83,68.59,62.83,277708,454122240.0,8.98,5.74,3.68,9.02,SZ002697
638,2015-06-18,66.55,64.79,70.59,64.19,253774,425125472.0,9.44,-4.48,-3.04,8.24,SZ002697
639,2015-06-19,60.59,58.43,64.39,58.39,232051,348070720.0,9.26,-9.82,-6.36,7.53,SZ002697
640,2015-06-23,58.59,58.43,60.19,53.71,213849,300723968.0,11.09,0.0,0.0,6.94,SZ002697
641,2015-06-24,59.71,60.03,61.83,58.43,225388,335824608.0,5.82,2.74,1.6,7.32,SZ002697
642,2015-06-25,60.23,61.59,63.63,59.75,287326,439182960.0,6.46,2.6,1.56,9.33,SZ002697
643,2015-06-26,56.59,55.51,59.75,55.51,204392,287949408.0,6.88,-9.87,-6.08,6.64,SZ002697
644,2015-06-29,58.15,50.03,58.19,50.03,227633,294644912.0,14.7,-9.87,-5.48,7.39,SZ002697
645,2015-06-30,50.15,52.51,52.59,45.07,285231,342737728.0,15.03,4.96,2.48,9.26,SZ002697
646,2015-07-01,51.95,47.71,54.99,47.39,249598,321914320.0,14.47,-9.14,-4.8,8.1,SZ002697
647,2015-07-02,48.59,42.99,49.79,42.99,287070,315593808.0,14.25,-9.89,-4.72,9.32,SZ002697
648,2015-07-03,40.55,39.83,45.19,38.75,288625,291916960.0,14.98,-7.35,-3.16,9.37,SZ002697
649,2015-07-06,43.75,40.83,43.75,37.39,352031,360653568.0,15.97,2.51,1.0,11.43,SZ002697
650,2015-07-07,41.35,36.79,42.59,36.79,431049,421909632.0,14.21,-9.89,-4.04,14.0,SZ002697
651,2015-07-08,33.19,38.59,39.03,33.19,652075,561205616.0,15.87,4.89,1.8,21.17,SZ002697
652,2015-07-09,36.59,42.39,42.39,36.11,277916,279121648.0,16.27,9.85,3.8,9.02,SZ002697
653,2015-07-10,45.23,46.59,46.59,43.83,155332,176977630.0,6.51,9.91,4.2,5.04,SZ002697
654,2015-07-13,49.79,51.19,51.19,48.63,330192,411719904.0,5.49,9.87,4.6,10.72,SZ002697
655,2015-07-14,52.35,52.19,55.91,50.03,432599,567614128.0,11.49,1.95,1.0,14.05,SZ002697
656,2015-07-15,50.79,47.03,51.19,47.03,306442,367840112.0,7.97,-9.89,-5.16,9.95,SZ002697
657,2015-07-16,47.03,49.67,50.63,44.51,243024,290836336.0,13.01,5.61,2.64,7.89,SZ002697
658,2015-07-17,49.71,53.55,54.03,49.67,223320,289800976.0,8.78,7.81,3.88,7.25,SZ002697
659,2015-07-20,53.59,53.15,54.99,51.67,268994,355887760.0,6.2,-0.75,-0.4,8.73,SZ002697
660,2015-07-21,52.59,54.83,55.71,51.23,255707,343273216.0,8.43,3.16,1.68,8.3,SZ002697
661,2015-07-22,54.59,54.27,55.95,52.63,208117,279606352.0,6.06,-1.02,-0.56,6.76,SZ002697
662,2015-07-23,54.59,55.11,55.51,53.47,226694,306379888.0,3.76,1.55,0.84,7.36,SZ002697
663,2015-07-24,55.11,55.59,57.63,53.87,349352,479702800.0,6.82,0.87,0.48,11.34,SZ002697
664,2015-07-27,54.99,52.19,59.75,51.31,439861,613976288.0,15.18,-6.12,-3.4,14.28,SZ002697
665,2015-07-28,48.63,51.79,54.51,47.11,311648,388743536.0,14.18,-0.77,-0.4,10.12,SZ002697
666,2015-07-29,52.99,55.15,55.39,49.99,239571,310608912.0,10.43,6.49,3.36,7.78,SZ002697
667,2015-07-30,55.07,52.35,55.79,51.71,252545,341133744.0,7.4,-5.08,-2.8,8.2,SZ002697
668,2015-07-31,51.03,50.43,52.55,49.19,162949,204946718.0,6.42,-3.67,-1.92,5.29,SZ002697
669,2015-08-03,49.03,45.79,49.99,45.43,181161,210845116.0,9.04,-9.2,-4.64,5.88,SZ002697
670,2015-08-04,46.03,50.07,50.27,46.03,175364,208813992.0,9.26,9.35,4.28,5.69,SZ002697
671,2015-08-05,50.27,48.95,51.59,48.51,171883,211850631.0,6.15,-2.24,-1.12,5.58,SZ002697
672,2015-08-06,47.91,48.35,49.19,47.15,98895,118305728.0,4.17,-1.23,-0.6,3.21,SZ002697
673,2015-08-07,48.95,53.11,53.11,48.95,371389,481450944.0,8.6,9.84,4.76,12.06,SZ002697
674,2015-08-10,53.31,57.91,58.19,53.31,469312,642528208.0,9.19,9.04,4.8,15.24,SZ002697
675,2015-08-11,62.99,63.63,63.63,62.59,251992,396217040.0,1.8,9.88,5.72,8.18,SZ002697
676,2015-08-12,62.23,58.67,62.23,58.23,529472,787944080.0,6.29,-7.8,-4.96,17.19,SZ002697
677,2015-08-13,58.79,58.71,59.99,55.71,412142,589024576.0,7.3,0.07,0.04,13.38,SZ002697
678,2015-08-14,58.23,57.87,60.51,57.43,309912,450326864.0,5.25,-1.43,-0.84,10.06,SZ002697
679,2015-08-17,57.79,59.23,60.51,56.59,258595,374384480.0,6.77,2.35,1.36,8.4,SZ002697
680,2015-08-18,59.35,54.99,62.03,53.87,486484,712505616.0,13.78,-7.16,-4.24,15.8,SZ002697
681,2015-08-19,53.03,58.43,58.79,51.07,340415,464824832.0,14.04,6.26,3.44,11.05,SZ002697
682,2015-08-20,58.59,55.27,58.71,54.59,254163,358598400.0,7.05,-5.41,-3.16,8.25,SZ002697
683,2015-08-21,53.87,51.35,55.47,50.99,187281,245665315.0,8.11,-7.09,-3.92,6.08,SZ002697
684,2015-08-24,46.39,46.27,49.31,46.27,191542,220666231.0,5.92,-9.89,-5.08,6.22,SZ002697
685,2015-08-25,41.71,41.71,44.19,41.71,205038,215402366.0,5.36,-9.86,-4.56,6.66,SZ002697
686,2015-08-26,42.95,40.95,44.55,38.59,226686,236987927.0,14.29,-1.82,-0.76,7.36,SZ002697
687,2015-08-27,42.19,43.15,43.39,40.19,154194,159589399.0,7.81,5.37,2.2,5.01,SZ002697
688,2015-08-28,44.55,46.55,46.63,43.39,206159,227822436.0,7.51,7.88,3.4,6.69,SZ002697
689,2015-08-31,45.39,43.67,46.19,43.59,170332,187594449.0,5.59,-6.19,-2.88,5.53,SZ002697
690,2015-09-01,43.39,39.43,43.43,39.39,146218,146614608.0,9.25,-9.71,-4.24,4.75,SZ002697
691,2015-09-02,37.35,37.79,41.67,36.79,125347,120282045.0,12.38,-4.16,-1.64,4.07,SZ002697
692,2015-09-07,38.91,39.27,40.55,38.43,98535,96276362.0,5.61,3.92,1.48,1.23,SZ002697
693,2015-09-08,39.63,41.87,41.99,38.87,97075,96768836.0,7.94,6.62,2.6,1.21,SZ002697
694,2015-09-09,42.67,43.55,44.19,41.51,158297,168347995.0,6.4,4.01,1.68,1.98,SZ002697
695,2015-09-10,42.63,42.27,43.99,41.79,118649,126034104.0,5.05,-2.94,-1.28,1.48,SZ002697
696,2015-09-11,42.59,42.95,43.19,41.71,78836,82552367.0,3.5,1.61,0.68,0.99,SZ002697
697,2015-09-14,43.19,38.71,43.31,38.71,124488,123852520.0,10.71,-9.87,-4.24,1.56,SZ002697
698,2015-09-15,37.39,35.47,38.67,34.99,99661,90682726.0,9.51,-8.37,-3.24,1.25,SZ002697
699,2015-09-16,35.71,38.95,38.95,35.71,104056,95186029.0,9.13,9.81,3.48,1.3,SZ002697
700,2015-09-17,39.19,37.99,39.99,37.79,118721,114130767.0,5.65,-2.46,-0.96,1.48,SZ002697
701,2015-09-18,38.59,40.27,40.91,38.03,120645,117151949.0,7.58,6.0,2.28,2.8,SZ002697
702,2015-09-21,40.19,42.11,42.19,39.71,124911,126466400.0,6.16,4.57,1.84,2.9,SZ002697
703,2015-09-22,42.15,42.15,43.11,41.19,116930,121800146.0,4.56,0.09,0.04,2.72,SZ002697
704,2015-09-23,41.23,42.43,42.99,40.87,122322,127227461.0,5.03,0.66,0.28,2.84,SZ002697
705,2015-09-24,43.39,43.11,43.79,42.43,118051,125562997.0,3.21,1.6,0.68,2.74,SZ002697
706,2015-09-25,43.07,41.51,43.19,41.03,110782,114488320.0,5.01,-3.71,-1.6,2.57,SZ002697
707,2015-09-28,41.52,41.72,42.2,40.57,109349,65532612.0,3.93,0.51,0.21,1.5,SZ002697
708,2015-09-29,40.91,39.68,41.31,39.07,143756,83616707.0,5.37,-4.89,-2.04,1.97,SZ002697
709,2015-09-30,40.09,40.16,40.7,39.75,83438,48305822.0,2.39,1.21,0.48,1.14,SZ002697
710,2015-10-08,41.72,41.45,42.13,40.97,134203,80399318.0,2.89,3.21,1.29,1.83,SZ002697
711,2015-10-09,41.52,42.27,42.61,40.97,163147,98848285.0,3.96,1.98,0.82,2.23,SZ002697
712,2015-10-12,42.67,44.58,45.33,42.27,275707,175111650.0,7.24,5.46,2.31,3.77,SZ002697
713,2015-10-13,44.31,44.44,44.85,43.76,195532,125147117.0,2.45,-0.31,-0.14,2.67,SZ002697
714,2015-10-14,44.51,44.31,45.46,44.17,229076,148264998.0,2.9,-0.29,-0.13,3.13,SZ002697
715,2015-10-15,43.97,45.26,45.46,43.83,234990,152735443.0,3.68,2.14,0.95,3.21,SZ002697
716,2015-10-16,45.87,45.46,46.07,44.17,264600,172280824.0,4.2,0.44,0.2,3.62,SZ002697
717,2015-10-19,45.33,46.82,47.03,44.65,309640,203927365.0,5.24,2.99,1.36,4.23,SZ002697
718,2015-10-20,46.35,51.17,51.31,45.73,533597,376662688.0,11.92,9.29,4.35,7.3,SZ002697
719,2015-10-21,50.97,46.75,51.38,46.21,536144,381256608.0,10.1,-8.64,-4.42,7.33,SZ002697
720,2015-10-22,46.48,49.75,50.63,46.48,482363,342714624.0,8.88,6.42,3.0,6.6,SZ002697
721,2015-10-23,49.13,49.88,50.36,48.45,448464,321540192.0,3.84,0.26,0.13,6.13,SZ002697
722,2015-10-26,50.56,49.81,50.9,49.27,347695,250980022.0,3.27,-0.14,-0.07,4.75,SZ002697
723,2015-10-27,49.68,49.41,49.68,46.75,269496,188974529.0,5.88,-0.8,-0.4,3.68,SZ002697
724,2015-10-28,49.47,47.71,49.81,47.37,223726,157592850.0,4.94,-3.44,-1.7,3.06,SZ002697
725,2015-10-29,48.25,47.98,48.59,47.37,149679,104152335.0,2.56,0.57,0.27,2.05,SZ002697
726,2015-10-30,47.77,48.05,48.66,47.09,159685,110609861.0,3.27,0.15,0.07,2.18,SZ002697
727,2015-11-02,47.03,47.77,49.13,46.89,181663,126783862.0,4.66,-0.58,-0.28,2.48,SZ002697
728,2015-11-03,47.43,47.37,48.18,47.09,121417,83503712.0,2.28,-0.84,-0.4,1.66,SZ002697
729,2015-11-04,47.43,49.34,49.41,47.43,283248,199910726.0,4.18,4.16,1.97,3.87,SZ002697
730,2015-11-05,49.47,49.88,50.77,48.86,355436,255886188.0,3.87,1.09,0.54,4.86,SZ002697
731,2015-11-06,50.15,51.99,52.26,50.15,492173,368217504.0,4.23,4.23,2.11,6.73,SZ002697
732,2015-11-09,51.11,51.45,51.79,49.81,351025,259297774.0,3.81,-1.04,-0.54,4.8,SZ002697
733,2015-11-10,51.17,54.37,54.78,50.49,706153,542065648.0,8.34,5.68,2.92,9.65,SZ002697
734,2015-11-11,53.42,53.83,55.19,52.74,393586,305880512.0,4.51,-0.99,-0.54,5.38,SZ002697
735,2015-11-12,53.83,54.51,55.32,53.21,477528,375236512.0,3.92,1.26,0.68,6.53,SZ002697
736,2015-11-13,55.19,54.51,55.53,53.83,371524,294543472.0,3.12,0.0,0.0,5.08,SZ002697
737,2015-11-16,53.49,58.99,59.33,53.49,1053506,868721648.0,10.71,8.22,4.48,14.4,SZ002697
738,2015-11-17,58.45,57.23,59.47,56.0,1043486,875216464.0,5.88,-2.98,-1.76,14.27,SZ002697
739,2015-11-18,56.89,53.76,57.23,53.15,566164,452106800.0,7.13,-6.06,-3.47,7.74,SZ002697
740,2015-11-19,54.1,54.17,54.71,52.47,277233,215323016.0,4.17,0.76,0.41,3.79,SZ002697
741,2015-11-20,54.17,55.87,55.87,53.21,394839,311895280.0,4.91,3.14,1.7,5.4,SZ002697
742,2015-11-23,55.87,57.29,58.45,55.59,618322,509311280.0,5.12,2.54,1.42,8.45,SZ002697
743,2015-11-24,56.89,56.61,56.95,55.39,281501,229157611.0,2.72,-1.19,-0.68,3.85,SZ002697
744,2015-11-25,56.61,56.95,57.02,55.93,303072,248059007.0,1.93,0.6,0.34,4.14,SZ002697
745,2015-11-26,57.16,55.39,57.23,55.39,289550,235265678.0,3.23,-2.74,-1.56,3.96,SZ002697
746,2015-11-27,54.98,51.17,54.98,50.22,357253,273764016.0,8.59,-7.62,-4.22,4.88,SZ002697
747,2015-11-30,51.58,51.72,52.74,48.86,291709,217390017.0,7.58,1.07,0.55,3.99,SZ002697
748,2015-12-01,51.92,52.26,52.6,50.97,269537,202439752.0,3.15,1.04,0.54,3.69,SZ002697
749,2015-12-02,52.26,50.7,52.26,49.07,214144,156900442.0,6.1,-2.99,-1.56,2.93,SZ002697
750,2015-12-03,50.7,52.13,52.67,50.09,247518,184440139.0,5.09,2.82,1.43,3.38,SZ002697
751,2015-12-04,51.79,51.31,52.19,51.17,149688,111724795.0,1.96,-1.57,-0.82,2.05,SZ002697
752,2015-12-07,51.11,56.34,56.34,51.11,779522,619571088.0,10.19,9.8,5.03,10.66,SZ002697
753,2015-12-08,55.25,52.81,55.66,52.81,562471,442110224.0,5.06,-6.27,-3.53,7.69,SZ002697
754,2015-12-09,52.13,52.13,52.33,51.11,303538,226836252.0,2.31,-1.29,-0.68,4.15,SZ002697
755,2015-12-10,51.92,53.42,54.51,51.31,363018,279821728.0,6.14,2.47,1.29,4.96,SZ002697
756,2015-12-14,53.49,55.19,56.95,51.92,493422,394746048.0,9.42,3.31,1.77,6.75,SZ002697
757,2015-12-15,54.51,55.39,56.34,53.83,370315,295596896.0,4.55,0.36,0.2,5.06,SZ002697
758,2015-12-16,55.32,54.44,55.59,54.23,289462,230151878.0,2.46,-1.72,-0.95,3.96,SZ002697
759,2015-12-17,54.44,55.66,56.14,54.44,348137,280294304.0,3.12,2.24,1.22,4.76,SZ002697
760,2015-12-18,55.73,54.78,55.8,54.51,246942,196448463.0,2.32,-1.58,-0.88,3.38,SZ002697
761,2015-12-21,54.44,54.85,54.98,53.96,199149,157610460.0,1.86,0.13,0.07,2.72,SZ002697
762,2015-12-22,54.91,55.73,56.07,54.23,323548,260021461.0,3.35,1.6,0.88,4.42,SZ002697
763,2015-12-23,55.59,54.51,55.59,54.51,248014,197585193.0,1.94,-2.19,-1.22,3.39,SZ002697
764,2015-12-24,54.03,53.15,54.51,52.47,189785,146695002.0,3.74,-2.49,-1.36,2.59,SZ002697
765,2015-12-25,53.21,53.49,53.89,53.15,102706,79553893.0,1.39,0.64,0.34,1.4,SZ002697
766,2015-12-28,53.62,52.74,54.37,52.67,172910,134038380.0,3.18,-1.4,-0.75,2.36,SZ002697
767,2015-12-29,52.47,52.94,53.08,52.19,103907,79301059.0,1.69,0.38,0.2,1.42,SZ002697
768,2015-12-30,52.94,53.08,53.35,52.67,98344,75529697.0,1.28,0.26,0.14,1.34,SZ002697
769,2015-12-31,53.08,53.21,53.49,52.74,113137,87098952.0,1.41,0.24,0.13,1.55,SZ002697
770,2016-01-04,53.49,48.45,53.96,48.39,135797,101700328.0,10.47,-8.95,-4.76,1.86,SZ002697
771,2016-01-05,47.03,48.59,50.36,45.67,203763,142213002.0,9.68,0.29,0.14,2.79,SZ002697
772,2016-01-06,48.11,49.41,49.68,48.11,109702,77865398.0,3.23,1.69,0.82,1.5,SZ002697
773,2016-01-07,48.86,44.99,48.86,44.65,40041,27040103.0,8.52,-8.95,-4.42,0.55,SZ002697
774,2016-01-08,46.69,45.8,47.71,41.79,152008,100774049.0,13.16,1.8,0.81,2.08,SZ002697
775,2016-01-11,44.99,42.13,46.35,41.93,147626,94149269.0,9.65,-8.01,-3.67,2.02,SZ002697
776,2016-01-12,42.27,42.33,42.95,41.31,112672,68603211.0,3.89,0.47,0.2,1.54,SZ002697
777,2016-01-13,42.61,41.52,42.81,41.31,101058,61470493.0,3.54,-1.91,-0.81,1.38,SZ002697
778,2016-01-14,40.63,42.33,42.61,40.23,125306,75023647.0,5.73,1.95,0.81,1.71,SZ002697
779,2016-01-15,42.33,40.7,42.33,40.23,107838,64237541.0,4.96,-3.85,-1.63,1.47,SZ002697
780,2016-01-18,39.95,40.84,41.38,39.55,101142,59497774.0,4.5,0.34,0.14,1.38,SZ002697
781,2016-01-19,40.77,42.06,42.13,40.57,104692,62855868.0,3.82,2.99,1.22,1.43,SZ002697
782,2016-01-20,42.13,42.88,44.31,41.52,193162,119323085.0,6.63,1.95,0.82,2.64,SZ002697
783,2016-01-21,42.27,41.59,43.29,41.59,123680,75670841.0,3.96,-3.01,-1.29,1.69,SZ002697
784,2016-01-22,41.79,41.99,42.27,40.77,82388,49567759.0,3.61,0.96,0.4,1.13,SZ002697
785,2016-01-25,42.27,42.27,42.67,41.93,62728,38289735.0,1.76,0.67,0.28,0.86,SZ002697
786,2016-01-26,41.59,38.8,41.93,38.53,105204,61433692.0,8.04,-8.21,-3.47,1.44,SZ002697
787,2016-01-27,40.36,38.93,40.36,36.96,106123,58733038.0,8.76,0.34,0.13,1.45,SZ002697
788,2016-01-28,38.39,37.3,39.21,36.96,61711,33928666.0,5.78,-4.19,-1.63,0.84,SZ002697
789,2016-01-29,37.37,38.32,38.8,36.96,70521,38676435.0,4.93,2.73,1.02,0.96,SZ002697
790,2016-02-01,38.32,38.05,38.66,37.57,54431,29824676.0,2.84,-0.7,-0.27,0.74,SZ002697
791,2016-02-02,38.05,38.87,39.07,37.91,67867,37845587.0,3.05,2.16,0.82,0.93,SZ002697
792,2016-02-03,38.32,38.59,38.8,37.98,47750,26364478.0,2.11,-0.72,-0.28,0.65,SZ002697
793,2016-02-04,38.59,39.21,39.61,38.59,77944,44040923.0,2.64,1.61,0.62,1.07,SZ002697
794,2016-02-05,39.27,38.93,39.75,38.93,56449,31952899.0,2.09,-0.71,-0.28,0.77,SZ002697
795,2016-02-15,37.51,38.73,39.48,37.3,63298,34947017.0,5.6,-0.51,-0.2,0.87,SZ002697
796,2016-02-16,38.93,40.7,41.86,38.93,130425,76569175.0,7.57,5.09,1.97,1.78,SZ002697
797,2016-02-17,40.77,40.91,41.25,40.23,102058,59931905.0,2.51,0.52,0.21,1.4,SZ002697
798,2016-02-18,41.52,40.63,41.65,40.57,105723,62535617.0,2.64,-0.68,-0.28,1.45,SZ002697
799,2016-02-19,40.97,40.84,41.04,40.5,77577,45623981.0,1.33,0.52,0.21,1.06,SZ002697
800,2016-02-22,41.65,41.59,41.86,40.97,139565,83375788.0,2.18,1.84,0.75,1.91,SZ002697
801,2016-02-23,41.72,41.11,41.79,40.7,107529,63936128.0,2.62,-1.15,-0.48,1.47,SZ002697
802,2016-02-24,40.91,41.31,41.38,40.23,99924,58923708.0,2.8,0.49,0.2,1.37,SZ002697
803,2016-02-25,41.11,37.51,41.11,37.37,140671,79063427.0,9.05,-9.2,-3.8,1.92,SZ002697
804,2016-02-26,37.78,37.51,38.32,36.28,111770,60307467.0,5.44,0.0,0.0,1.53,SZ002697
805,2016-02-29,37.51,35.33,37.57,34.79,125876,64403979.0,7.41,-5.81,-2.18,1.72,SZ002697
806,2016-03-01,36.15,36.28,36.35,35.4,97586,50571200.0,2.69,2.69,0.95,1.33,SZ002697
807,2016-03-02,36.28,37.98,38.05,36.28,147194,79033357.0,4.88,4.69,1.7,2.01,SZ002697
808,2016-03-03,38.12,37.85,38.39,37.64,150956,82669221.0,1.97,-0.34,-0.13,2.06,SZ002697
809,2016-03-04,37.57,36.49,37.85,35.6,146355,77470691.0,5.94,-3.59,-1.36,2.0,SZ002697
810,2016-03-07,36.49,36.89,37.51,36.49,113977,60637573.0,2.8,1.1,0.4,1.56,SZ002697
811,2016-03-08,36.89,36.83,36.89,35.53,125280,65276224.0,3.69,-0.16,-0.06,1.71,SZ002697
812,2016-03-09,36.83,37.3,37.78,36.08,152359,81548424.0,4.62,1.28,0.47,2.08,SZ002697
813,2016-03-10,37.03,36.42,37.37,36.15,89527,47277419.0,3.27,-2.36,-0.88,1.22,SZ002697
814,2016-03-11,35.47,36.21,36.49,35.47,53789,27907912.0,2.8,-0.58,-0.21,0.74,SZ002697
815,2016-03-14,37.23,37.17,37.64,36.62,142413,76383126.0,2.82,2.65,0.96,1.95,SZ002697
816,2016-04-18,40.84,40.84,40.84,40.84,199895,117738361.0,0.0,9.87,3.67,2.73,SZ002697
817,2016-04-19,42.88,44.85,44.85,41.93,912079,579362672.0,7.15,9.82,4.01,12.47,SZ002697
818,2016-04-20,44.99,49.27,49.27,44.85,1194788,818013904.0,9.86,9.86,4.42,16.34,SZ002697
819,2016-04-21,49.61,46.69,50.29,46.48,836455,575466944.0,7.73,-5.24,-2.58,11.44,SZ002697
820,2016-04-22,44.65,43.29,45.26,42.95,586400,370957568.0,4.95,-7.28,-3.4,8.02,SZ002697
821,2016-04-25,43.29,43.97,44.1,42.67,440591,275965552.0,3.3,1.57,0.68,6.02,SZ002697
822,2016-04-26,43.35,43.76,43.76,42.95,299210,187312076.0,1.84,-0.48,-0.21,4.09,SZ002697
823,2016-04-27,43.56,42.67,43.69,42.27,299247,185679784.0,3.24,-2.49,-1.09,4.09,SZ002697
824,2016-04-28,42.47,42.74,43.15,41.65,241211,147527372.0,3.52,0.16,0.07,3.3,SZ002697
825,2016-04-29,42.54,42.27,42.81,42.06,157584,96385788.0,1.75,-1.1,-0.47,2.15,SZ002697
826,2016-05-03,42.61,43.42,43.49,41.99,259176,160832860.0,3.55,2.72,1.15,3.54,SZ002697
827,2016-05-04,43.15,42.95,43.42,42.74,240117,149316388.0,1.57,-1.08,-0.47,3.28,SZ002697
828,2016-05-05,41.99,43.08,43.08,41.45,297689,180983729.0,3.8,0.3,0.13,4.07,SZ002697
829,2016-05-06,42.67,42.27,42.95,41.65,282118,171833855.0,3.02,-1.88,-0.81,3.86,SZ002697
830,2016-05-09,41.59,39.0,41.59,38.19,248212,141880843.0,8.04,-7.74,-3.27,3.39,SZ002697
831,2016-05-10,38.19,38.39,39.14,37.91,132161,73508356.0,3.15,-1.56,-0.61,1.81,SZ002697
832,2016-05-11,38.59,37.64,39.14,37.23,215691,117999683.0,4.98,-1.95,-0.75,2.95,SZ002697
833,2016-05-12,36.89,37.98,38.12,36.28,164641,87974932.0,4.89,0.9,0.34,2.25,SZ002697
834,2016-05-13,37.98,37.44,38.32,37.23,100355,54603427.0,2.87,-1.42,-0.54,1.37,SZ002697
835,2016-05-16,37.3,37.78,37.85,36.83,105339,56754408.0,2.72,0.91,0.34,1.44,SZ002697
836,2016-05-17,37.85,37.51,37.98,37.17,98955,53454260.0,2.14,-0.71,-0.27,1.35,SZ002697
837,2016-05-18,37.44,36.15,37.44,36.01,117918,61924599.0,3.81,-3.63,-1.36,1.61,SZ002697
838,2016-05-19,36.49,36.35,37.03,36.28,97443,51421084.0,2.07,0.55,0.2,1.33,SZ002697
839,2016-05-20,36.08,36.69,36.69,35.81,76826,40141558.0,2.42,0.94,0.34,1.05,SZ002697
840,2016-05-23,37.03,37.17,37.37,36.76,100675,53711031.0,1.66,1.31,0.48,1.38,SZ002697
841,2016-05-24,36.96,36.55,37.17,36.21,89315,46946711.0,2.58,-1.67,-0.62,1.22,SZ002697
842,2016-05-25,36.55,38.32,38.53,36.55,283112,153944704.0,5.42,4.84,1.77,3.87,SZ002697
843,2016-05-26,38.46,38.12,39.07,37.1,216457,118570604.0,5.14,-0.52,-0.2,2.96,SZ002697
844,2016-05-27,38.25,38.25,39.07,37.64,192263,106625908.0,3.75,0.34,0.13,2.63,SZ002697
845,2016-05-30,37.71,37.37,37.85,36.83,110692,59643911.0,2.67,-2.3,-0.88,1.51,SZ002697
846,2016-05-31,37.3,38.73,38.73,37.3,203766,112641163.0,3.83,3.64,1.36,2.79,SZ002697
847,2016-06-01,38.87,38.46,39.0,38.25,172295,95802999.0,1.94,-0.7,-0.27,2.36,SZ002697
848,2016-06-02,38.32,38.59,38.73,38.05,155263,85768434.0,1.77,0.34,0.13,2.12,SZ002697
849,2016-06-03,38.53,38.66,39.0,38.25,150597,83619636.0,1.94,0.18,0.07,2.06,SZ002697
850,2016-06-06,38.73,38.39,38.93,38.19,107222,59389703.0,1.91,-0.7,-0.27,1.47,SZ002697
851,2016-06-07,38.46,38.05,38.53,37.78,98370,53914175.0,1.95,-0.89,-0.34,1.34,SZ002697
852,2016-06-08,38.05,38.39,38.66,37.17,166137,90728972.0,3.92,0.89,0.34,2.27,SZ002697
853,2016-06-13,38.05,42.13,42.13,37.64,533642,320215232.0,11.7,9.74,3.74,7.3,SZ002697
854,2016-06-14,41.04,41.11,42.27,40.36,560809,333013472.0,4.53,-2.42,-1.02,7.67,SZ002697
855,2016-06-15,40.57,42.95,43.63,40.09,577506,351724096.0,8.61,4.48,1.84,7.9,SZ002697
856,2016-06-16,42.88,42.81,43.9,41.86,461742,284985536.0,4.75,-0.33,-0.14,6.31,SZ002697
857,2016-06-17,43.97,42.88,47.03,42.47,650767,418413168.0,10.65,0.16,0.07,8.9,SZ002697
858,2016-06-20,41.79,42.13,43.08,41.72,260750,158982059.0,3.17,-1.75,-0.75,3.57,SZ002697
859,2016-06-21,42.47,41.04,43.01,40.77,254185,152999430.0,5.32,-2.59,-1.09,3.48,SZ002697
860,2016-06-22,40.77,41.38,41.38,40.57,151130,89401479.0,1.97,0.83,0.34,2.07,SZ002697
861,2016-06-23,41.38,40.63,41.38,40.36,131546,77331712.0,2.46,-1.81,-0.75,1.8,SZ002697
862,2016-06-24,40.91,41.45,42.95,39.34,336396,201021511.0,8.89,2.02,0.82,4.6,SZ002697
863,2016-06-27,40.77,41.79,41.86,40.36,229623,137378432.0,3.62,0.82,0.34,3.14,SZ002697
864,2016-06-28,41.52,41.79,41.93,41.11,183322,109608078.0,1.96,0.0,0.0,2.51,SZ002697
865,2016-06-29,41.93,42.4,42.95,41.86,284350,174466557.0,2.61,1.46,0.61,3.89,SZ002697
866,2016-06-30,42.4,41.86,42.67,41.72,153686,93033855.0,2.24,-1.27,-0.54,2.1,SZ002697
867,2016-07-01,41.93,42.06,42.13,41.59,131666,79462767.0,1.29,0.48,0.2,1.8,SZ002697
868,2016-07-04,41.79,42.2,42.47,41.52,164347,99944012.0,2.26,0.33,0.14,2.25,SZ002697
869,2016-07-05,42.13,42.2,42.4,41.86,140191,85244558.0,1.28,0.0,0.0,1.92,SZ002697
870,2016-07-06,42.06,42.13,42.27,41.65,142310,86231333.0,1.47,-0.17,-0.07,1.95,SZ002697
871,2016-07-07,42.2,41.79,42.27,41.25,160851,96938874.0,2.42,-0.81,-0.34,2.2,SZ002697
872,2016-07-08,41.72,41.31,41.79,41.11,109276,65201341.0,1.63,-1.15,-0.48,1.49,SZ002697
873,2016-07-11,40.43,40.02,40.5,39.48,332121,191341037.0,2.47,-3.12,-1.29,4.54,SZ002697
874,2016-07-12,39.75,40.7,40.77,39.68,212333,123324247.0,2.72,1.7,0.68,2.9,SZ002697
875,2016-07-13,40.84,41.52,41.65,40.5,192097,114235143.0,2.83,2.01,0.82,2.63,SZ002697
876,2016-07-14,41.25,41.31,41.65,40.91,106702,63462632.0,1.78,-0.51,-0.21,1.46,SZ002697
877,2016-07-15,41.31,41.86,42.06,41.04,158489,95390546.0,2.47,1.33,0.55,2.17,SZ002697
878,2016-07-18,41.31,40.97,41.59,40.84,121086,71780988.0,1.79,-2.13,-0.89,1.66,SZ002697
879,2016-07-19,40.84,41.04,41.18,40.36,101721,59766743.0,2.0,0.17,0.07,1.39,SZ002697
880,2016-07-20,41.04,40.77,41.11,40.57,77448,45645365.0,1.32,-0.66,-0.27,1.06,SZ002697
881,2016-07-21,40.7,40.57,40.97,40.43,86960,51111238.0,1.32,-0.49,-0.2,1.19,SZ002697
882,2016-07-22,40.5,39.82,40.63,39.75,113622,65762109.0,2.17,-1.85,-0.75,1.55,SZ002697
883,2016-07-25,39.75,40.5,40.77,39.75,79320,46153694.0,2.56,1.71,0.68,1.08,SZ002697
884,2016-07-26,40.5,41.31,41.31,40.29,136479,80923112.0,2.52,2.0,0.81,1.87,SZ002697
885,2016-07-27,41.04,38.93,41.38,37.71,244244,138564664.0,8.88,-5.76,-2.38,3.34,SZ002697
886,2016-07-28,38.93,38.8,39.14,38.32,88798,49564948.0,2.11,-0.33,-0.13,1.21,SZ002697
887,2016-07-29,38.87,39.14,39.61,38.59,80855,45780998.0,2.63,0.88,0.34,1.11,SZ002697
888,2016-08-01,39.07,38.53,39.14,37.51,74585,41112372.0,4.16,-1.56,-0.61,1.02,SZ002697
889,2016-08-02,38.32,38.59,38.66,38.05,47585,26401958.0,1.58,0.16,0.06,0.65,SZ002697
890,2016-08-03,38.53,38.8,39.14,38.32,50066,27974541.0,2.12,0.54,0.21,0.68,SZ002697
891,2016-08-04,38.73,38.8,38.93,38.46,40544,22606891.0,1.21,0.0,0.0,0.55,SZ002697
892,2016-08-05,38.73,39.34,39.41,38.53,79754,44853690.0,2.27,1.39,0.54,1.09,SZ002697
893,2016-08-08,39.34,40.5,40.63,38.87,143870,82938360.0,4.47,2.95,1.16,1.97,SZ002697
894,2016-08-09,40.43,40.57,40.77,39.95,105931,61715733.0,2.02,0.17,0.07,1.45,SZ002697
895,2016-08-10,40.57,39.95,40.63,39.89,72480,41961662.0,1.82,-1.53,-0.62,0.99,SZ002697
896,2016-08-11,39.75,39.27,39.89,39.07,67489,38323412.0,2.05,-1.7,-0.68,0.92,SZ002697
897,2016-08-12,39.14,39.75,40.02,39.0,61274,34791792.0,2.6,1.22,0.48,0.84,SZ002697
898,2016-08-15,39.75,40.23,40.57,39.48,104497,60545040.0,2.74,1.21,0.48,1.43,SZ002697
899,2016-08-16,40.29,40.7,40.97,40.23,127192,74368180.0,1.84,1.17,0.47,1.74,SZ002697
900,2016-08-17,40.43,40.5,40.7,40.16,78056,45523798.0,1.33,-0.49,-0.2,1.07,SZ002697
901,2016-08-18,40.57,41.45,41.99,40.43,240199,142935006.0,3.85,2.35,0.95,3.28,SZ002697
902,2016-08-19,41.52,40.91,41.59,40.43,120290,70986293.0,2.8,-1.3,-0.54,1.64,SZ002697
903,2016-08-22,40.91,40.29,41.04,40.23,78160,45650931.0,1.98,-1.52,-0.62,1.07,SZ002697
904,2016-08-23,40.29,40.57,40.84,40.23,60515,35425719.0,1.51,0.69,0.28,0.83,SZ002697
905,2016-08-24,40.57,40.09,40.77,39.89,86293,50204149.0,2.17,-1.18,-0.48,1.18,SZ002697
906,2016-08-25,40.09,39.48,40.16,39.0,120068,68179193.0,2.89,-1.52,-0.61,1.64,SZ002697
907,2016-08-26,39.34,39.95,40.5,39.34,105922,61233894.0,2.94,1.19,0.47,1.45,SZ002697
908,2016-08-29,39.75,40.63,40.97,39.68,125696,73393327.0,3.23,1.7,0.68,1.72,SZ002697
909,2016-08-30,40.91,40.29,41.11,40.23,83355,48757519.0,2.17,-0.84,-0.34,1.14,SZ002697
910,2016-08-31,40.36,40.5,40.57,39.89,60523,35132778.0,1.69,0.52,0.21,0.83,SZ002697
911,2016-09-01,40.29,39.95,40.63,39.95,63867,37137487.0,1.68,-1.36,-0.55,0.87,SZ002697
912,2016-09-02,39.95,40.02,40.16,39.75,47452,27328904.0,1.03,0.18,0.07,0.65,SZ002697
913,2016-09-05,40.09,40.09,40.43,39.95,51005,29562271.0,1.2,0.17,0.07,0.7,SZ002697
914,2016-09-06,40.09,40.63,40.7,39.89,87587,50977918.0,2.02,1.35,0.54,1.2,SZ002697
915,2016-09-07,40.77,40.43,40.91,40.16,116649,68481244.0,1.85,-0.49,-0.2,1.59,SZ002697
916,2016-09-08,40.36,40.77,40.77,39.95,93386,54619078.0,2.03,0.84,0.34,1.28,SZ002697
917,2016-09-09,41.45,40.63,42.13,40.63,200735,119748893.0,3.68,-0.34,-0.14,2.74,SZ002697
918,2016-09-12,40.02,39.21,40.02,39.14,152916,87096734.0,2.17,-3.49,-1.42,2.09,SZ002697
919,2016-09-13,39.27,41.04,41.38,39.27,188244,109885323.0,5.38,4.67,1.83,2.57,SZ002697
920,2016-09-14,40.63,40.91,41.31,40.16,183027,107986299.0,2.8,-0.32,-0.13,2.5,SZ002697
921,2016-09-19,40.91,41.11,41.45,40.77,130637,77576741.0,1.66,0.49,0.2,1.79,SZ002697
922,2016-09-20,41.18,41.52,41.52,40.5,134680,79749467.0,2.48,1.0,0.41,1.84,SZ002697
923,2016-09-21,41.38,41.04,41.86,40.91,123426,73615979.0,2.29,-1.16,-0.48,1.69,SZ002697
924,2016-09-22,41.25,41.25,41.59,41.04,102976,61337112.0,1.34,0.51,0.21,1.41,SZ002697
925,2016-09-23,41.25,40.63,41.25,40.5,86893,51113946.0,1.82,-1.5,-0.62,1.19,SZ002697
926,2016-09-26,40.09,39.75,40.43,39.55,101234,58274422.0,2.17,-2.17,-0.88,1.38,SZ002697
927,2016-09-27,39.61,40.02,40.09,39.55,46857,26872440.0,1.36,0.68,0.27,0.64,SZ002697
928,2016-09-28,39.95,40.02,40.16,39.75,43262,24956127.0,1.02,0.0,0.0,0.59,SZ002697
929,2016-09-29,39.95,40.09,40.29,39.95,38572,22330225.0,0.85,0.17,0.07,0.53,SZ002697
930,2016-09-30,40.02,40.23,40.29,39.95,38234,22125748.0,0.85,0.35,0.14,0.52,SZ002697
931,2016-10-10,40.36,40.91,40.91,40.23,82963,48561459.0,1.69,1.69,0.68,1.13,SZ002697
932,2016-10-11,40.63,40.91,40.97,40.63,76472,45015876.0,0.83,0.0,0.0,1.05,SZ002697
933,2016-10-12,40.57,41.31,41.31,40.57,107976,63877483.0,1.81,0.98,0.4,1.48,SZ002697
934,2016-10-13,41.18,40.91,41.59,40.7,111588,66083214.0,2.15,-0.97,-0.4,1.53,SZ002697
935,2016-10-14,40.97,40.77,40.97,40.5,68802,40372715.0,1.15,-0.34,-0.14,0.94,SZ002697
936,2016-10-17,40.84,41.11,41.45,40.7,153283,90907588.0,1.84,0.83,0.34,2.1,SZ002697
937,2016-10-18,40.77,41.38,41.38,40.7,111789,66357702.0,1.65,0.66,0.27,1.53,SZ002697
938,2016-10-19,41.18,40.97,41.52,40.91,101487,60181894.0,1.47,-0.99,-0.41,1.39,SZ002697
939,2016-10-20,40.97,40.77,41.11,40.7,72711,42828692.0,1.0,-0.49,-0.2,0.99,SZ002697
940,2016-10-21,40.77,40.7,41.04,40.43,90685,53265187.0,1.5,-0.17,-0.07,1.24,SZ002697
941,2016-10-24,40.84,41.11,41.11,40.7,86355,51031527.0,1.01,1.01,0.41,1.18,SZ002697
942,2016-10-25,41.11,41.11,41.31,40.84,87194,51610078.0,1.14,0.0,0.0,1.19,SZ002697
943,2016-10-26,41.04,41.18,41.52,40.91,114357,67997152.0,1.48,0.17,0.07,1.56,SZ002697
944,2016-10-27,41.25,41.72,41.72,41.04,185222,110562144.0,1.65,1.31,0.54,2.53,SZ002697
945,2016-10-28,42.06,41.11,43.08,41.04,368978,224800548.0,4.89,-1.46,-0.61,5.04,SZ002697
946,2016-10-31,40.7,40.7,40.97,40.43,140694,82472481.0,1.31,-1.0,-0.41,1.92,SZ002697
947,2016-11-01,40.7,44.71,44.71,40.57,506163,317398352.0,10.17,9.85,4.01,6.92,SZ002697
948,2016-11-02,44.71,45.19,47.3,44.31,1218673,808469248.0,6.69,1.07,0.48,16.66,SZ002697
949,2016-11-03,44.17,45.53,46.82,43.42,737364,480189632.0,7.52,0.75,0.34,10.08,SZ002697
950,2016-11-04,44.85,45.19,45.33,44.24,416940,269555072.0,2.39,-0.75,-0.34,5.7,SZ002697
951,2016-11-07,45.39,44.65,46.55,44.44,405358,265562748.0,4.67,-1.19,-0.54,5.54,SZ002697
952,2016-11-08,44.51,46.21,46.35,43.83,542316,354925776.0,5.64,3.49,1.56,7.41,SZ002697
953,2016-11-09,45.53,45.53,46.75,44.24,483309,318141648.0,5.43,-1.47,-0.68,6.61,SZ002697
954,2016-11-10,46.69,45.73,47.43,45.53,466586,312177872.0,4.17,0.44,0.2,6.38,SZ002697
955,2016-11-11,45.67,45.12,45.67,44.85,331496,215961285.0,1.79,-1.33,-0.61,4.53,SZ002697
956,2016-11-14,44.92,45.26,46.07,44.44,294212,192657362.0,3.61,0.31,0.14,4.02,SZ002697
957,2016-11-15,45.26,44.78,45.26,44.37,215338,138909807.0,1.97,-1.06,-0.48,2.94,SZ002697
958,2016-11-16,44.78,45.19,45.87,44.44,266614,173626571.0,3.19,0.92,0.41,3.65,SZ002697
959,2016-11-17,44.92,45.12,45.53,44.51,193870,126224260.0,2.26,-0.15,-0.07,2.65,SZ002697
960,2016-11-18,44.92,44.78,45.33,44.58,193767,125668849.0,1.66,-0.75,-0.34,2.65,SZ002697
961,2016-11-21,44.92,44.44,45.12,44.37,166522,107527135.0,1.67,-0.76,-0.34,2.28,SZ002697
962,2016-11-22,44.44,45.12,45.46,44.44,219411,142979817.0,2.3,1.53,0.68,3.0,SZ002697
963,2016-11-23,45.19,44.78,45.33,44.58,167098,108332182.0,1.66,-0.75,-0.34,2.28,SZ002697
964,2016-11-24,44.78,44.03,44.85,44.03,174791,112058113.0,1.83,-1.67,-0.75,2.39,SZ002697
965,2016-11-25,43.83,43.9,44.03,42.61,203357,127042847.0,3.23,-0.3,-0.13,2.78,SZ002697
966,2016-11-28,43.9,45.26,45.46,43.56,250501,160545341.0,4.33,3.1,1.36,3.42,SZ002697
967,2016-11-29,44.99,45.39,46.62,44.71,499783,332155600.0,4.22,0.29,0.13,6.83,SZ002697
968,2016-11-30,44.85,46.41,46.69,44.78,441510,294108960.0,4.21,2.25,1.02,6.04,SZ002697
969,2016-12-01,45.67,46.35,47.37,45.33,400624,267287640.0,4.4,-0.13,-0.06,5.48,SZ002697
970,2016-12-02,46.01,50.9,50.9,45.39,603282,419045776.0,11.89,9.82,4.55,8.25,SZ002697
971,2016-12-05,49.88,51.11,52.33,49.07,927866,684985728.0,6.4,0.41,0.21,12.69,SZ002697
972,2016-12-06,50.9,49.61,51.38,49.13,461089,335919664.0,4.4,-2.93,-1.5,6.3,SZ002697
973,2016-12-07,49.81,52.6,54.51,49.81,837910,635435024.0,9.47,6.03,2.99,11.46,SZ002697
974,2016-12-08,52.13,52.74,53.69,51.31,599209,454042400.0,4.52,0.27,0.14,8.19,SZ002697
975,2016-12-09,51.11,50.63,52.19,50.09,447628,330589888.0,3.98,-4.0,-2.11,6.12,SZ002697
976,2016-12-12,50.77,48.18,52.06,47.71,425547,307148144.0,8.59,-4.84,-2.45,5.82,SZ002697
977,2016-12-13,47.71,47.91,48.39,45.26,343578,233890412.0,6.5,-0.56,-0.27,4.7,SZ002697
978,2016-12-14,47.71,48.66,50.49,47.09,352181,248874990.0,7.1,1.57,0.75,4.82,SZ002697
979,2016-12-15,48.39,51.11,53.42,48.05,735879,551091184.0,11.04,5.03,2.45,10.06,SZ002697
980,2016-12-16,51.65,55.19,55.93,50.29,842394,644560640.0,11.04,7.98,4.08,11.52,SZ002697
981,2016-12-19,58.18,60.63,60.63,57.57,377019,327981312.0,5.54,9.86,5.44,5.15,SZ002697
982,2016-12-20,65.39,61.99,66.61,61.44,1695111,1588131472.0,8.53,2.24,1.36,23.18,SZ002697
983,2016-12-21,60.15,57.29,61.65,55.87,1256975,1063389856.0,9.32,-7.58,-4.7,17.19,SZ002697
984,2016-12-22,58.04,58.04,59.61,56.21,944041,791509888.0,5.93,1.31,0.75,12.91,SZ002697
985,2016-12-23,56.75,56.21,57.5,55.39,571521,467003520.0,3.64,-3.15,-1.83,7.81,SZ002697
986,2016-12-26,56.27,57.7,57.84,55.32,508789,419559008.0,4.48,2.65,1.49,6.96,SZ002697
987,2016-12-27,57.02,57.84,59.74,56.21,705109,594725984.0,6.12,0.24,0.14,9.64,SZ002697
988,2016-12-28,58.11,59.67,63.28,57.23,1067947,932956992.0,10.46,3.16,1.83,14.6,SZ002697
989,2016-12-29,58.72,56.55,58.72,55.87,688244,568821968.0,4.78,-5.23,-3.12,9.41,SZ002697
990,2016-12-30,56.14,55.73,57.16,55.39,372054,303182480.0,3.13,-1.45,-0.82,5.09,SZ002697
991,2017-01-03,55.73,56.0,56.34,54.64,327229,263921378.0,3.05,0.48,0.27,4.47,SZ002697
992,2017-01-04,56.0,56.14,56.21,53.89,529903,422848448.0,4.14,0.25,0.14,7.24,SZ002697
993,2017-01-05,60.97,61.65,61.65,58.93,1477686,1313327264.0,4.85,9.81,5.51,20.2,SZ002697
994,2017-01-06,60.56,57.97,60.56,57.63,1151669,984605648.0,4.75,-5.97,-3.68,15.75,SZ002697
995,2017-01-09,56.34,57.5,57.77,56.21,528052,435166112.0,2.69,-0.81,-0.47,7.22,SZ002697
996,2017-01-10,57.09,63.14,63.14,57.09,1164564,1035522336.0,10.52,9.81,5.64,15.92,SZ002697
997,2017-01-11,63.69,60.76,63.69,59.4,1219466,1082540784.0,6.79,-3.77,-2.38,16.67,SZ002697
998,2017-01-12,59.95,61.58,61.85,58.99,887332,781533824.0,4.71,1.35,0.82,12.13,SZ002697
999,2017-01-13,60.76,57.43,61.03,56.95,607593,521284736.0,6.63,-6.74,-4.15,8.31,SZ002697
1000,2017-01-16,56.07,52.67,56.95,51.79,594186,467867904.0,8.98,-8.29,-4.76,8.12,SZ002697
1001,2017-01-17,51.79,54.64,55.05,51.45,431896,334323472.0,6.84,3.74,1.97,5.9,SZ002697
1002,2017-01-18,54.51,53.35,54.91,53.15,291235,227695302.0,3.22,-2.36,-1.29,3.98,SZ002697
1003,2017-01-19,52.33,53.55,54.98,51.99,306116,238230342.0,5.6,0.37,0.2,4.19,SZ002697
1004,2017-01-20,53.15,53.76,54.23,52.81,283764,220782346.0,2.65,0.39,0.21,3.88,SZ002697
1005,2017-01-23,53.62,53.35,54.17,53.15,280140,217670238.0,1.9,-0.76,-0.41,3.83,SZ002697
1006,2017-01-24,53.08,52.06,53.69,52.06,238206,181416729.0,3.06,-2.42,-1.29,3.26,SZ002697
1007,2017-01-25,52.13,52.4,53.69,51.58,207405,157959651.0,4.05,0.65,0.34,2.84,SZ002697
1008,2017-01-26,52.19,52.26,52.74,51.85,135199,102344240.0,1.7,-0.27,-0.14,1.85,SZ002697
1009,2017-02-03,52.4,53.76,54.23,52.26,269538,208660229.0,3.77,2.87,1.5,3.69,SZ002697
1010,2017-02-06,53.28,54.17,54.17,53.21,208809,162635296.0,1.79,0.76,0.41,2.85,SZ002697
1011,2017-02-07,54.1,56.89,58.59,53.83,576148,467926096.0,8.79,5.02,2.72,7.88,SZ002697
1012,2017-02-08,56.34,56.55,56.61,54.85,345307,279233120.0,3.09,-0.6,-0.34,4.72,SZ002697
1013,2017-02-09,56.27,56.41,56.95,55.87,246410,201202395.0,1.91,-0.25,-0.14,3.37,SZ002697
1014,2017-02-10,56.0,54.71,56.55,54.64,338215,271642144.0,3.39,-3.01,-1.7,4.62,SZ002697
1015,2017-02-13,54.57,55.8,56.75,54.57,270329,218846215.0,3.98,1.99,1.09,3.7,SZ002697
1016,2017-02-14,55.93,56.21,57.09,55.73,263386,215211717.0,2.44,0.73,0.41,3.6,SZ002697
1017,2017-02-15,56.21,56.55,58.11,55.19,470928,386597296.0,5.19,0.6,0.34,6.44,SZ002697
1018,2017-02-16,56.07,58.38,59.2,55.53,600702,501911264.0,6.49,3.24,1.83,8.21,SZ002697
1019,2017-02-17,57.91,57.36,58.38,56.41,460067,382890960.0,3.37,-1.75,-1.02,6.29,SZ002697
1020,2017-02-20,57.23,57.84,58.79,56.68,383356,320765968.0,3.68,0.84,0.48,5.24,SZ002697
1021,2017-02-21,58.38,60.29,60.63,58.04,762430,658284048.0,4.48,4.24,2.45,10.42,SZ002697
1022,2017-02-22,59.61,59.47,59.88,58.86,392391,337831472.0,1.69,-1.36,-0.82,5.36,SZ002697
1023,2017-02-23,59.27,57.97,59.67,57.5,340993,288433712.0,3.65,-2.52,-1.5,4.66,SZ002697
1024,2017-02-24,57.5,57.97,58.59,57.5,162586,136743379.0,1.88,0.0,0.0,2.22,SZ002697
1025,2017-02-27,58.25,57.77,59.54,57.77,241585,205488696.0,3.05,-0.35,-0.2,3.3,SZ002697
1026,2017-02-28,57.36,57.5,57.7,56.61,208605,172448581.0,1.89,-0.47,-0.27,2.85,SZ002697
1027,2017-03-01,57.63,57.57,58.11,57.02,172255,143931303.0,1.9,0.12,0.07,2.36,SZ002697
1028,2017-03-02,57.29,55.93,57.7,55.66,285698,233678688.0,3.54,-2.85,-1.64,3.91,SZ002697
1029,2017-03-03,55.93,56.0,56.41,55.66,128563,104489157.0,1.34,0.13,0.07,1.76,SZ002697
1030,2017-03-06,55.93,55.8,56.27,55.19,185190,149838119.0,1.93,-0.36,-0.2,2.53,SZ002697
1031,2017-03-07,55.8,55.59,55.93,55.25,166376,133948509.0,1.22,-0.38,-0.21,2.27,SZ002697
1032,2017-03-08,55.66,54.57,55.73,54.37,198795,158167049.0,2.45,-1.83,-1.02,2.72,SZ002697
1033,2017-03-09,54.57,54.78,55.39,54.51,137013,108883145.0,1.61,0.38,0.21,1.87,SZ002697
1034,2017-03-10,54.37,54.57,55.19,54.17,104753,83053867.0,1.86,-0.38,-0.21,1.43,SZ002697
1035,2017-03-13,54.37,54.64,54.78,53.89,133401,105067374.0,1.63,0.13,0.07,1.82,SZ002697
1036,2017-03-14,54.57,54.03,54.71,53.96,113407,89133423.0,1.37,-1.12,-0.61,1.55,SZ002697
1037,2017-03-15,53.96,53.08,54.03,53.01,159206,122867725.0,1.89,-1.76,-0.95,2.18,SZ002697
1038,2017-03-16,53.35,54.64,54.85,53.21,184013,144689807.0,3.09,2.94,1.56,2.52,SZ002697
1039,2017-03-17,54.57,53.62,54.85,53.55,156173,122537440.0,2.38,-1.87,-1.02,2.14,SZ002697
1040,2017-03-20,53.69,53.69,54.17,53.15,94412,73388933.0,1.9,0.13,0.07,1.29,SZ002697
1041,2017-03-21,53.49,53.76,54.03,53.42,85147,66328444.0,1.14,0.13,0.07,1.16,SZ002697
1042,2017-03-22,53.49,53.21,53.69,52.81,126947,97762335.0,1.64,-1.02,-0.55,1.74,SZ002697
1043,2017-03-23,52.87,52.53,53.55,52.13,143557,109579115.0,2.67,-1.28,-0.68,1.96,SZ002697
1044,2017-03-24,52.67,52.87,52.87,52.13,98455,74897337.0,1.41,0.65,0.34,1.35,SZ002697
1045,2017-03-27,53.01,53.35,53.62,52.87,101701,78602629.0,1.42,0.91,0.48,1.39,SZ002697
1046,2017-03-28,53.35,53.69,53.76,53.15,89319,69265640.0,1.14,0.64,0.34,1.22,SZ002697
1047,2017-03-29,53.69,53.01,53.76,52.81,94776,72904010.0,1.77,-1.27,-0.68,1.3,SZ002697
1048,2017-03-30,52.87,51.45,53.01,51.45,124189,93503477.0,2.94,-2.94,-1.56,1.7,SZ002697
1049,2017-03-31,51.45,50.77,52.06,50.43,98724,73267335.0,3.17,-1.32,-0.68,1.35,SZ002697
1050,2017-04-05,50.77,51.65,51.72,50.36,107880,79760976.0,2.68,1.73,0.88,1.47,SZ002697
1051,2017-04-06,51.79,51.04,51.79,50.83,89447,66168881.0,1.86,-1.18,-0.61,1.22,SZ002697
1052,2017-04-07,50.97,51.11,51.65,50.43,94234,69700637.0,2.39,0.14,0.07,1.29,SZ002697
1053,2017-04-10,51.04,50.02,51.04,49.75,132683,96412438.0,2.52,-2.13,-1.09,1.81,SZ002697
1054,2017-04-11,48.45,50.02,50.83,48.45,136262,98412515.0,4.76,0.0,0.0,1.86,SZ002697
1055,2017-04-12,49.75,48.52,49.75,48.39,180999,128101079.0,2.72,-3.0,-1.5,2.47,SZ002697
1056,2017-04-13,48.59,47.37,48.73,47.3,190355,131083902.0,2.95,-2.37,-1.15,2.6,SZ002697
1057,2017-04-14,47.5,46.35,47.64,46.21,143069,96526333.0,3.02,-2.15,-1.02,1.96,SZ002697
1058,2017-04-17,46.35,46.48,46.75,46.07,104852,70323373.0,1.47,0.28,0.13,1.43,SZ002697
1059,2017-04-18,46.35,46.35,46.69,46.21,97087,65181571.0,1.03,-0.28,-0.13,1.33,SZ002697
1060,2017-04-19,46.82,45.19,46.82,44.31,148383,96666886.0,5.42,-2.5,-1.16,2.03,SZ002697
1061,2017-04-20,44.99,44.78,45.46,44.37,81688,52890526.0,2.41,-0.91,-0.41,1.12,SZ002697
1062,2017-04-21,44.71,44.58,45.05,44.44,53763,34694597.0,1.36,-0.45,-0.2,0.74,SZ002697
1063,2017-04-24,44.71,42.61,44.78,41.72,104646,65098527.0,6.86,-4.42,-1.97,1.43,SZ002697
1064,2017-04-25,42.8,42.67,43.14,42.4,87468,53795573.0,1.74,0.14,0.06,1.2,SZ002697
1065,2017-04-26,42.6,42.53,42.67,42.12,73419,44859036.0,1.29,-0.33,-0.14,1.0,SZ002697
1066,2017-04-27,42.67,42.46,42.67,41.04,116320,70165739.0,3.83,-0.16,-0.07,1.59,SZ002697
1067,2017-04-28,42.6,43.35,43.62,42.06,137554,85142658.0,3.67,2.1,0.89,1.88,SZ002697
1068,2017-05-02,43.08,43.82,44.03,42.74,116517,73045302.0,2.98,1.08,0.47,1.59,SZ002697
1069,2017-05-03,43.69,43.89,44.3,43.42,98509,62138663.0,2.01,0.16,0.07,1.35,SZ002697
1070,2017-05-04,43.76,42.87,43.76,42.74,86436,53905172.0,2.32,-2.32,-1.02,1.18,SZ002697
1071,2017-05-05,42.8,42.12,42.8,42.12,95031,57876197.0,1.59,-1.75,-0.75,1.3,SZ002697
1072,2017-05-08,41.78,41.04,42.26,41.04,97705,58380635.0,2.9,-2.56,-1.08,1.34,SZ002697
1073,2017-05-09,41.1,41.85,43.42,40.42,175773,105906836.0,7.31,1.97,0.81,2.4,SZ002697
1074,2017-05-10,41.99,40.7,41.99,40.63,94466,56180278.0,3.25,-2.75,-1.15,1.29,SZ002697
1075,2017-05-11,39.47,39.74,40.36,37.98,132026,74642594.0,5.85,-2.36,-0.96,1.81,SZ002697
1076,2017-05-12,39.74,39.88,40.08,39.27,62158,35507511.0,2.04,0.35,0.14,0.85,SZ002697
1077,2017-05-15,40.02,39.81,40.22,39.74,46359,26621412.0,1.2,-0.18,-0.07,0.63,SZ002697
1078,2017-05-16,39.88,40.49,40.56,38.72,82569,46943490.0,4.62,1.71,0.68,1.13,SZ002697
1079,2017-05-17,40.49,40.56,41.17,40.15,84371,49390235.0,2.52,0.17,0.07,1.15,SZ002697
1080,2017-05-18,40.22,40.15,40.56,39.95,49505,28640595.0,1.5,-1.01,-0.41,0.68,SZ002697
1081,2017-05-19,40.29,40.22,40.49,39.95,39975,23118824.0,1.34,0.17,0.07,0.55,SZ002697
1082,2017-05-22,40.15,39.61,40.42,39.54,52686,30293808.0,2.19,-1.52,-0.61,0.72,SZ002697
1083,2017-05-23,39.0,38.11,39.4,38.04,86041,47848733.0,3.43,-3.79,-1.5,1.18,SZ002697
1084,2017-05-24,37.7,37.98,38.18,36.96,67665,36575916.0,3.2,-0.34,-0.13,0.93,SZ002697
1085,2017-05-25,37.98,38.25,38.32,37.09,72943,39573899.0,3.24,0.71,0.27,1.0,SZ002697
1086,2017-05-26,38.11,38.59,39.27,37.91,69003,38142308.0,3.56,0.89,0.34,0.94,SZ002697
1087,2017-05-31,39.68,42.33,42.33,39.68,205119,123135753.0,6.87,9.69,3.74,2.8,SZ002697
1088,2017-06-01,42.33,41.99,44.03,41.85,477855,295942384.0,5.15,-0.8,-0.34,6.53,SZ002697
1089,2017-06-02,39.95,41.17,41.85,39.4,226251,132006911.0,5.83,-1.95,-0.82,3.09,SZ002697
1090,2017-06-05,40.83,44.1,44.44,40.42,366766,227990379.0,9.76,7.12,2.93,5.01,SZ002697
1091,2017-06-06,43.62,43.82,44.5,42.94,243658,153625259.0,3.54,-0.63,-0.28,3.33,SZ002697
1092,2017-06-07,43.62,43.89,44.23,43.08,225723,142054485.0,2.62,0.16,0.07,3.09,SZ002697
1093,2017-06-08,44.16,43.82,44.3,43.35,138420,87159007.0,2.16,-0.16,-0.07,1.89,SZ002697
1094,2017-06-09,44.23,43.82,45.8,43.76,209170,134157212.0,4.66,0.0,0.0,2.86,SZ002697
1095,2017-06-12,43.01,42.4,43.21,42.12,148641,91076417.0,2.49,-3.24,-1.42,2.03,SZ002697
1096,2017-06-13,42.53,42.53,42.74,42.12,93814,57275604.0,1.46,0.31,0.13,1.28,SZ002697
1097,2017-06-14,42.53,43.69,44.78,42.12,255863,161452571.0,6.25,2.73,1.16,3.5,SZ002697
1098,2017-06-15,43.69,43.69,43.96,42.8,132042,82491532.0,2.66,0.0,0.0,1.81,SZ002697
1099,2017-06-16,43.82,43.42,44.3,43.21,92438,58130024.0,2.49,-0.62,-0.27,1.26,SZ002697
1100,2017-06-19,43.76,43.35,43.76,43.01,68173,42473729.0,1.73,-0.16,-0.07,0.93,SZ002697
1101,2017-06-20,43.35,42.87,43.55,42.74,87696,54363929.0,1.87,-1.11,-0.48,1.2,SZ002697
1102,2017-06-21,43.01,42.8,43.21,42.4,72102,44308664.0,1.89,-0.16,-0.07,0.99,SZ002697
1103,2017-06-22,42.8,42.46,43.28,42.4,92562,57092905.0,2.06,-0.79,-0.34,1.27,SZ002697
1104,2017-06-23,42.4,42.67,42.74,41.72,89819,54520544.0,2.4,0.49,0.21,1.23,SZ002697
1105,2017-06-26,42.46,42.74,42.94,42.33,81622,50140671.0,1.43,0.16,0.07,1.12,SZ002697
1106,2017-06-27,42.67,43.14,43.35,42.6,86402,53484709.0,1.75,0.94,0.4,1.18,SZ002697
1107,2017-06-28,42.33,42.26,42.67,41.24,119440,72366923.0,3.31,-2.04,-0.88,1.63,SZ002697
1108,2017-06-29,42.12,42.12,42.46,42.06,57234,34768805.0,0.95,-0.33,-0.14,0.78,SZ002697
1109,2017-06-30,42.12,42.19,42.4,41.85,53246,32233267.0,1.31,0.17,0.07,0.62,SZ002697
1110,2017-07-03,42.19,42.26,42.4,41.92,46369,28109137.0,1.14,0.17,0.07,0.54,SZ002697
1111,2017-07-04,42.26,41.78,42.33,41.78,49453,29858189.0,1.3,-1.14,-0.48,0.57,SZ002697
1112,2017-07-05,41.72,41.85,42.06,41.51,64739,38807009.0,1.32,0.17,0.07,0.75,SZ002697
1113,2017-07-06,41.78,41.44,41.78,41.24,78833,46966346.0,1.29,-0.98,-0.41,0.91,SZ002697
1114,2017-07-07,41.44,40.7,41.44,40.49,107455,63126755.0,2.29,-1.79,-0.74,1.24,SZ002697
1115,2017-07-10,40.42,41.85,42.26,40.36,140597,83973380.0,4.67,2.83,1.15,1.63,SZ002697
1116,2017-07-11,41.72,42.94,45.12,41.44,242072,151161541.0,8.79,2.6,1.09,2.8,SZ002697
1117,2017-07-12,42.87,42.4,42.87,41.72,130088,79013754.0,2.68,-1.26,-0.54,1.51,SZ002697
1118,2017-07-13,42.19,43.14,43.42,42.06,149952,92927862.0,3.21,1.75,0.74,1.74,SZ002697
1119,2017-07-14,43.28,42.87,43.55,42.53,71858,44269456.0,2.36,-0.63,-0.27,0.83,SZ002697
1120,2017-07-17,43.01,40.63,43.01,40.08,136566,81023103.0,6.83,-5.23,-2.24,1.58,SZ002697
1121,2017-07-18,40.63,41.04,41.44,40.22,64313,37792500.0,3.0,1.01,0.41,0.74,SZ002697
1122,2017-07-19,40.7,41.24,41.38,40.56,71874,42439041.0,2.0,0.49,0.2,0.83,SZ002697
1123,2017-07-20,40.97,41.17,41.58,40.7,57215,33888908.0,2.13,-0.17,-0.07,0.66,SZ002697
1124,2017-07-21,41.17,41.17,41.58,40.83,57098,33772966.0,1.82,0.0,0.0,0.66,SZ002697
1125,2017-07-24,41.1,40.97,41.17,40.56,54471,32028579.0,1.48,-0.49,-0.2,0.63,SZ002697
1126,2017-07-25,40.76,41.17,41.24,40.7,41916,24685759.0,1.32,0.49,0.2,0.49,SZ002697
1127,2017-07-26,41.24,42.67,43.62,40.7,119807,72457102.0,7.09,3.64,1.5,1.39,SZ002697
1128,2017-07-27,42.19,42.46,42.87,42.06,114328,69835329.0,1.9,-0.49,-0.21,1.32,SZ002697
1129,2017-07-28,42.8,42.74,43.69,42.67,126663,78426829.0,2.4,0.66,0.28,1.47,SZ002697
1130,2017-07-31,42.53,42.87,43.42,42.26,111204,68689496.0,2.71,0.3,0.13,1.29,SZ002697
1131,2017-08-01,42.74,42.33,42.94,42.26,86784,53004184.0,1.59,-1.26,-0.54,1.0,SZ002697
1132,2017-08-02,42.33,42.06,42.53,41.99,64491,39170344.0,1.28,-0.64,-0.27,0.75,SZ002697
1133,2017-08-03,41.92,41.99,42.26,41.72,53616,32370213.0,1.28,-0.17,-0.07,0.62,SZ002697
1134,2017-08-04,42.06,41.58,42.33,41.31,80267,48241137.0,2.43,-0.98,-0.41,0.93,SZ002697
1135,2017-08-07,41.58,41.78,42.19,41.38,42486,25541992.0,1.95,0.48,0.2,0.49,SZ002697
1136,2017-08-08,41.78,41.85,42.06,41.58,47225,28420034.0,1.15,0.17,0.07,0.55,SZ002697
1137,2017-08-09,41.85,41.78,41.99,41.65,44387,26660770.0,0.81,-0.17,-0.07,0.51,SZ002697
1138,2017-08-10,41.65,41.24,41.72,41.04,59659,35470841.0,1.63,-1.29,-0.54,0.69,SZ002697
1139,2017-08-11,41.04,40.7,41.17,40.56,54560,31993476.0,1.48,-1.31,-0.54,0.63,SZ002697
1140,2017-08-14,40.83,40.97,41.17,40.7,40600,23917141.0,1.15,0.66,0.27,0.47,SZ002697
1141,2017-08-15,40.97,41.99,42.87,40.97,113787,68958331.0,4.64,2.49,1.02,1.32,SZ002697
1142,2017-08-16,41.58,41.51,41.65,41.04,86152,51202829.0,1.45,-1.14,-0.48,1.0,SZ002697
1143,2017-08-17,41.58,41.58,41.65,41.17,64435,38392789.0,1.16,0.17,0.07,0.75,SZ002697
1144,2017-08-18,41.44,41.31,41.44,41.17,57255,33960966.0,0.65,-0.65,-0.27,0.66,SZ002697
1145,2017-08-21,41.24,41.44,41.44,41.1,41416,24580348.0,0.82,0.31,0.13,0.48,SZ002697
1146,2017-08-22,41.44,41.24,41.58,41.1,48895,28981245.0,1.16,-0.48,-0.2,0.57,SZ002697
1147,2017-08-23,41.1,41.1,41.24,40.97,43795,25881240.0,0.65,-0.34,-0.14,0.51,SZ002697
1148,2017-08-24,41.04,40.9,41.17,40.76,34379,20232073.0,1.0,-0.49,-0.2,0.4,SZ002697
1149,2017-08-25,40.7,41.17,41.38,40.7,53277,31442328.0,1.66,0.66,0.27,0.62,SZ002697
1150,2017-08-28,41.31,41.31,41.31,41.04,86706,51331418.0,0.66,0.34,0.14,1.0,SZ002697
1151,2017-08-29,41.31,41.1,41.31,40.97,59789,35372770.0,0.82,-0.51,-0.21,0.69,SZ002697
1152,2017-08-30,41.04,40.97,41.04,40.83,62868,37003574.0,0.51,-0.32,-0.13,0.73,SZ002697
1153,2017-08-31,40.9,41.1,41.1,40.9,45949,27071597.0,0.49,0.32,0.13,0.53,SZ002697
1154,2017-09-01,41.1,41.24,41.38,40.9,64856,38293717.0,1.17,0.34,0.14,0.75,SZ002697
1155,2017-09-04,41.1,41.17,41.31,40.9,56340,33265548.0,0.99,-0.17,-0.07,0.65,SZ002697
1156,2017-09-05,41.17,41.1,41.24,41.04,44642,26395270.0,0.49,-0.17,-0.07,0.52,SZ002697
1157,2017-09-06,41.1,41.24,41.51,40.9,82741,49007947.0,1.48,0.34,0.14,0.96,SZ002697
1158,2017-09-07,41.24,41.04,41.24,41.04,51867,30647058.0,0.48,-0.48,-0.2,0.6,SZ002697
1159,2017-09-08,40.9,41.1,41.17,40.9,42757,25223828.0,0.66,0.15,0.06,0.49,SZ002697
1160,2017-09-11,40.97,41.24,41.38,40.83,72484,42830115.0,1.34,0.34,0.14,0.84,SZ002697
1161,2017-09-12,41.24,41.1,41.24,40.97,72738,43002191.0,0.65,-0.34,-0.14,0.84,SZ002697
1162,2017-09-13,41.04,41.24,41.31,40.9,69269,40958757.0,1.0,0.34,0.14,0.8,SZ002697
1163,2017-09-14,41.17,41.65,42.33,41.04,174883,104839757.0,3.13,0.99,0.41,2.02,SZ002697
1164,2017-09-15,41.65,41.85,42.12,41.24,130909,78686915.0,2.11,0.48,0.2,1.52,SZ002697
1165,2017-09-18,41.92,42.06,42.4,41.72,120585,73008940.0,1.62,0.5,0.21,1.4,SZ002697
1166,2017-09-19,42.06,43.28,44.23,41.92,322378,199252514.0,5.49,2.9,1.22,3.73,SZ002697
1167,2017-09-20,43.08,43.21,43.69,42.74,184033,114029103.0,2.2,-0.16,-0.07,2.13,SZ002697
1168,2017-09-21,43.08,42.4,43.08,42.4,145873,89511628.0,1.57,-1.87,-0.81,1.69,SZ002697
1169,2017-09-22,42.26,41.85,42.26,41.72,103398,62290457.0,1.27,-1.3,-0.55,1.2,SZ002697
1170,2017-09-25,41.85,42.33,42.67,41.78,105830,64125091.0,2.13,1.15,0.48,1.22,SZ002697
1171,2017-09-26,42.12,41.78,42.19,41.65,77965,46904942.0,1.28,-1.3,-0.55,0.9,SZ002697
1172,2017-09-27,42.4,42.12,43.14,41.99,120363,73593984.0,2.75,0.81,0.34,1.39,SZ002697
1173,2017-09-28,41.78,41.44,42.12,41.04,109885,65961433.0,2.56,-1.61,-0.68,1.27,SZ002697
1174,2017-09-29,41.51,41.65,41.78,41.31,68069,40674594.0,1.13,0.51,0.21,0.79,SZ002697
1175,2017-10-09,41.99,41.72,42.06,41.65,69004,41454211.0,0.98,0.17,0.07,0.8,SZ002697
1176,2017-10-10,41.78,42.74,42.94,41.78,186414,113795335.0,2.78,2.44,1.02,2.16,SZ002697
1177,2017-10-11,42.53,42.53,43.21,42.33,125987,77367364.0,2.06,-0.49,-0.21,1.46,SZ002697
1178,2017-10-12,42.4,43.48,44.03,42.12,303506,188579508.0,4.49,2.23,0.95,3.51,SZ002697
1179,2017-10-13,43.14,43.08,43.35,42.74,142718,88289705.0,1.4,-0.92,-0.4,1.65,SZ002697
1180,2017-10-16,43.14,42.53,43.42,42.19,149259,92100278.0,2.86,-1.28,-0.55,1.73,SZ002697
1181,2017-10-17,42.6,43.89,44.03,42.33,296614,185775891.0,4.0,3.2,1.36,3.43,SZ002697
1182,2017-10-18,44.16,43.14,44.23,42.94,203204,127463537.0,2.94,-1.71,-0.75,2.35,SZ002697
1183,2017-10-19,43.01,44.44,44.57,42.94,315574,199006151.0,3.78,3.01,1.3,3.65,SZ002697
1184,2017-10-20,44.16,45.93,46.88,43.82,518973,341379888.0,6.89,3.35,1.49,6.01,SZ002697
1185,2017-10-23,45.32,45.86,45.93,44.91,268411,175651529.0,2.22,-0.15,-0.07,3.11,SZ002697
1186,2017-10-24,45.52,44.78,46.61,44.1,289044,189019204.0,5.47,-2.35,-1.08,3.35,SZ002697
1187,2017-10-25,44.57,45.46,45.73,44.37,191185,123796741.0,3.04,1.52,0.68,2.21,SZ002697
1188,2017-10-26,45.18,44.78,45.59,44.57,159315,103187461.0,2.24,-1.5,-0.68,1.84,SZ002697
1189,2017-10-27,44.84,44.1,44.98,43.76,157939,100473160.0,2.72,-1.52,-0.68,1.83,SZ002697
1190,2017-10-30,43.82,42.74,44.03,42.26,147025,90888054.0,4.01,-3.08,-1.36,1.7,SZ002697
1191,2017-10-31,42.67,43.21,43.42,42.67,78989,48855472.0,1.75,1.1,0.47,0.91,SZ002697
1192,2017-11-01,43.28,42.6,43.62,42.4,98193,60800072.0,2.82,-1.41,-0.61,1.14,SZ002697
1193,2017-11-02,42.46,41.99,42.74,41.85,104588,63590566.0,2.09,-1.43,-0.61,1.21,SZ002697
1194,2017-11-03,42.06,41.51,42.26,41.38,89565,53707638.0,2.1,-1.14,-0.48,1.04,SZ002697
1195,2017-11-06,41.99,42.4,42.53,41.58,82419,49813997.0,2.29,2.14,0.89,0.95,SZ002697
1196,2017-11-07,42.46,42.26,42.53,42.06,65887,40051909.0,1.11,-0.33,-0.14,0.76,SZ002697
1197,2017-11-08,42.26,42.33,42.74,41.78,98357,59766200.0,2.27,0.17,0.07,1.14,SZ002697
1198,2017-11-09,42.33,42.12,42.33,42.06,60068,36413343.0,0.64,-0.5,-0.21,0.7,SZ002697
1199,2017-11-10,42.19,41.85,42.26,41.85,74814,45204130.0,0.97,-0.64,-0.27,0.87,SZ002697
1200,2017-11-13,41.92,41.04,41.99,40.9,173782,102761079.0,2.6,-1.94,-0.81,2.01,SZ002697
1201,2017-11-14,40.76,40.15,40.76,39.68,153824,88905640.0,2.63,-2.17,-0.89,1.78,SZ002697
1202,2017-11-15,39.88,40.02,40.56,39.61,74270,42694052.0,2.37,-0.32,-0.13,0.86,SZ002697
1203,2017-11-16,40.22,41.04,42.06,40.08,138319,82067233.0,4.95,2.55,1.02,1.6,SZ002697
1204,2017-11-17,41.17,39.74,41.17,39.34,91848,53130060.0,4.46,-3.17,-1.3,1.06,SZ002697
1205,2017-11-20,39.81,39.95,40.08,38.32,50989,28846517.0,4.43,0.53,0.21,0.59,SZ002697
1206,2017-11-21,39.74,40.49,40.63,39.54,57783,33311515.0,2.73,1.35,0.54,0.67,SZ002697
1207,2017-11-22,40.42,40.08,40.56,39.95,43414,25062944.0,1.51,-1.01,-0.41,0.5,SZ002697
1208,2017-11-23,40.15,39.13,40.29,39.06,55875,31711087.0,3.07,-2.37,-0.95,0.65,SZ002697
1209,2017-11-24,39.0,39.34,39.81,38.86,39457,22276931.0,2.43,0.54,0.21,0.46,SZ002697
1210,2017-11-27,39.0,38.86,39.4,38.79,37904,21265430.0,1.55,-1.22,-0.48,0.44,SZ002697
1211,2017-11-28,38.79,39.2,39.34,38.79,29918,16815308.0,1.42,0.87,0.34,0.35,SZ002697
1212,2017-11-29,39.34,39.2,39.61,38.72,38398,21573937.0,2.27,0.0,0.0,0.44,SZ002697
1213,2017-11-30,39.27,39.27,39.68,39.0,37227,21069013.0,1.73,0.18,0.07,0.43,SZ002697
1214,2017-12-01,39.4,39.27,39.47,39.2,28170,15903022.0,0.69,0.0,0.0,0.33,SZ002697
1215,2017-12-04,39.27,39.54,39.54,39.0,40266,22785183.0,1.38,0.69,0.27,0.47,SZ002697
1216,2017-12-05,39.54,40.29,40.97,39.34,154518,89777552.0,4.12,1.9,0.75,1.79,SZ002697
1217,2017-12-06,40.02,40.15,40.22,39.54,57943,33160396.0,1.69,-0.35,-0.14,0.67,SZ002697
1218,2017-12-07,40.22,40.36,41.04,40.15,58388,34001597.0,2.22,0.52,0.21,0.68,SZ002697
1219,2017-12-08,40.42,42.46,43.08,40.42,281016,169676585.0,6.59,5.2,2.1,3.25,SZ002697
1220,2017-12-11,42.26,43.89,44.1,42.12,316178,197663870.0,4.66,3.37,1.43,3.66,SZ002697
1221,2017-12-12,43.55,42.87,43.62,42.26,194759,119941370.0,3.1,-2.32,-1.02,2.25,SZ002697
1222,2017-12-13,42.46,43.01,43.21,42.46,116691,71990956.0,1.75,0.33,0.14,1.35,SZ002697
1223,2017-12-14,43.01,44.3,44.84,43.01,326470,207509961.0,4.25,3.0,1.29,3.78,SZ002697
1224,2018-01-03,48.65,48.65,48.65,48.65,48659,34158821.0,0.0,9.82,4.35,0.56,SZ002697
1225,2018-01-04,48.65,51.17,53.41,46.2,1160049,838589664.0,14.82,5.18,2.52,13.43,SZ002697
1226,2018-01-05,49.54,49.13,52.12,48.65,710221,512861840.0,6.78,-3.99,-2.04,8.22,SZ002697
1227,2018-01-08,48.38,48.38,48.86,47.16,520429,359203440.0,3.46,-1.53,-0.75,6.02,SZ002697
1228,2018-01-09,47.84,47.97,48.86,47.22,338299,235097743.0,3.39,-0.85,-0.41,3.92,SZ002697
1229,2018-01-10,47.36,46.82,48.65,46.41,327153,223339671.0,4.67,-2.4,-1.15,3.79,SZ002697
1230,2018-01-11,46.48,47.09,48.18,45.32,395760,264784690.0,6.11,0.58,0.27,4.58,SZ002697
1231,2018-01-12,46.75,45.52,46.95,45.46,254137,168618455.0,3.16,-3.33,-1.57,2.94,SZ002697
1232,2018-01-15,45.12,43.35,45.46,42.74,342614,216616408.0,5.98,-4.77,-2.17,3.97,SZ002697
1233,2018-01-16,43.21,44.16,44.71,42.94,213429,134828146.0,4.08,1.87,0.81,2.47,SZ002697
1234,2018-01-17,43.48,43.76,44.44,42.4,235373,146961521.0,4.62,-0.91,-0.4,2.72,SZ002697
1235,2018-01-18,43.14,43.62,44.1,43.08,190150,118815122.0,2.33,-0.32,-0.14,2.2,SZ002697
1236,2018-01-19,43.35,42.87,43.82,42.74,182443,113774581.0,2.48,-1.72,-0.75,2.11,SZ002697
1237,2018-01-22,42.46,43.69,44.03,42.26,208739,130422108.0,4.13,1.91,0.82,2.42,SZ002697
1238,2018-01-23,43.76,43.42,44.16,43.35,152879,96028228.0,1.85,-0.62,-0.27,1.77,SZ002697
1239,2018-01-24,44.84,44.1,45.93,44.1,277229,178359944.0,4.21,1.57,0.68,3.21,SZ002697
1240,2018-01-25,43.76,43.28,44.71,43.21,208152,131387610.0,3.4,-1.86,-0.82,2.41,SZ002697
1241,2018-01-26,43.35,43.55,43.76,42.8,161923,101134449.0,2.22,0.62,0.27,1.87,SZ002697
1242,2018-01-29,43.28,42.12,43.55,42.06,176738,108672099.0,3.42,-3.28,-1.43,2.05,SZ002697
1243,2018-01-30,42.26,43.76,44.3,42.26,297616,186606545.0,4.84,3.89,1.64,3.44,SZ002697
1244,2018-01-31,43.28,43.08,43.76,42.74,177082,110110818.0,2.33,-1.55,-0.68,2.05,SZ002697
1245,2018-02-01,42.74,40.7,43.01,40.36,236352,141281197.0,6.15,-5.52,-2.38,2.74,SZ002697
1246,2018-02-02,40.36,40.76,40.83,38.86,105310,60783168.0,4.84,0.15,0.06,1.22,SZ002697
1247,2018-02-05,40.02,40.83,41.38,39.74,68883,40402349.0,4.02,0.17,0.07,0.8,SZ002697
1248,2018-02-06,40.08,38.45,40.42,38.45,139174,78864011.0,4.82,-5.83,-2.38,1.61,SZ002697
1249,2018-02-07,39.34,38.59,39.81,37.3,96248,53481105.0,6.53,0.36,0.14,1.11,SZ002697
1250,2018-02-08,38.32,39.06,39.2,38.32,67051,37394566.0,2.28,1.22,0.47,0.78,SZ002697
1251,2018-02-09,38.32,37.5,38.32,36.55,99646,53715962.0,4.53,-3.99,-1.56,1.15,SZ002697
1252,2018-02-12,37.64,38.45,38.59,37.64,63949,35163531.0,2.53,2.53,0.95,0.74,SZ002697
1253,2018-02-13,39.06,38.32,39.06,38.32,61466,34081941.0,1.92,-0.34,-0.13,0.71,SZ002697
1254,2018-02-14,38.45,38.86,39.06,38.32,44840,24958445.0,1.93,1.41,0.54,0.52,SZ002697
1255,2018-02-22,39.13,39.68,39.95,38.79,98502,55893940.0,2.99,2.11,0.82,1.14,SZ002697
1256,2018-02-23,39.68,39.95,41.04,39.27,81697,46912815.0,4.46,0.68,0.27,0.95,SZ002697
1257,2018-02-26,40.36,40.22,40.49,39.47,103334,59435897.0,2.55,0.68,0.27,1.2,SZ002697
1258,2018-02-27,39.95,40.15,40.7,39.81,96146,55530248.0,2.21,-0.17,-0.07,1.11,SZ002697
1259,2018-02-28,39.81,39.68,40.22,39.47,77680,44463411.0,1.87,-1.17,-0.47,0.9,SZ002697
1260,2018-03-01,39.68,39.88,40.02,39.47,56670,32365170.0,1.39,0.5,0.2,0.66,SZ002697
1261,2018-03-02,39.68,40.22,40.9,39.4,101165,58473978.0,3.76,0.85,0.34,1.17,SZ002697
1262,2018-03-05,40.22,40.36,40.49,39.88,78010,45059281.0,1.52,0.35,0.14,0.9,SZ002697
1263,2018-03-06,40.22,40.56,40.7,39.95,118241,68580994.0,1.86,0.5,0.2,1.37,SZ002697
1264,2018-03-07,40.36,39.54,40.49,39.54,94856,54509115.0,2.34,-2.51,-1.02,1.1,SZ002697
1265,2018-03-08,39.61,39.47,39.68,39.13,62609,35410088.0,1.39,-0.18,-0.07,0.72,SZ002697
1266,2018-03-09,39.27,39.88,39.88,39.27,83000,47301532.0,1.55,1.04,0.41,0.96,SZ002697
1267,2018-03-12,40.29,40.36,40.36,39.81,119138,68671175.0,1.38,1.2,0.48,1.38,SZ002697
1268,2018-03-13,40.36,40.7,41.38,39.95,183629,107259265.0,3.54,0.84,0.34,2.13,SZ002697
1269,2018-03-14,40.29,40.08,40.56,40.02,88107,51025688.0,1.33,-1.52,-0.62,1.02,SZ002697
1270,2018-03-15,39.95,40.56,40.76,39.74,123682,71780743.0,2.54,1.2,0.48,1.43,SZ002697
1271,2018-03-16,41.1,41.17,42.06,40.9,285804,170451187.0,2.86,1.5,0.61,3.31,SZ002697
1272,2018-03-19,41.17,41.78,41.92,40.83,162469,96858696.0,2.65,1.48,0.61,1.88,SZ002697
1273,2018-03-20,41.38,40.83,41.38,40.36,130813,76856305.0,2.44,-2.27,-0.95,1.51,SZ002697
1274,2018-03-21,40.56,40.63,41.78,40.49,126295,74704815.0,3.16,-0.49,-0.2,1.46,SZ002697
1275,2018-03-22,40.76,43.08,44.37,40.56,530859,325664448.0,9.38,6.03,2.45,6.14,SZ002697
1276,2018-03-23,41.38,40.83,43.42,39.47,403816,241926075.0,9.17,-5.22,-2.25,4.67,SZ002697
1277,2018-03-26,39.54,39.88,40.22,36.96,208796,116812834.0,7.98,-2.33,-0.95,2.42,SZ002697
1278,2018-03-27,39.95,40.22,40.7,39.95,143779,83169499.0,1.88,0.85,0.34,1.66,SZ002697
1279,2018-03-28,39.54,39.06,39.95,38.72,136138,76871421.0,3.06,-2.88,-1.16,1.58,SZ002697
1280,2018-03-29,39.13,39.06,39.4,38.66,99224,55613826.0,1.89,0.0,0.0,1.15,SZ002697
1281,2018-03-30,39.06,39.2,39.47,39.0,82575,46495921.0,1.2,0.36,0.14,0.96,SZ002697
1282,2018-04-02,39.54,39.47,40.08,39.13,101735,57998752.0,2.42,0.69,0.27,1.18,SZ002697
1283,2018-04-03,39.06,39.06,39.47,38.52,78278,43942432.0,2.41,-1.04,-0.41,0.91,SZ002697
1284,2018-04-04,39.06,38.93,39.54,38.86,67639,38006889.0,1.74,-0.33,-0.13,0.78,SZ002697
1285,2018-04-09,39.0,38.93,39.34,38.59,59992,33463890.0,1.93,0.0,0.0,0.69,SZ002697
1286,2018-04-10,38.86,39.0,39.2,38.59,64967,36224830.0,1.57,0.18,0.07,0.75,SZ002697
1287,2018-04-11,39.0,39.06,39.4,38.86,64280,36054837.0,1.38,0.15,0.06,0.74,SZ002697
1288,2018-04-12,39.06,38.59,39.13,38.59,57003,31796517.0,1.38,-1.2,-0.47,0.66,SZ002697
1289,2018-04-13,38.72,38.59,39.0,38.52,36798,20438348.0,1.24,0.0,0.0,0.43,SZ002697
1290,2018-04-16,38.32,38.04,38.72,37.91,57120,31405236.0,2.1,-1.43,-0.55,0.66,SZ002697
1291,2018-04-17,37.98,37.36,38.25,37.3,58586,31712315.0,2.5,-1.79,-0.68,0.68,SZ002697
1292,2018-04-18,37.84,37.64,37.98,36.75,64225,34334297.0,3.29,0.75,0.28,0.74,SZ002697
1293,2018-04-19,37.43,37.57,37.91,37.36,39088,21145416.0,1.46,-0.19,-0.07,0.45,SZ002697
1294,2018-04-20,37.5,36.89,37.57,36.82,50027,26653252.0,2.0,-1.81,-0.68,0.58,SZ002697
1295,2018-04-23,36.96,36.41,37.09,36.28,44167,23193772.0,2.2,-1.3,-0.48,0.51,SZ002697
1296,2018-04-24,36.48,37.43,37.91,36.48,59033,31476143.0,3.93,2.8,1.02,0.68,SZ002697
1297,2018-04-25,37.43,37.64,37.7,37.16,37866,20402589.0,1.44,0.56,0.21,0.44,SZ002697
1298,2018-04-26,37.77,37.02,37.91,36.96,44529,23809191.0,2.52,-1.65,-0.62,0.52,SZ002697
1299,2018-04-27,37.09,37.36,37.5,37.09,28209,15080487.0,1.11,0.92,0.34,0.33,SZ002697
1300,2018-05-02,37.36,37.16,37.64,37.16,31942,17097747.0,1.28,-0.54,-0.2,0.37,SZ002697
1301,2018-05-03,37.5,37.3,37.5,36.96,39312,21006034.0,1.45,0.38,0.14,0.45,SZ002697
1302,2018-05-04,37.43,37.5,37.5,36.96,49896,26684948.0,1.45,0.54,0.2,0.58,SZ002697
1303,2018-05-07,37.43,37.84,38.04,37.36,65517,35525567.0,1.81,0.91,0.34,0.76,SZ002697
1304,2018-05-08,37.77,38.38,38.66,37.7,87404,47993796.0,2.54,1.43,0.54,1.01,SZ002697
1305,2018-05-09,38.18,37.98,38.32,37.84,50275,27424978.0,1.25,-1.04,-0.4,0.58,SZ002697
1306,2018-05-10,38.25,37.91,38.32,37.7,40014,21800170.0,1.63,-0.18,-0.07,0.46,SZ002697
1307,2018-05-11,38.04,37.43,38.11,37.43,42882,23170767.0,1.79,-1.27,-0.48,0.5,SZ002697
1308,2018-05-14,37.02,37.23,37.57,37.02,27485,14743892.0,1.47,-0.53,-0.2,0.32,SZ002697
1309,2018-05-15,37.23,37.7,37.98,36.96,43791,23446299.0,2.74,1.26,0.47,0.51,SZ002697
1310,2018-05-16,37.57,37.43,37.7,37.3,33422,17969817.0,1.06,-0.72,-0.27,0.39,SZ002697
1311,2018-05-17,37.43,37.3,37.77,37.23,30669,16457592.0,1.44,-0.35,-0.13,0.35,SZ002697
1312,2018-05-18,37.3,37.91,37.91,37.23,63199,34186410.0,1.82,1.64,0.61,0.73,SZ002697
1313,2018-05-21,38.04,37.91,38.11,37.7,54745,29786082.0,1.08,0.0,0.0,0.63,SZ002697
1314,2018-05-22,37.91,38.18,38.45,37.77,67094,36750738.0,1.79,0.71,0.27,0.78,SZ002697
1315,2018-05-23,38.18,37.7,38.18,37.64,42413,23026979.0,1.41,-1.26,-0.48,0.49,SZ002697
1316,2018-05-24,37.7,38.11,38.59,37.3,96227,52567547.0,3.42,1.09,0.41,1.11,SZ002697
1317,2018-05-25,38.04,38.45,38.72,37.7,116441,64140422.0,2.68,0.89,0.34,1.35,SZ002697
1318,2018-05-28,38.38,39.34,40.15,37.98,205172,115885292.0,5.64,2.31,0.89,2.37,SZ002697
1319,2018-05-29,39.2,38.86,40.29,38.86,188686,107574320.0,3.63,-1.22,-0.48,2.18,SZ002697
1320,2018-05-30,37.7,38.32,39.06,37.7,119050,65469281.0,3.5,-1.39,-0.54,1.38,SZ002697
1321,2018-05-31,38.72,40.9,41.24,38.72,319958,184477538.0,6.58,6.73,2.58,3.7,SZ002697
1322,2018-06-01,40.91,40.77,41.99,40.23,272337,160305142.0,4.3,-0.32,-0.13,3.15,SZ002697
1323,2018-06-04,40.63,40.84,41.45,40.16,118245,69223582.0,3.16,0.17,0.07,1.37,SZ002697
1324,2018-06-05,40.77,40.5,40.97,39.61,144567,83296965.0,3.33,-0.83,-0.34,1.67,SZ002697
1325,2018-06-06,40.16,40.16,40.57,39.89,98011,56390285.0,1.68,-0.84,-0.34,1.13,SZ002697
1326,2018-06-07,40.09,40.63,41.04,39.89,97735,56843030.0,2.86,1.17,0.47,1.13,SZ002697
1327,2018-06-08,40.5,39.89,40.5,39.41,72939,41673451.0,2.68,-1.82,-0.74,0.84,SZ002697
1328,2018-06-11,39.61,39.95,40.57,39.55,72834,41910059.0,2.56,0.15,0.06,0.84,SZ002697
1329,2018-06-12,40.02,39.68,40.36,39.0,95511,54041021.0,3.4,-0.68,-0.27,1.11,SZ002697
1330,2018-06-13,39.55,38.93,39.61,38.87,73105,41008280.0,1.86,-1.89,-0.75,0.85,SZ002697
1331,2018-06-14,38.93,39.0,39.68,38.8,65508,36773271.0,2.26,0.18,0.07,0.76,SZ002697
1332,2018-06-15,39.0,39.21,39.48,38.8,66816,37441337.0,1.74,0.54,0.21,0.77,SZ002697
1333,2018-06-19,38.8,36.15,38.8,35.4,131248,69301775.0,8.67,-7.8,-3.06,1.52,SZ002697
1334,2018-06-20,36.42,36.42,36.89,35.74,69665,36282802.0,3.18,0.75,0.27,0.81,SZ002697
1335,2018-06-21,36.42,36.96,37.23,36.21,102213,53826661.0,2.8,1.48,0.54,1.18,SZ002697
1336,2018-06-22,36.76,36.83,37.03,36.21,47023,24630687.0,2.22,-0.35,-0.13,0.54,SZ002697
1337,2018-06-25,36.89,36.08,37.3,35.87,62239,32519282.0,3.88,-2.04,-0.75,0.72,SZ002697
1338,2018-06-26,35.6,36.35,36.49,35.47,39049,20139115.0,2.83,0.75,0.27,0.45,SZ002697
1339,2018-06-27,36.62,35.67,36.76,35.47,70083,36031401.0,3.55,-1.87,-0.68,0.81,SZ002697
1340,2018-06-28,35.74,33.15,35.94,32.88,175838,85854053.0,8.58,-7.06,-2.52,2.04,SZ002697
1341,2018-06-29,33.29,33.97,34.11,33.15,82115,39327651.0,2.9,2.47,0.82,0.95,SZ002697
1342,2018-07-02,33.7,33.63,34.31,33.36,53426,25813028.0,2.8,-1.0,-0.34,0.54,SZ002697
1343,2018-07-03,33.7,33.9,34.24,33.36,45124,21742629.0,2.62,0.8,0.27,0.46,SZ002697
1344,2018-07-04,34.04,34.11,34.17,33.63,56380,27239410.0,1.59,0.62,0.21,0.57,SZ002697
1345,2018-07-05,33.9,34.65,34.79,33.49,89868,43801508.0,3.81,1.58,0.54,0.91,SZ002697
1346,2018-07-06,34.79,35.19,36.28,34.65,92688,46905566.0,4.7,1.56,0.54,0.94,SZ002697
1347,2018-07-09,35.33,35.19,35.81,34.65,90062,45139229.0,3.3,0.0,0.0,0.91,SZ002697
1348,2018-07-10,34.99,35.06,35.53,34.65,69958,34891254.0,2.5,-0.37,-0.13,0.71,SZ002697
1349,2018-07-11,34.99,33.83,34.99,33.02,143958,69219424.0,5.62,-3.51,-1.23,1.46,SZ002697
1350,2018-07-12,33.83,34.45,34.58,33.56,61104,29880194.0,3.02,1.83,0.62,0.62,SZ002697
1351,2018-07-13,34.31,34.38,34.65,34.04,35210,17287204.0,1.77,-0.2,-0.07,0.36,SZ002697
1352,2018-07-16,34.79,35.33,35.74,34.58,80531,40435207.0,3.37,2.76,0.95,0.82,SZ002697
1353,2018-07-17,35.67,35.26,35.67,34.99,36681,18446522.0,1.92,-0.2,-0.07,0.37,SZ002697
1354,2018-07-18,35.13,35.19,35.74,35.13,43595,22014847.0,1.73,-0.2,-0.07,0.44,SZ002697
1355,2018-07-19,35.06,34.58,35.4,34.51,28390,14087157.0,2.53,-1.73,-0.61,0.29,SZ002697
1356,2018-07-20,34.85,34.85,34.99,34.24,37859,18694155.0,2.17,0.78,0.27,0.38,SZ002697
1357,2018-07-23,34.85,35.26,35.4,34.51,35050,17580936.0,2.55,1.18,0.41,0.36,SZ002697
1358,2018-07-24,35.33,35.6,35.74,35.06,58360,29562339.0,1.93,0.96,0.34,0.59,SZ002697
1359,2018-07-25,35.6,35.6,36.21,35.33,61832,31620089.0,2.47,0.0,0.0,0.63,SZ002697
1360,2018-07-26,36.08,35.6,36.15,35.47,61703,31494804.0,1.91,0.0,0.0,0.63,SZ002697
1361,2018-07-27,35.6,35.74,36.01,35.53,44728,22802622.0,1.35,0.39,0.14,0.45,SZ002697
1362,2018-07-30,35.53,35.26,35.74,34.85,41110,20692720.0,2.49,-1.34,-0.48,0.42,SZ002697
1363,2018-07-31,34.92,35.33,35.33,34.92,27275,13693462.0,1.16,0.2,0.07,0.28,SZ002697
1364,2018-08-01,35.13,34.85,35.47,34.85,31809,15963121.0,1.75,-1.36,-0.48,0.32,SZ002697
1365,2018-08-02,34.85,34.51,34.85,33.77,40053,19539928.0,3.1,-0.98,-0.34,0.41,SZ002697
1366,2018-08-03,34.51,33.83,34.58,33.83,23502,11461760.0,2.17,-1.97,-0.68,0.24,SZ002697
1367,2018-08-06,33.63,33.56,33.9,33.43,28673,13732551.0,1.39,-0.8,-0.27,0.29,SZ002697
1368,2018-08-07,33.7,34.17,34.31,33.56,38251,18523608.0,2.23,1.82,0.61,0.39,SZ002697
1369,2018-08-08,34.38,33.77,34.51,33.77,23812,11536254.0,2.17,-1.17,-0.4,0.24,SZ002697
1370,2018-08-09,33.7,34.11,34.31,33.56,27800,13507668.0,2.22,1.01,0.34,0.28,SZ002697
1371,2018-08-10,34.65,34.24,34.65,34.04,25061,12214161.0,1.79,0.38,0.13,0.25,SZ002697
1372,2018-08-13,33.7,33.97,34.04,33.56,24525,11799662.0,1.4,-0.79,-0.27,0.25,SZ002697
1373,2018-08-14,34.04,34.17,34.38,33.77,25478,12363378.0,1.8,0.59,0.2,0.26,SZ002697
1374,2018-08-15,34.11,33.77,34.11,33.56,26221,12611306.0,1.61,-1.17,-0.4,0.27,SZ002697
1375,2018-08-16,33.63,33.22,33.63,33.02,37100,17573953.0,1.81,-1.63,-0.55,0.38,SZ002697
1376,2018-08-17,33.49,33.22,33.56,33.09,20861,9878106.0,1.41,0.0,0.0,0.21,SZ002697
1377,2018-08-20,33.22,33.63,33.63,33.02,40355,19165088.0,1.84,1.23,0.41,0.41,SZ002697
1378,2018-08-21,33.77,34.11,34.31,33.49,37832,18323099.0,2.44,1.43,0.48,0.38,SZ002697
1379,2018-08-22,34.11,33.77,34.17,33.7,18517,8933274.0,1.38,-1.0,-0.34,0.19,SZ002697
1380,2018-08-23,33.83,33.97,34.24,33.7,25919,12560192.0,1.6,0.59,0.2,0.26,SZ002697
1381,2018-08-24,34.11,33.9,34.17,33.7,18197,8780830.0,1.38,-0.21,-0.07,0.18,SZ002697
1382,2018-08-27,34.04,34.31,34.51,33.9,36185,17654780.0,1.8,1.21,0.41,0.37,SZ002697
1383,2018-08-28,34.38,34.17,34.38,34.04,19133,9315106.0,0.99,-0.41,-0.14,0.19,SZ002697
1384,2018-08-29,34.24,33.83,34.24,33.77,18995,9186032.0,1.38,-1.0,-0.34,0.19,SZ002697
1385,2018-08-30,33.97,33.83,34.04,33.7,21765,10493678.0,1.01,0.0,0.0,0.22,SZ002697
1386,2018-08-31,33.7,33.22,33.9,32.75,55922,26480011.0,3.4,-1.8,-0.61,0.57,SZ002697
1387,2018-09-03,33.15,33.49,33.56,32.75,39040,18462830.0,2.44,0.81,0.27,0.4,SZ002697
1388,2018-09-04,33.36,33.56,33.7,33.36,30851,14737922.0,1.02,0.21,0.07,0.31,SZ002697
1389,2018-09-05,33.63,33.09,33.63,32.95,33085,15639392.0,2.03,-1.4,-0.47,0.34,SZ002697
1390,2018-09-06,33.02,32.81,33.22,32.61,27606,12925628.0,1.84,-0.85,-0.28,0.28,SZ002697
1391,2018-09-07,32.88,33.29,33.36,32.75,36350,17112660.0,1.86,1.46,0.48,0.37,SZ002697
1392,2018-09-10,33.02,33.02,33.36,32.95,28690,13514779.0,1.23,-0.81,-0.27,0.29,SZ002697
1393,2018-09-11,33.02,32.88,33.15,32.75,38179,17915459.0,1.21,-0.42,-0.14,0.39,SZ002697
1394,2018-09-12,32.88,32.95,33.22,32.61,27622,12949114.0,1.86,0.21,0.07,0.28,SZ002697
1395,2018-09-13,33.02,33.02,33.15,32.68,17599,8252719.0,1.43,0.21,0.07,0.18,SZ002697
1396,2018-09-14,32.95,32.75,33.09,32.68,22004,10294038.0,1.24,-0.82,-0.27,0.22,SZ002697
1397,2018-09-17,32.75,32.75,32.95,32.47,22584,10503164.0,1.47,0.0,0.0,0.23,SZ002697
1398,2018-09-18,32.75,33.36,33.49,32.75,28188,13282534.0,2.26,1.86,0.61,0.29,SZ002697
1399,2018-09-19,33.29,33.49,33.83,33.15,40620,19400910.0,2.04,0.39,0.13,0.41,SZ002697
1400,2018-09-20,33.49,33.29,33.63,33.29,24222,11541786.0,1.02,-0.6,-0.2,0.25,SZ002697
1401,2018-09-21,33.43,33.97,35.06,33.43,58705,28616487.0,4.9,2.04,0.68,0.6,SZ002697
1402,2018-09-25,33.7,33.56,33.97,33.02,28589,13689687.0,2.8,-1.21,-0.41,0.29,SZ002697
1403,2018-09-26,33.7,33.56,33.97,33.49,29387,14122864.0,1.43,0.0,0.0,0.3,SZ002697
1404,2018-09-27,33.63,33.49,33.77,33.36,22296,10642176.0,1.22,-0.21,-0.07,0.23,SZ002697
1405,2018-09-28,33.36,33.9,33.97,33.36,30979,14897227.0,1.82,1.22,0.41,0.31,SZ002697
1406,2018-10-08,33.63,33.63,34.24,33.36,48823,23484088.0,2.6,-0.8,-0.27,0.49,SZ002697
1407,2018-10-09,33.49,33.63,33.9,33.43,25997,12453997.0,1.4,0.0,0.0,0.26,SZ002697
1408,2018-10-10,33.63,33.97,34.17,33.49,31511,15206966.0,2.02,1.01,0.34,0.32,SZ002697
1409,2018-10-11,33.29,32.27,33.36,32.13,55254,25790791.0,3.62,-5.0,-1.7,0.56,SZ002697
1410,2018-10-12,32.75,33.15,33.43,31.73,52331,24251499.0,5.27,2.73,0.88,0.53,SZ002697
1411,2018-10-15,33.02,32.61,33.15,32.54,19040,8902038.0,1.84,-1.63,-0.54,0.19,SZ002697
1412,2018-10-16,32.61,32.61,33.02,32.47,18276,8514732.0,1.69,0.0,0.0,0.19,SZ002697
1413,2018-10-17,32.88,33.02,33.15,32.54,21530,10074502.0,1.87,1.26,0.41,0.22,SZ002697
1414,2018-10-18,33.02,32.41,33.02,32.41,22319,10368187.0,1.85,-1.85,-0.61,0.23,SZ002697
1415,2018-10-19,31.25,33.36,33.63,31.25,54027,25262018.0,7.34,2.93,0.95,0.55,SZ002697
1416,2018-10-22,33.63,34.79,35.19,33.63,115893,57412192.0,4.68,4.29,1.43,1.17,SZ002697
1417,2018-10-23,35.06,34.99,36.08,34.79,107528,54444095.0,3.71,0.57,0.2,1.09,SZ002697
1418,2018-10-24,34.99,35.6,35.74,34.72,66630,33496942.0,2.92,1.74,0.61,0.68,SZ002697
1419,2018-10-25,34.79,35.67,36.15,34.72,79160,40249992.0,4.02,0.2,0.07,0.8,SZ002697
1420,2018-10-26,35.74,35.74,36.21,35.47,64645,33072688.0,2.07,0.2,0.07,0.66,SZ002697
1421,2018-10-29,36.08,35.33,36.08,35.06,98952,50327826.0,2.85,-1.15,-0.41,1.0,SZ002697
1422,2018-10-30,35.74,35.53,35.94,35.26,69777,35413044.0,1.92,0.57,0.2,0.71,SZ002697
1423,2018-10-31,35.67,35.67,36.21,35.4,46868,23993394.0,2.28,0.39,0.14,0.48,SZ002697
1424,2018-11-01,36.08,36.69,37.78,35.87,124789,65832422.0,5.35,2.86,1.02,1.27,SZ002697
1425,2018-11-02,36.69,37.17,37.17,36.42,66220,34784832.0,2.04,1.31,0.48,0.67,SZ002697
1426,2018-11-05,37.03,36.69,37.03,36.49,42744,22403450.0,1.45,-1.29,-0.48,0.43,SZ002697
1427,2018-11-06,36.42,36.69,36.89,36.15,37511,19612992.0,2.02,0.0,0.0,0.38,SZ002697
1428,2018-11-07,36.55,37.57,37.64,36.49,70600,37747686.0,3.13,2.4,0.88,0.72,SZ002697
1429,2018-11-08,37.44,36.83,37.51,36.76,47060,25003439.0,2.0,-1.97,-0.74,0.48,SZ002697
1430,2018-11-09,36.83,36.49,37.23,36.28,36736,19190309.0,2.58,-0.92,-0.34,0.37,SZ002697
1431,2018-11-12,36.21,36.76,36.83,36.21,22171,11597940.0,1.7,0.74,0.27,0.22,SZ002697
1432,2018-11-13,36.42,36.96,37.23,36.28,42353,22307985.0,2.58,0.54,0.2,0.43,SZ002697
1433,2018-11-14,36.96,37.3,37.64,36.76,53538,28567609.0,2.38,0.92,0.34,0.54,SZ002697
1434,2018-11-15,37.17,37.57,38.05,37.17,45420,24422142.0,2.36,0.72,0.27,0.46,SZ002697
1435,2018-11-16,38.05,38.39,38.73,37.78,73141,40207128.0,2.53,2.18,0.82,0.74,SZ002697
1436,2018-11-19,38.19,38.05,38.87,37.85,30343,16552608.0,2.66,-0.89,-0.34,0.31,SZ002697
1437,2018-11-20,37.91,37.37,38.19,37.23,33586,18053815.0,2.52,-1.79,-0.68,0.34,SZ002697
1438,2018-11-21,37.23,37.44,37.64,36.76,39136,20822147.0,2.35,0.19,0.07,0.4,SZ002697
1439,2018-11-22,37.17,37.51,37.78,37.1,28955,15525267.0,1.82,0.19,0.07,0.29,SZ002697
1440,2018-11-23,37.51,35.67,37.51,35.6,53596,27871298.0,5.09,-4.91,-1.84,0.54,SZ002697
1441,2018-11-26,35.4,35.87,36.15,35.19,43933,22439927.0,2.69,0.56,0.2,0.45,SZ002697
1442,2018-11-27,35.87,35.67,36.28,35.53,29769,15239622.0,2.09,-0.56,-0.2,0.3,SZ002697
1443,2018-11-28,35.94,36.01,36.21,35.4,37887,19398579.0,2.27,0.95,0.34,0.38,SZ002697
1444,2018-11-29,36.21,36.15,36.76,35.81,44810,23348609.0,2.64,0.39,0.14,0.45,SZ002697
1445,2018-11-30,36.49,36.42,36.49,35.4,36333,18626383.0,3.02,0.75,0.27,0.37,SZ002697
1446,2018-12-03,36.76,37.37,37.85,36.76,51006,27231900.0,2.99,2.61,0.95,0.52,SZ002697
1447,2018-12-04,37.37,37.64,37.78,37.1,46209,24773895.0,1.82,0.72,0.27,0.47,SZ002697
1448,2018-12-05,37.1,37.51,37.78,36.96,42802,22980174.0,2.18,-0.35,-0.13,0.43,SZ002697
1449,2018-12-06,37.44,37.3,37.85,37.03,46819,25026279.0,2.19,-0.56,-0.21,0.47,SZ002697
1450,2018-12-07,37.23,37.64,37.64,37.17,27264,14581778.0,1.26,0.91,0.34,0.28,SZ002697
1451,2018-12-10,37.85,36.96,37.85,36.89,29014,15375258.0,2.55,-1.81,-0.68,0.29,SZ002697
1452,2018-12-11,36.96,37.17,37.23,36.69,22461,11857403.0,1.46,0.57,0.21,0.23,SZ002697
1453,2018-12-12,36.49,37.57,37.91,36.49,48129,25745905.0,3.82,1.08,0.4,0.49,SZ002697
1454,2018-12-13,37.51,37.37,37.78,37.03,60739,32427598.0,2.0,-0.53,-0.2,0.62,SZ002697
1455,2018-12-14,37.23,36.62,37.37,36.42,28191,14835737.0,2.54,-2.01,-0.75,0.29,SZ002697
1456,2018-12-17,36.49,36.76,37.03,36.15,36658,19257637.0,2.4,0.38,0.14,0.37,SZ002697
1457,2018-12-18,36.76,36.55,37.3,36.08,52389,27307447.0,3.32,-0.57,-0.21,0.53,SZ002697
1458,2018-12-19,36.15,36.21,36.62,36.15,37559,19474664.0,1.29,-0.93,-0.34,0.38,SZ002697
1459,2018-12-20,36.28,36.35,36.49,35.87,26592,13761436.0,1.71,0.39,0.14,0.27,SZ002697
1460,2018-12-21,36.08,35.87,36.42,35.74,23410,12051167.0,1.87,-1.32,-0.48,0.24,SZ002697
1461,2018-12-24,35.94,36.08,36.35,35.87,19809,10209273.0,1.34,0.59,0.21,0.2,SZ002697
1462,2018-12-25,36.01,35.47,36.01,35.06,37399,18870422.0,2.63,-1.69,-0.61,0.38,SZ002697
1463,2018-12-26,35.33,34.92,35.67,34.72,44430,22311906.0,2.68,-1.55,-0.55,0.45,SZ002697
1464,2018-12-27,35.19,35.87,36.69,35.19,77276,39930500.0,4.3,2.72,0.95,0.78,SZ002697
1465,2018-12-28,35.81,35.94,36.08,35.67,31511,16162418.0,1.14,0.2,0.07,0.32,SZ002697
1466,2019-01-02,36.01,35.67,36.15,35.47,26259,13429469.0,1.89,-0.75,-0.27,0.27,SZ002697
1467,2019-01-03,35.67,35.47,36.08,34.99,39214,19910274.0,3.06,-0.56,-0.2,0.4,SZ002697
1468,2019-01-04,35.47,35.67,35.87,35.13,41841,21246437.0,2.09,0.56,0.2,0.42,SZ002697
1469,2019-01-07,35.94,36.28,36.42,35.81,44686,23033982.0,1.71,1.71,0.61,0.45,SZ002697
1470,2019-01-08,36.42,36.42,36.69,36.15,32967,17163038.0,1.49,0.39,0.14,0.33,SZ002697
1471,2019-01-09,36.42,36.35,36.96,36.21,28985,15175323.0,2.06,-0.19,-0.07,0.29,SZ002697
1472,2019-01-10,36.15,35.94,36.42,35.81,31078,16012282.0,1.68,-1.13,-0.41,0.32,SZ002697
1473,2019-01-11,35.94,36.28,36.35,35.81,24879,12838869.0,1.5,0.95,0.34,0.25,SZ002697
1474,2019-01-14,36.15,37.03,37.23,36.15,60358,31806425.0,2.98,2.07,0.75,0.61,SZ002697
1475,2019-01-15,37.03,37.1,37.44,36.55,55959,29483806.0,2.4,0.19,0.07,0.57,SZ002697
1476,2019-01-16,36.96,36.83,37.03,36.62,31467,16551791.0,1.11,-0.73,-0.27,0.32,SZ002697
1477,2019-01-17,36.62,36.69,37.03,36.35,37554,19707753.0,1.85,-0.38,-0.14,0.38,SZ002697
1478,2019-01-18,36.62,36.55,36.76,35.94,36125,18757636.0,2.23,-0.38,-0.14,0.37,SZ002697
1479,2019-01-21,36.42,36.96,36.96,36.21,43057,22604856.0,2.05,1.12,0.41,0.44,SZ002697
1480,2019-01-22,37.03,36.83,37.03,36.55,24790,13046277.0,1.3,-0.35,-0.13,0.25,SZ002697
1481,2019-01-23,36.89,37.03,37.1,36.62,27669,14599728.0,1.3,0.54,0.2,0.28,SZ002697
1482,2019-01-24,36.89,37.23,37.44,36.89,22465,11960338.0,1.49,0.54,0.2,0.23,SZ002697
1483,2019-01-25,37.23,37.17,37.57,37.1,27321,14580648.0,1.26,-0.16,-0.06,0.28,SZ002697
1484,2019-01-28,37.17,37.51,37.91,37.1,57264,30729376.0,2.18,0.91,0.34,0.58,SZ002697
1485,2019-01-29,37.44,37.98,38.05,36.83,74027,39818050.0,3.25,1.25,0.47,0.75,SZ002697
1486,2019-01-30,37.78,36.15,37.78,36.01,83076,43382438.0,4.66,-4.82,-1.83,0.84,SZ002697
1487,2019-01-31,36.28,36.35,36.89,36.08,52015,27120933.0,2.24,0.55,0.2,0.53,SZ002697
1488,2019-02-01,36.49,36.76,36.83,36.35,33177,17383630.0,1.32,1.13,0.41,0.34,SZ002697
1489,2019-02-11,36.69,37.44,37.44,36.49,41345,21953227.0,2.58,1.85,0.68,0.42,SZ002697
1490,2019-02-12,37.44,37.37,38.05,37.3,50633,27177812.0,2.0,-0.19,-0.07,0.51,SZ002697
1491,2019-02-13,37.44,37.98,38.05,37.37,66107,35761971.0,1.82,1.63,0.61,0.67,SZ002697
1492,2019-02-14,37.91,37.57,38.32,37.3,54671,29400332.0,2.69,-1.08,-0.41,0.55,SZ002697
1493,2019-02-15,37.51,37.51,37.71,37.23,27331,14620119.0,1.28,-0.16,-0.06,0.28,SZ002697
1494,2019-02-18,37.37,38.39,39.0,37.3,89218,48790785.0,4.53,2.35,0.88,0.9,SZ002697
1495,2019-02-19,38.46,38.39,38.66,37.98,66977,36654830.0,1.77,0.0,0.0,0.68,SZ002697
1496,2019-02-20,38.39,38.59,38.66,37.91,76427,41857669.0,1.95,0.52,0.2,0.77,SZ002697
1497,2019-02-21,38.59,38.39,39.14,38.32,66746,37003379.0,2.12,-0.52,-0.2,0.68,SZ002697
1498,2019-02-22,38.39,38.46,38.66,37.91,67579,36874372.0,1.95,0.18,0.07,0.69,SZ002697
1499,2019-02-25,38.53,40.16,40.5,38.53,200708,113231986.0,5.12,4.42,1.7,2.03,SZ002697
1500,2019-02-26,39.82,39.48,40.23,39.07,163474,92630538.0,2.89,-1.69,-0.68,1.66,SZ002697
1501,2019-02-27,39.48,39.0,39.68,38.87,90781,50925826.0,2.05,-1.22,-0.48,0.92,SZ002697
1502,2019-02-28,39.55,39.34,39.82,38.87,99487,55929296.0,2.44,0.87,0.34,1.01,SZ002697
1503,2019-03-01,39.48,39.34,39.61,38.93,67959,38156500.0,1.73,0.0,0.0,0.69,SZ002697
1504,2019-03-04,39.55,39.41,39.82,39.14,154367,87244629.0,1.73,0.18,0.07,1.56,SZ002697
1505,2019-03-05,39.14,39.55,39.61,38.93,144807,81135565.0,1.73,0.36,0.14,1.47,SZ002697
1506,2019-03-06,39.55,39.68,39.89,39.14,196096,110860769.0,1.9,0.33,0.13,1.99,SZ002697
1507,2019-03-07,39.75,39.75,40.36,39.21,227498,129176379.0,2.9,0.18,0.07,2.31,SZ002697
1508,2019-03-08,39.27,37.71,39.34,37.51,226804,124762386.0,4.6,-5.13,-2.04,2.3,SZ002697
1509,2019-03-11,37.71,38.32,38.39,37.71,133069,72403319.0,1.8,1.62,0.61,1.35,SZ002697
1510,2019-03-12,38.32,38.39,38.87,37.98,156991,86348658.0,2.32,0.18,0.07,1.59,SZ002697
1511,2019-03-13,38.12,37.57,38.32,37.1,158142,85247562.0,3.18,-2.14,-0.82,1.6,SZ002697
1512,2019-03-14,37.57,36.62,37.57,36.28,140893,74014083.0,3.43,-2.53,-0.95,1.43,SZ002697
1513,2019-03-15,36.62,37.17,37.3,36.62,99190,52426884.0,1.86,1.5,0.55,1.01,SZ002697
1514,2019-03-18,37.17,38.12,38.25,36.69,178838,96290435.0,4.2,2.56,0.95,1.81,SZ002697
1515,2019-03-19,37.98,37.91,38.05,37.51,160019,86302138.0,1.42,-0.55,-0.21,1.62,SZ002697
1516,2019-03-20,37.78,37.71,37.98,37.17,115689,62139570.0,2.14,-0.53,-0.2,1.17,SZ002697
1517,2019-03-21,37.71,37.78,38.05,37.57,128003,69268024.0,1.27,0.19,0.07,1.3,SZ002697
1518,2019-03-22,37.64,37.51,37.98,37.03,119172,63810054.0,2.51,-0.71,-0.27,1.21,SZ002697
1519,2019-03-25,37.23,37.78,37.98,36.96,124038,66664298.0,2.72,0.72,0.27,1.26,SZ002697
1520,2019-03-26,37.85,36.89,37.98,36.76,114727,61109093.0,3.23,-2.36,-0.89,1.16,SZ002697
1521,2019-03-27,37.44,38.8,39.0,37.44,342837,188022602.0,4.23,5.18,1.91,3.48,SZ002697
1522,2019-03-28,38.59,39.0,40.23,38.59,323076,182496416.0,4.23,0.52,0.2,3.28,SZ002697
1523,2019-03-29,39.68,39.95,40.16,38.66,266206,150803802.0,3.85,2.44,0.95,2.7,SZ002697
1524,2019-04-01,40.43,40.43,40.97,39.89,286553,166125536.0,2.7,1.2,0.48,2.9,SZ002697
1525,2019-04-02,40.5,40.09,40.91,39.82,178285,102515887.0,2.7,-0.84,-0.34,1.81,SZ002697
1526,2019-04-03,39.89,40.57,41.11,39.82,217580,126353170.0,3.22,1.2,0.48,2.21,SZ002697
1527,2019-04-04,40.57,40.77,42.06,40.43,215025,126409921.0,4.02,0.49,0.2,2.18,SZ002697
1528,2019-04-08,41.18,41.86,42.2,40.97,298825,178014900.0,3.02,2.67,1.09,3.03,SZ002697
1529,2019-04-09,42.2,41.59,42.2,41.18,178413,106388348.0,2.44,-0.65,-0.27,1.81,SZ002697
1530,2019-04-10,41.72,41.72,42.4,41.52,174571,104633692.0,2.12,0.31,0.13,1.77,SZ002697
1531,2019-04-11,41.59,40.77,41.86,40.29,215558,126463346.0,3.76,-2.28,-0.95,2.19,SZ002697
1532,2019-04-12,40.97,41.65,42.06,40.16,245848,145218085.0,4.66,2.16,0.88,2.49,SZ002697
1533,2019-04-15,42.27,40.63,42.54,40.5,183048,108423307.0,4.9,-2.45,-1.02,1.86,SZ002697
1534,2019-04-16,40.16,40.97,41.31,40.16,129951,76064027.0,2.83,0.84,0.34,1.32,SZ002697
1535,2019-04-17,40.97,40.91,41.25,40.7,97118,56983217.0,1.34,-0.15,-0.06,0.98,SZ002697
1536,2019-04-18,41.18,40.77,41.72,40.63,122417,72133364.0,2.66,-0.34,-0.14,1.24,SZ002697
1537,2019-04-19,41.11,41.18,41.31,40.7,104359,61337110.0,1.5,1.01,0.41,1.06,SZ002697
1538,2019-04-22,41.31,40.57,41.45,40.5,97278,57141827.0,2.31,-1.48,-0.61,0.99,SZ002697
1539,2019-04-23,40.84,40.02,40.91,39.95,88870,51530373.0,2.37,-1.36,-0.55,0.9,SZ002697
1540,2019-04-24,40.02,41.18,41.52,40.02,153950,90672036.0,3.75,2.9,1.16,1.56,SZ002697
1541,2019-04-25,41.18,39.82,41.65,39.75,118726,69598990.0,4.61,-3.3,-1.36,1.2,SZ002697
1542,2019-04-26,40.02,39.95,40.29,39.34,111600,63692658.0,2.39,0.33,0.13,1.13,SZ002697
1543,2019-04-29,39.82,40.57,41.45,39.34,153386,89308925.0,5.28,1.55,0.62,1.55,SZ002697
1544,2019-04-30,40.23,42.4,42.54,40.23,223862,134485416.0,5.69,4.51,1.83,2.27,SZ002697
1545,2019-05-06,41.45,39.41,42.06,39.21,195667,113896023.0,6.72,-7.05,-2.99,1.98,SZ002697
1546,2019-05-07,39.55,41.18,41.79,39.55,229060,133669364.0,5.68,4.49,1.77,2.32,SZ002697
1547,2019-05-08,40.36,39.55,40.91,39.48,191720,110312901.0,3.47,-3.96,-1.63,1.94,SZ002697
1548,2019-05-09,39.21,38.46,39.27,37.85,158628,87132367.0,3.59,-2.76,-1.09,1.61,SZ002697
1549,2019-05-10,38.59,41.04,41.72,38.59,228853,132781372.0,8.14,6.71,2.58,2.32,SZ002697
1550,2019-05-13,40.91,41.72,41.99,40.63,149032,88422058.0,3.31,1.66,0.68,1.51,SZ002697
1551,2019-05-14,40.72,40.45,41.61,39.91,138806,80050199.0,4.07,-3.04,-1.27,1.41,SZ002697
1552,2019-05-15,40.65,43.17,43.71,40.65,294095,177423087.0,7.56,6.72,2.72,2.98,SZ002697
1553,2019-05-16,42.76,43.24,43.65,42.29,192831,118081326.0,3.15,0.16,0.07,1.95,SZ002697
1554,2019-05-17,43.58,42.42,43.78,42.15,196835,119727724.0,3.77,-1.9,-0.82,2.0,SZ002697
1555,2019-05-20,41.88,42.97,43.24,40.86,158654,95417141.0,5.61,1.3,0.55,1.61,SZ002697
1556,2019-05-21,43.17,42.76,43.24,42.22,124764,75940021.0,2.37,-0.49,-0.21,1.26,SZ002697
1557,2019-05-22,42.83,42.35,43.03,41.88,95511,57634220.0,2.69,-0.96,-0.41,0.97,SZ002697
1558,2019-05-23,42.42,41.2,42.49,40.52,116027,68221199.0,4.65,-2.72,-1.15,1.18,SZ002697
1559,2019-05-24,40.93,41.33,42.01,40.52,107058,62835737.0,3.62,0.32,0.13,1.09,SZ002697
1560,2019-05-27,41.54,41.88,42.01,40.72,81313,48136662.0,3.12,1.33,0.55,0.82,SZ002697
1561,2019-05-28,41.74,41.33,42.01,41.2,71472,42217506.0,1.93,-1.31,-0.55,0.72,SZ002697
1562,2019-05-29,41.27,42.01,42.49,41.06,98500,58662222.0,3.46,1.65,0.68,1.0,SZ002697
1563,2019-05-30,41.47,42.83,42.9,41.4,115909,69634796.0,3.57,1.95,0.82,1.18,SZ002697
1564,2019-05-31,42.76,42.29,43.24,42.08,86219,52235985.0,2.71,-1.26,-0.54,0.87,SZ002697
1565,2019-06-03,42.29,42.97,43.78,41.74,148118,90714029.0,4.82,1.61,0.68,1.5,SZ002697
1566,2019-06-04,42.56,42.35,43.58,42.01,94816,57625608.0,3.65,-1.44,-0.62,0.96,SZ002697
1567,2019-06-05,42.35,43.58,43.92,42.35,150069,92788315.0,3.71,2.9,1.23,1.52,SZ002697
1568,2019-06-06,43.78,42.9,43.99,42.9,112103,69255796.0,2.5,-1.56,-0.68,1.14,SZ002697
1569,2019-06-10,42.97,43.44,43.78,42.97,74423,45888399.0,1.89,1.26,0.54,0.75,SZ002697
1570,2019-06-11,43.17,43.85,43.92,43.1,152030,94198957.0,1.89,0.94,0.41,1.54,SZ002697
1571,2019-06-12,43.58,43.44,43.92,43.03,68184,42110524.0,2.03,-0.94,-0.41,0.69,SZ002697
1572,2019-06-13,43.44,42.97,43.51,42.35,74357,45365576.0,2.67,-1.08,-0.47,0.75,SZ002697
1573,2019-06-14,42.97,42.56,43.37,42.56,64542,39402505.0,1.89,-0.95,-0.41,0.65,SZ002697
1574,2019-06-17,42.83,42.56,43.03,42.35,36600,22192372.0,1.6,0.0,0.0,0.37,SZ002697
1575,2019-06-18,42.42,42.56,42.76,42.29,32999,19951604.0,1.1,0.0,0.0,0.33,SZ002697
1576,2019-06-19,42.97,42.49,43.24,42.42,55123,33466202.0,1.93,-0.16,-0.07,0.56,SZ002697
1577,2019-06-20,42.42,43.58,43.78,42.08,123971,76227556.0,4.0,2.57,1.09,1.26,SZ002697
1578,2019-06-21,43.65,43.85,43.99,43.31,70398,43717025.0,1.56,0.62,0.27,0.71,SZ002697
1579,2019-06-24,43.71,44.53,45.41,43.51,113709,71841750.0,4.33,1.55,0.68,1.15,SZ002697
1580,2019-06-25,44.46,44.19,44.53,43.51,62774,39287563.0,2.29,-0.76,-0.34,0.64,SZ002697
1581,2019-06-26,44.33,45.41,45.96,43.99,146461,94306136.0,4.46,2.76,1.22,1.48,SZ002697
1582,2019-06-27,45.96,45.41,45.96,44.8,104593,67522435.0,2.55,0.0,0.0,1.06,SZ002697
1583,2019-06-28,45.14,45.41,46.37,45.14,95184,61898602.0,2.71,0.0,0.0,0.96,SZ002697
1584,2019-07-01,46.09,45.82,46.09,45.41,118044,76783564.0,1.5,0.9,0.41,1.09,SZ002697
1585,2019-07-02,45.69,45.82,46.64,45.28,125101,81826131.0,2.97,0.0,0.0,1.16,SZ002697
1586,2019-07-03,45.89,45.35,46.3,45.01,97023,63017628.0,2.82,-1.03,-0.47,0.9,SZ002697
1587,2019-07-04,45.62,45.35,46.09,45.01,69151,44807430.0,2.38,0.0,0.0,0.64,SZ002697
1588,2019-07-05,46.91,44.39,46.91,44.12,137568,88046169.0,6.15,-2.12,-0.96,1.28,SZ002697
1589,2019-07-08,44.46,43.17,44.46,42.83,108458,67004857.0,3.67,-2.75,-1.22,1.01,SZ002697
1590,2019-07-09,43.17,43.31,43.58,42.63,91065,55774676.0,2.2,0.32,0.14,0.84,SZ002697
1591,2019-07-10,43.44,43.1,43.58,42.83,45951,28195319.0,1.73,-0.48,-0.21,0.43,SZ002697
1592,2019-07-11,43.31,43.44,43.65,43.03,55712,34378580.0,1.44,0.79,0.34,0.52,SZ002697
1593,2019-07-12,43.51,43.44,43.58,42.97,50353,31091591.0,1.4,0.0,0.0,0.47,SZ002697
1594,2019-07-15,43.92,44.8,45.14,43.58,129060,81925675.0,3.59,3.13,1.36,1.2,SZ002697
1595,2019-07-16,44.94,46.09,46.98,44.6,200868,131997409.0,5.31,2.88,1.29,1.86,SZ002697
1596,2019-07-17,46.64,46.5,47.05,46.09,147206,97737592.0,2.08,0.89,0.41,1.37,SZ002697
1597,2019-07-18,46.77,45.96,47.32,45.89,125903,83421105.0,3.08,-1.16,-0.54,1.17,SZ002697
1598,2019-07-19,46.71,46.09,46.98,45.69,95366,62898831.0,2.81,0.28,0.13,0.88,SZ002697
1599,2019-07-22,45.82,45.41,46.64,45.01,92174,60064558.0,3.54,-1.48,-0.68,0.85,SZ002697
1600,2019-07-23,45.41,47.18,47.66,45.35,200140,133958542.0,5.09,3.9,1.77,1.86,SZ002697
1601,2019-07-24,47.18,46.91,47.32,46.43,112018,74789486.0,1.89,-0.57,-0.27,1.04,SZ002697
1602,2019-07-25,47.18,47.86,48.13,47.11,128402,87438209.0,2.17,2.03,0.95,1.19,SZ002697
1603,2019-07-26,47.11,47.52,47.79,46.98,74327,50197531.0,1.69,-0.71,-0.34,0.69,SZ002697
1604,2019-07-29,47.66,48.34,48.47,47.18,111942,76582471.0,2.71,1.73,0.82,1.04,SZ002697
1605,2019-07-30,48.41,47.93,48.61,47.73,84443,58016786.0,1.82,-0.85,-0.41,0.78,SZ002697
1606,2019-07-31,47.86,48.0,48.54,47.45,101009,69186286.0,2.27,0.15,0.07,0.94,SZ002697
1607,2019-08-01,47.66,47.45,47.93,47.18,76775,52001967.0,1.56,-1.15,-0.55,0.71,SZ002697
1608,2019-08-02,46.77,47.39,47.66,46.43,82841,55750619.0,2.59,-0.13,-0.06,0.77,SZ002697
1609,2019-08-05,47.32,46.3,47.86,45.96,110036,73429801.0,4.01,-2.3,-1.09,1.02,SZ002697
1610,2019-08-06,45.69,45.89,46.37,44.8,105008,68227012.0,3.39,-0.89,-0.41,0.97,SZ002697
1611,2019-08-07,46.03,46.16,46.43,45.01,115381,75486559.0,3.09,0.59,0.27,1.07,SZ002697
1612,2019-08-08,46.16,45.89,46.5,45.48,97204,63706331.0,2.21,-0.58,-0.27,0.9,SZ002697
1613,2019-08-09,46.09,44.8,46.23,44.73,80232,51765334.0,3.27,-2.38,-1.09,0.74,SZ002697
1614,2019-08-12,46.03,45.96,46.03,44.94,77396,50164658.0,2.43,2.59,1.16,0.72,SZ002697
1615,2019-08-13,45.55,45.41,45.62,45.07,46199,29781845.0,1.2,-1.2,-0.55,0.43,SZ002697
1616,2019-08-14,45.82,45.41,46.23,45.21,79616,51809130.0,2.25,0.0,0.0,0.74,SZ002697
1617,2019-08-15,44.8,45.35,45.62,43.78,92752,58997948.0,4.05,-0.13,-0.06,0.86,SZ002697
1618,2019-08-16,45.35,45.14,45.35,44.8,65069,41773127.0,1.21,-0.46,-0.21,0.6,SZ002697
1619,2019-08-19,46.23,48.13,48.75,46.23,289223,197173696.0,5.58,6.62,2.99,2.68,SZ002697
1620,2019-08-20,48.47,47.73,48.68,47.45,162197,111102710.0,2.56,-0.83,-0.4,1.5,SZ002697
1621,2019-08-21,47.86,48.0,48.61,47.32,138303,94541052.0,2.7,0.57,0.27,1.28,SZ002697
1622,2019-08-22,48.13,47.66,48.2,47.25,111556,75765290.0,1.98,-0.71,-0.34,1.03,SZ002697
1623,2019-08-23,47.66,47.79,47.93,47.39,59013,40177617.0,1.13,0.27,0.13,0.55,SZ002697
1624,2019-08-26,46.91,48.47,48.68,46.77,121705,83579955.0,4.0,1.42,0.68,1.13,SZ002697
1625,2019-08-27,48.34,47.79,49.15,47.52,175440,120418597.0,3.36,-1.4,-0.68,1.63,SZ002697
1626,2019-08-28,48.27,48.07,49.15,47.59,138286,95407126.0,3.26,0.59,0.28,1.28,SZ002697
1627,2019-08-29,48.07,48.13,48.34,47.59,79436,54424029.0,1.56,0.12,0.06,0.74,SZ002697
1628,2019-08-30,48.41,47.79,48.47,47.39,70140,47889564.0,2.24,-0.71,-0.34,0.65,SZ002697
1629,2019-09-02,47.59,49.02,49.22,47.59,122871,85247664.0,3.41,2.57,1.23,1.14,SZ002697
1630,2019-09-03,48.88,49.29,49.36,48.27,89330,62332676.0,2.22,0.55,0.27,0.83,SZ002697
1631,2019-09-04,49.43,49.63,50.24,48.88,110263,77882703.0,2.76,0.69,0.34,1.02,SZ002697
1632,2019-09-05,49.63,49.56,50.04,49.29,87921,62377860.0,1.51,-0.14,-0.07,0.82,SZ002697
1633,2019-09-06,49.43,50.17,50.24,49.43,72175,51375201.0,1.63,1.23,0.61,0.67,SZ002697
1634,2019-09-09,50.38,49.43,50.38,49.02,118198,83502275.0,2.71,-1.47,-0.74,1.1,SZ002697
1635,2019-09-10,49.36,50.72,50.85,48.95,144255,103171381.0,3.84,2.61,1.29,1.34,SZ002697
1636,2019-09-11,50.72,50.11,50.99,49.7,109242,78068970.0,2.54,-1.2,-0.61,1.01,SZ002697
1637,2019-09-12,50.11,50.04,50.24,49.7,57548,41086742.0,1.08,-0.14,-0.07,0.53,SZ002697
1638,2019-09-16,49.97,50.04,50.58,49.7,58268,41652560.0,1.76,0.0,0.0,0.54,SZ002697
1639,2019-09-17,49.7,49.36,50.04,48.95,70389,49663655.0,2.18,-1.36,-0.68,0.65,SZ002697
1640,2019-09-18,49.43,50.31,50.58,49.29,106232,76016593.0,2.61,1.92,0.95,0.99,SZ002697
1641,2019-09-19,50.58,51.74,51.74,50.38,143139,104615330.0,2.7,2.84,1.43,1.33,SZ002697
1642,2019-09-20,51.81,51.87,51.94,50.79,102390,75145793.0,2.22,0.25,0.13,0.95,SZ002697
1643,2019-09-23,51.67,50.92,51.74,50.51,85719,62446040.0,2.37,-1.83,-0.95,0.8,SZ002697
1644,2019-09-24,51.4,51.87,52.21,50.92,94347,69774983.0,2.53,1.87,0.95,0.88,SZ002697
1645,2019-09-25,52.28,53.03,54.05,51.74,236709,179191476.0,4.45,2.24,1.16,2.2,SZ002697
1646,2019-09-26,53.44,52.21,53.51,51.81,124729,93743965.0,3.21,-1.55,-0.82,1.16,SZ002697
1647,2019-09-27,52.42,51.87,52.76,51.26,94593,70101075.0,2.87,-0.65,-0.34,0.88,SZ002697
1648,2019-09-30,51.47,52.08,52.55,51.47,74059,55376366.0,2.08,0.4,0.21,0.69,SZ002697
1649,2019-10-08,52.21,51.94,53.37,51.6,99487,74745802.0,3.4,-0.27,-0.14,0.92,SZ002697
1650,2019-10-09,51.87,51.81,52.28,50.92,91151,67178245.0,2.62,-0.25,-0.13,0.85,SZ002697
1651,2019-10-10,51.87,52.42,52.49,51.4,80625,60101665.0,2.1,1.18,0.61,0.75,SZ002697
1652,2019-10-11,54.46,53.57,55.0,52.62,223420,171432204.0,4.54,2.19,1.15,2.07,SZ002697
1653,2019-10-14,53.71,55.0,55.55,52.62,196838,150919024.0,5.47,2.67,1.43,1.83,SZ002697
1654,2019-10-15,54.39,53.78,54.53,53.37,135248,104350422.0,2.11,-2.22,-1.22,1.25,SZ002697
1655,2019-10-16,53.71,55.89,56.91,53.71,247151,196774483.0,5.95,3.92,2.11,2.29,SZ002697
1656,2019-10-17,55.75,56.5,57.04,55.41,153147,123395216.0,2.92,1.09,0.61,1.42,SZ002697
1657,2019-10-18,56.5,59.97,60.58,56.16,425471,360526032.0,7.82,6.14,3.47,3.95,SZ002697
1658,2019-10-21,60.03,56.02,62.35,55.14,492017,411051488.0,12.02,-6.59,-3.95,4.56,SZ002697
1659,2019-10-22,56.5,58.13,58.33,53.98,333598,267113478.0,7.77,3.77,2.11,3.09,SZ002697
1660,2019-10-23,57.04,58.4,59.83,55.89,297443,246620919.0,6.78,0.46,0.27,2.76,SZ002697
1661,2019-10-24,57.72,56.91,59.56,56.5,205923,170522515.0,5.24,-2.55,-1.49,1.91,SZ002697
1662,2019-10-25,56.16,55.61,56.84,55.07,200719,160322709.0,3.11,-2.28,-1.3,1.86,SZ002697
1663,2019-10-28,54.8,56.09,56.5,54.73,163806,131501522.0,3.18,0.86,0.48,1.52,SZ002697
1664,2019-10-29,55.82,55.68,57.45,55.14,193086,155400154.0,4.12,-0.73,-0.41,1.79,SZ002697
1665,2019-10-30,55.82,58.74,59.01,55.34,275078,226601035.0,6.59,5.5,3.06,2.55,SZ002697
1666,2019-10-31,58.2,59.56,59.83,57.72,201300,169176426.0,3.59,1.4,0.82,1.87,SZ002697
1667,2019-11-01,58.95,58.81,59.56,58.33,161795,136873403.0,2.07,-1.26,-0.75,1.5,SZ002697
1668,2019-11-04,58.33,58.2,59.69,57.45,230964,193080911.0,3.81,-1.04,-0.61,2.14,SZ002697
1669,2019-11-05,57.99,58.13,58.61,57.52,165789,138162674.0,1.87,-0.12,-0.07,1.54,SZ002697
1670,2019-11-06,57.86,58.81,59.01,56.97,224448,186362881.0,3.51,1.17,0.68,2.08,SZ002697
1671,2019-11-07,58.4,57.99,58.74,57.65,114231,95098359.0,1.85,-1.39,-0.82,1.06,SZ002697
1672,2019-11-08,57.99,56.77,58.54,56.7,157464,129721728.0,3.17,-2.1,-1.22,1.46,SZ002697
1673,2019-11-11,56.16,52.55,56.16,52.28,349669,268437600.0,6.83,-7.43,-4.22,3.24,SZ002697
1674,2019-11-12,52.55,52.83,53.44,51.87,157208,118573609.0,2.99,0.53,0.28,1.46,SZ002697
1675,2019-11-13,52.76,53.37,54.53,52.62,144990,111290893.0,3.62,1.02,0.54,1.34,SZ002697
1676,2019-11-14,53.1,54.05,54.73,53.1,113913,88142270.0,3.05,1.27,0.68,1.06,SZ002697
1677,2019-11-15,54.46,52.42,54.59,52.42,136467,103969323.0,4.01,-3.02,-1.63,1.27,SZ002697
1678,2019-11-18,52.69,53.51,53.57,51.81,111007,83876929.0,3.36,2.08,1.09,1.03,SZ002697
1679,2019-11-19,53.3,54.46,54.93,52.69,142170,110207581.0,4.19,1.78,0.95,1.32,SZ002697
1680,2019-11-20,54.05,54.39,55.0,53.78,132875,103566457.0,2.24,-0.13,-0.07,1.23,SZ002697
1681,2019-11-21,54.12,55.0,55.21,53.85,98257,76926489.0,2.5,1.12,0.61,0.91,SZ002697
1682,2019-11-22,54.73,53.85,55.0,53.1,137867,106738038.0,3.45,-2.09,-1.15,1.28,SZ002697
1683,2019-11-25,53.91,54.25,54.46,53.23,78820,61050721.0,2.28,0.74,0.4,0.73,SZ002697
1684,2019-11-26,54.46,54.25,54.8,53.85,73961,57505862.0,1.75,0.0,0.0,0.69,SZ002697
1685,2019-11-27,54.53,54.66,55.14,54.19,58261,45674924.0,1.75,0.76,0.41,0.54,SZ002697
1686,2019-11-28,54.73,55.48,56.16,54.46,105102,83635327.0,3.11,1.5,0.82,0.97,SZ002697
1687,2019-11-29,55.27,55.41,56.09,54.59,66898,52807067.0,2.7,-0.13,-0.07,0.62,SZ002697
1688,2019-12-02,55.82,55.48,55.82,54.93,58318,46217133.0,1.61,0.13,0.07,0.54,SZ002697
1689,2019-12-03,55.55,57.31,57.59,55.41,159010,129394555.0,3.93,3.3,1.83,1.47,SZ002697
1690,2019-12-04,56.91,57.86,58.06,56.77,96779,80020041.0,2.25,0.96,0.55,0.9,SZ002697
1691,2019-12-05,58.2,57.59,58.33,57.45,90417,74724259.0,1.52,-0.47,-0.27,0.84,SZ002697
1692,2019-12-06,57.65,57.93,58.13,57.31,81443,67558262.0,1.42,0.59,0.34,0.76,SZ002697
1693,2019-12-09,58.4,57.72,58.88,57.31,87145,72493377.0,2.71,-0.36,-0.21,0.81,SZ002697
1694,2019-12-10,57.59,57.72,58.47,57.31,80702,66749826.0,2.01,0.0,0.0,0.75,SZ002697
1695,2019-12-11,57.79,57.31,57.79,57.04,75758,62292235.0,1.3,-0.71,-0.41,0.7,SZ002697
1696,2019-12-12,57.31,56.97,57.79,56.84,77944,63975761.0,1.66,-0.59,-0.34,0.72,SZ002697
1697,2019-12-13,57.45,57.25,57.79,57.04,66250,54468318.0,1.32,0.49,0.28,0.61,SZ002697
1698,2019-12-16,57.25,57.65,58.2,57.18,125909,103939980.0,1.78,0.7,0.4,1.17,SZ002697
1699,2019-12-17,57.59,55.75,57.59,53.78,358000,282492896.0,6.61,-3.3,-1.9,3.32,SZ002697
1700,2019-12-18,55.07,54.46,55.07,54.19,162163,126663451.0,1.58,-2.31,-1.29,1.5,SZ002697
1701,2019-12-19,54.39,54.39,54.73,54.12,105724,82345892.0,1.12,-0.13,-0.07,0.98,SZ002697
1702,2019-12-20,54.59,54.39,54.87,54.19,109104,85183911.0,1.25,0.0,0.0,1.01,SZ002697
1703,2019-12-23,54.46,53.51,54.46,53.23,96250,73969094.0,2.26,-1.62,-0.88,0.89,SZ002697
1704,2019-12-24,53.51,53.78,53.78,53.3,53520,41020137.0,0.9,0.5,0.27,0.5,SZ002697
1705,2019-12-25,53.78,53.44,53.78,53.17,54856,41954450.0,1.13,-0.63,-0.34,0.51,SZ002697
1706,2019-12-26,53.44,52.35,53.51,51.74,138537,103575618.0,3.31,-2.04,-1.09,1.28,SZ002697
1707,2019-12-27,52.15,52.55,53.03,52.15,106712,80320281.0,1.68,0.38,0.2,0.99,SZ002697
1708,2019-12-30,52.49,52.28,52.49,51.47,98597,73259604.0,1.94,-0.51,-0.27,0.91,SZ002697
1709,2019-12-31,52.35,52.76,53.17,52.28,104748,79283294.0,1.7,0.92,0.48,0.97,SZ002697
1710,2020-01-02,53.17,53.51,53.91,52.62,152102,115852952.0,2.45,1.42,0.75,1.41,SZ002697
1711,2020-01-03,53.64,53.57,54.12,53.51,99966,77002632.0,1.14,0.11,0.06,0.93,SZ002697
1712,2020-01-06,53.51,53.44,54.12,53.23,131750,101287426.0,1.66,-0.24,-0.13,1.22,SZ002697
1713,2020-01-07,53.44,53.57,53.85,53.17,88216,67394456.0,1.27,0.24,0.13,0.82,SZ002697
1714,2020-01-08,53.37,52.42,53.37,52.28,127164,95652915.0,2.03,-2.15,-1.15,1.18,SZ002697
1715,2020-01-09,52.55,53.71,53.78,52.42,158495,120469404.0,2.59,2.46,1.29,1.47,SZ002697
1716,2020-01-10,54.19,54.46,55.41,53.78,223747,175387047.0,3.03,1.4,0.75,2.08,SZ002697
1717,2020-01-13,54.32,54.8,55.21,54.05,120640,94475137.0,2.13,0.62,0.34,1.12,SZ002697
1718,2020-01-14,54.87,54.12,55.07,53.98,92913,72172147.0,1.99,-1.24,-0.68,0.86,SZ002697
1719,2020-01-15,54.12,54.32,54.8,53.64,68948,53446922.0,2.14,0.37,0.2,0.64,SZ002697
1720,2020-01-16,54.12,53.71,54.32,53.44,75432,58028505.0,1.62,-1.12,-0.61,0.7,SZ002697
1721,2020-01-17,53.51,53.71,54.05,53.44,58641,45095039.0,1.14,0.0,0.0,0.54,SZ002697
1722,2020-01-20,53.57,53.98,54.05,52.89,61188,46879818.0,2.16,0.5,0.27,0.57,SZ002697
1723,2020-01-21,54.19,52.49,54.25,52.42,100526,76191096.0,3.39,-2.76,-1.49,0.93,SZ002697
1724,2020-01-22,52.76,53.57,53.71,50.38,121815,91859414.0,6.34,2.06,1.08,1.13,SZ002697
1725,2020-01-23,52.76,50.79,53.64,49.83,128965,95295151.0,7.11,-5.19,-2.78,1.2,SZ002697
1726,2020-02-03,45.82,47.52,49.63,45.82,207541,139653105.0,7.5,-6.44,-3.27,1.92,SZ002697
1727,2020-02-04,47.45,50.92,51.19,47.45,221950,158560761.0,7.87,7.15,3.4,2.06,SZ002697
1728,2020-02-05,51.13,50.24,51.53,49.83,185182,133878232.0,3.34,-1.34,-0.68,1.72,SZ002697
1729,2020-02-06,50.65,55.14,55.14,50.45,291998,224554624.0,9.34,9.75,4.9,2.71,SZ002697
1730,2020-02-07,55.68,57.38,57.86,54.87,372074,300897872.0,5.42,4.06,2.24,3.45,SZ002697
1731,2020-02-10,57.18,58.06,59.9,56.43,341591,286374896.0,6.05,1.19,0.68,3.17,SZ002697
1732,2020-02-11,58.81,56.43,59.15,56.16,259140,212276916.0,5.15,-2.81,-1.63,2.4,SZ002697
1733,2020-02-12,57.31,56.7,57.59,55.41,197590,159799719.0,3.86,0.48,0.27,1.83,SZ002697
1734,2020-02-13,56.63,55.55,56.84,55.48,130796,104793753.0,2.4,-2.03,-1.15,1.21,SZ002697
1735,2020-02-14,55.68,55.68,56.02,54.93,135816,107930236.0,1.96,0.23,0.13,1.26,SZ002697
1736,2020-02-17,55.68,56.5,56.84,55.14,160128,128927661.0,3.05,1.47,0.82,1.49,SZ002697
1737,2020-02-18,57.18,56.02,57.18,55.14,169966,136444495.0,3.61,-0.85,-0.48,1.58,SZ002697
1738,2020-02-19,55.82,55.41,56.16,55.14,110161,87767655.0,1.82,-1.09,-0.61,1.02,SZ002697
1739,2020-02-20,55.34,55.82,56.36,54.66,162424,129055680.0,3.07,0.74,0.41,1.51,SZ002697
1740,2020-02-21,56.16,55.82,56.16,55.27,96896,77242495.0,1.59,0.0,0.0,0.9,SZ002697
1741,2020-02-24,55.75,55.27,55.75,54.59,128615,101465449.0,2.08,-0.99,-0.55,1.19,SZ002697
1742,2020-02-25,53.64,57.38,57.52,53.57,315682,255414282.0,7.15,3.82,2.11,2.93,SZ002697
1743,2020-02-26,56.77,56.5,58.4,56.23,220533,180831138.0,3.78,-1.53,-0.88,2.05,SZ002697
1744,2020-02-27,57.11,58.54,59.01,56.84,257105,214963082.0,3.84,3.61,2.04,2.38,SZ002697
1745,2020-02-28,57.45,57.93,60.03,57.25,301468,252899554.0,4.75,-1.04,-0.61,2.8,SZ002697
1746,2020-03-02,59.35,61.8,62.21,58.27,321726,281884368.0,6.8,6.68,3.87,2.98,SZ002697
1747,2020-03-03,63.16,61.73,63.64,60.58,307786,272634256.0,4.95,-0.11,-0.07,2.85,SZ002697
1748,2020-03-04,61.67,65.61,66.97,61.05,401925,372014624.0,9.59,6.29,3.88,3.73,SZ002697
1749,2020-03-05,64.25,64.39,69.35,63.3,596140,564867504.0,9.22,-1.86,-1.22,5.53,SZ002697
1750,2020-03-06,63.37,65.81,67.31,63.37,334756,315865232.0,6.12,2.21,1.42,3.1,SZ002697
1751,2020-03-09,67.04,65.47,68.06,64.59,265615,253483121.0,5.27,-0.52,-0.34,2.46,SZ002697
1752,2020-03-10,64.39,64.86,67.04,62.69,268499,249686754.0,6.64,-0.93,-0.61,2.49,SZ002697
1753,2020-03-11,65.68,63.37,65.95,63.16,208385,191102880.0,4.3,-2.3,-1.49,1.93,SZ002697
1754,2020-03-12,62.21,61.94,63.3,60.58,163918,145774726.0,4.29,-2.26,-1.43,1.52,SZ002697
1755,2020-03-13,59.29,62.48,63.5,59.22,178094,157111842.0,6.91,0.87,0.54,1.65,SZ002697
1756,2020-03-16,62.62,59.69,64.11,59.08,208421,183058261.0,8.05,-4.47,-2.79,1.93,SZ002697
1757,2020-03-17,59.56,58.27,60.85,56.63,165666,139765059.0,7.07,-2.38,-1.42,1.54,SZ002697
1758,2020-03-18,59.83,57.79,60.24,57.25,140514,118503648.0,5.13,-0.82,-0.48,1.3,SZ002697
1759,2020-03-19,58.67,60.51,61.8,58.67,180851,156236619.0,5.42,4.71,2.72,1.68,SZ002697
1760,2020-03-20,61.12,60.99,61.6,59.42,150145,130690538.0,3.6,0.79,0.48,1.39,SZ002697
1761,2020-03-23,58.95,59.15,60.58,58.27,90055,76832733.0,3.79,-3.02,-1.84,0.84,SZ002697
1762,2020-03-24,60.24,63.71,63.84,59.9,227890,204908080.0,6.66,7.71,4.56,2.11,SZ002697
1763,2020-03-25,64.86,64.59,66.02,62.89,276631,256848672.0,4.91,1.38,0.88,2.57,SZ002697
1764,2020-03-26,64.18,63.3,64.86,63.09,159972,146482138.0,2.74,-2.0,-1.29,1.48,SZ002697
1765,2020-03-27,63.98,64.32,65.61,63.23,182764,168962605.0,3.76,1.61,1.02,1.7,SZ002697
1766,2020-03-30,63.84,63.5,65.47,62.75,169950,156199402.0,4.23,-1.27,-0.82,1.58,SZ002697
1767,2020-03-31,63.84,67.58,67.65,63.37,320844,302645216.0,6.74,6.43,4.08,2.98,SZ002697
1768,2020-04-01,66.7,65.95,67.31,64.66,329256,312368848.0,3.92,-2.41,-1.63,3.05,SZ002697
1769,2020-04-02,65.61,65.88,66.29,63.37,214473,200239208.0,4.43,-0.11,-0.07,1.99,SZ002697
1770,2020-04-03,65.95,65.95,67.65,65.61,233368,223964430.0,3.1,0.11,0.07,2.16,SZ002697
1771,2020-04-07,67.11,68.13,68.6,65.68,261026,253272709.0,4.43,3.31,2.18,2.42,SZ002697
1772,2020-04-08,67.51,68.6,69.62,67.17,218438,215659543.0,3.6,0.69,0.47,2.03,SZ002697
1773,2020-04-09,71.25,73.29,74.18,70.03,437308,455766544.0,6.05,6.84,4.69,4.06,SZ002697
1774,2020-04-10,73.29,70.71,74.18,70.44,219736,228552674.0,5.1,-3.52,-2.58,2.04,SZ002697
1775,2020-04-13,70.51,70.64,71.93,70.03,169127,172752295.0,2.69,-0.1,-0.07,1.57,SZ002697
1776,2020-04-14,70.64,71.53,72.34,70.37,169036,173888191.0,2.79,1.26,0.89,1.57,SZ002697
1777,2020-04-15,71.8,70.78,72.21,70.23,180158,183907793.0,2.77,-1.05,-0.75,1.67,SZ002697
1778,2020-04-16,70.44,70.64,71.25,69.49,152649,154980687.0,2.49,-0.2,-0.14,1.42,SZ002697
1779,2020-04-17,70.78,68.74,71.25,68.26,276466,275362032.0,4.23,-2.69,-1.9,2.56,SZ002697
1780,2020-04-20,68.94,70.44,70.91,67.92,182004,183133142.0,4.35,2.47,1.7,1.69,SZ002697
1781,2020-04-21,70.23,70.37,71.53,69.49,161198,164124704.0,2.9,-0.1,-0.07,1.5,SZ002697
1782,2020-04-22,70.51,71.46,71.87,69.62,218059,223474972.0,3.2,1.55,1.09,2.02,SZ002697
1783,2020-04-23,71.19,69.89,71.73,69.49,201572,204823892.0,3.13,-2.2,-1.57,1.87,SZ002697
1784,2020-04-24,69.69,70.17,70.64,69.01,122934,123949242.0,2.33,0.4,0.28,1.14,SZ002697
1785,2020-04-27,70.98,71.39,72.75,70.23,188311,193919575.0,3.59,1.74,1.22,1.75,SZ002697
1786,2020-04-28,71.32,70.17,71.8,69.01,248771,253093039.0,3.91,-1.71,-1.22,2.31,SZ002697
1787,2020-04-29,69.62,67.72,70.51,67.24,278845,274454768.0,4.66,-3.49,-2.45,2.59,SZ002697
1788,2020-04-30,67.45,68.6,69.28,67.45,191749,189153800.0,2.7,1.3,0.88,1.78,SZ002697
1789,2020-05-06,67.99,72.21,72.55,67.65,281674,286908848.0,7.14,5.26,3.61,2.61,SZ002697
1790,2020-05-07,72.21,71.46,72.55,70.85,136371,140492540.0,2.35,-1.04,-0.75,1.26,SZ002697
1791,2020-05-08,71.8,70.78,71.87,69.89,179270,182577128.0,2.77,-0.95,-0.68,1.66,SZ002697
1792,2020-05-11,71.46,71.39,72.07,70.17,143194,146502471.0,2.68,0.86,0.61,1.33,SZ002697
1793,2020-05-12,71.12,72.61,73.91,70.57,247765,258537765.0,4.68,1.71,1.22,2.3,SZ002697
1794,2020-05-13,72.14,73.63,73.77,71.19,141229,148099540.0,3.55,1.4,1.02,1.31,SZ002697
1795,2020-05-14,73.41,71.23,73.89,71.1,140647,144718919.0,3.79,-3.26,-2.4,1.3,SZ002697
1796,2020-05-15,71.37,70.08,71.71,70.01,150656,151684798.0,2.39,-1.61,-1.15,1.4,SZ002697
1797,2020-05-18,69.74,73.89,75.45,69.74,255774,267930781.0,8.15,5.44,3.81,2.37,SZ002697
1798,2020-05-19,74.97,76.47,76.74,73.55,204982,221958265.0,4.32,3.49,2.58,1.9,SZ002697
1799,2020-05-20,76.27,74.36,76.33,73.61,166316,178111179.0,3.56,-2.76,-2.11,1.54,SZ002697
1800,2020-05-21,74.84,72.87,74.91,72.39,134290,140691685.0,3.39,-2.0,-1.49,1.25,SZ002697
1801,2020-05-22,72.87,72.19,73.95,71.44,121743,125960616.0,3.44,-0.93,-0.68,1.13,SZ002697
1802,2020-05-25,72.93,75.45,77.35,72.32,209378,225978529.0,6.97,4.52,3.26,1.94,SZ002697
1803,2020-05-26,76.81,76.67,77.15,74.63,157212,171229198.0,3.34,1.62,1.22,1.46,SZ002697
1804,2020-05-27,76.54,76.27,77.42,75.11,131255,143035922.0,3.01,-0.52,-0.4,1.22,SZ002697
1805,2020-05-28,76.27,77.49,77.49,75.25,163332,179242124.0,2.94,1.6,1.22,1.51,SZ002697
1806,2020-05-29,77.22,77.9,79.87,77.01,224552,251947811.0,3.69,0.53,0.41,2.08,SZ002697
1807,2020-06-01,77.97,77.76,78.37,76.4,195629,216834306.0,2.53,-0.18,-0.14,1.81,SZ002697
1808,2020-06-02,77.63,76.33,78.17,75.38,193963,212584006.0,3.59,-1.84,-1.43,1.8,SZ002697
1809,2020-06-03,76.33,76.74,77.08,75.11,166223,181036308.0,2.58,0.54,0.41,1.54,SZ002697
1810,2020-06-04,76.33,76.74,78.03,74.91,150495,163824333.0,4.07,0.0,0.0,1.4,SZ002697
1811,2020-06-05,76.13,74.16,76.13,73.68,183153,195219702.0,3.19,-3.36,-2.58,1.7,SZ002697
1812,2020-06-08,74.16,70.49,74.23,70.35,266326,272837488.0,5.23,-4.95,-3.67,2.47,SZ002697
1813,2020-06-09,69.47,71.91,72.39,69.47,189898,193682823.0,4.14,2.01,1.42,1.76,SZ002697
1814,2020-06-10,71.71,71.1,72.87,70.62,157162,160295711.0,3.13,-1.13,-0.81,1.46,SZ002697
1815,2020-06-11,70.76,70.76,71.91,70.42,136145,137890357.0,2.1,-0.48,-0.34,1.26,SZ002697
1816,2020-06-12,70.01,72.19,72.87,69.81,168104,172497018.0,4.32,2.02,1.43,1.56,SZ002697
1817,2020-06-15,71.98,75.65,76.47,71.98,329437,356295760.0,6.22,4.79,3.46,3.06,SZ002697
1818,2020-06-16,75.86,77.29,77.76,74.97,212444,233356197.0,3.69,2.17,1.64,1.97,SZ002697
1819,2020-06-17,77.35,78.31,78.71,76.47,283566,316212672.0,2.9,1.32,1.02,2.63,SZ002697
1820,2020-06-18,78.31,76.54,78.71,76.4,116046,127975237.0,2.95,-2.26,-1.77,1.08,SZ002697
1821,2020-06-19,77.69,77.56,78.51,76.74,145030,161884869.0,2.31,1.33,1.02,1.35,SZ002697
1822,2020-06-22,77.69,77.56,79.12,76.67,134531,149777188.0,3.16,0.0,0.0,1.25,SZ002697
1823,2020-06-23,76.33,77.08,77.49,75.25,119502,130914601.0,2.89,-0.62,-0.48,1.11,SZ002697
1824,2020-06-24,77.29,75.86,78.44,75.72,109225,120092813.0,3.53,-1.58,-1.22,1.01,SZ002697
1825,2020-06-29,75.31,76.47,77.29,75.11,123370,134485739.0,2.87,0.8,0.61,1.14,SZ002697
1826,2020-06-30,77.29,76.27,77.29,75.38,164208,178114140.0,2.5,-0.26,-0.2,1.52,SZ002697
1827,2020-07-01,76.2,75.31,76.27,73.82,162305,173913787.0,3.21,-1.26,-0.96,1.51,SZ002697
1828,2020-07-02,75.65,74.57,76.33,74.16,203641,218328550.0,2.88,-0.98,-0.74,1.89,SZ002697
1829,2020-07-03,74.16,73.89,74.57,72.32,199897,210072827.0,3.02,-0.91,-0.68,1.85,SZ002697
1830,2020-07-06,74.5,75.59,75.59,73.61,273131,291285072.0,2.68,2.3,1.7,2.53,SZ002697
1831,2020-07-07,75.59,76.33,76.95,73.75,321738,347519216.0,4.23,0.98,0.74,2.98,SZ002697
1832,2020-07-08,76.27,74.5,76.27,73.75,312706,332793792.0,3.3,-2.4,-1.83,2.9,SZ002697
1833,2020-07-09,74.16,77.83,78.44,73.68,470176,517298400.0,6.39,4.47,3.33,4.36,SZ002697
1834,2020-07-10,78.17,85.45,85.45,77.49,468163,542494080.0,10.23,9.79,7.62,4.34,SZ002697
1835,2020-07-13,93.81,92.38,93.81,88.1,1224296,1624824576.0,6.68,8.11,6.93,11.35,SZ002697
1836,2020-07-14,86.67,83.41,91.02,83.34,822084,1018570016.0,8.31,-9.71,-8.97,7.62,SZ002697
1837,2020-07-15,79.87,80.75,84.7,79.39,501912,587208256.0,6.37,-3.19,-2.66,4.65,SZ002697
1838,2020-07-16,80.28,74.29,80.69,73.68,450427,497475648.0,8.68,-8.0,-6.46,4.18,SZ002697
1839,2020-07-17,75.04,75.99,77.97,75.04,370684,405705280.0,3.94,2.29,1.7,3.44,SZ002697
1840,2020-07-20,75.52,77.15,77.35,71.98,461181,488309744.0,7.07,1.53,1.16,4.28,SZ002697
1841,2020-07-21,76.33,76.95,77.35,75.04,286108,312800336.0,2.99,-0.26,-0.2,2.65,SZ002697
1842,2020-07-22,76.54,77.35,80.21,74.91,397052,440390352.0,6.89,0.52,0.4,3.68,SZ002697
1843,2020-07-23,75.72,75.25,76.81,73.48,347803,374203968.0,4.31,-2.71,-2.1,3.23,SZ002697
1844,2020-07-24,74.7,70.01,75.18,68.65,400556,411559728.0,8.68,-6.96,-5.24,3.71,SZ002697
1845,2020-07-27,70.01,70.08,71.1,69.06,174423,174542193.0,2.91,0.1,0.07,1.62,SZ002697
1846,2020-07-28,70.21,70.01,70.89,69.53,177803,178087226.0,1.94,-0.1,-0.07,1.65,SZ002697
1847,2020-07-29,69.74,71.17,71.44,69.74,229776,232334639.0,2.43,1.66,1.16,2.13,SZ002697
1848,2020-07-30,71.37,70.35,71.37,69.94,173019,173843901.0,2.01,-1.15,-0.82,1.6,SZ002697
1849,2020-07-31,70.28,70.35,70.76,69.4,186708,186973605.0,1.93,0.0,0.0,1.73,SZ002697
1850,2020-08-03,70.35,71.17,71.37,70.21,233245,236022233.0,1.65,1.17,0.82,2.16,SZ002697
1851,2020-08-04,71.17,72.93,73.21,70.89,277984,287239264.0,3.26,2.47,1.76,2.58,SZ002697
1852,2020-08-05,72.66,72.19,72.8,71.3,174301,179742837.0,2.06,-1.01,-0.74,1.62,SZ002697
1853,2020-08-06,72.19,70.89,72.19,70.01,192714,195162675.0,3.02,-1.8,-1.3,1.79,SZ002697
1854,2020-08-07,70.69,70.69,70.89,69.06,163773,163794259.0,2.58,-0.28,-0.2,1.52,SZ002697
1855,2020-08-10,70.21,71.3,71.71,69.53,159636,161777463.0,3.08,0.86,0.61,1.48,SZ002697
1856,2020-08-11,71.51,70.28,71.71,70.15,129962,131714253.0,2.19,-1.43,-1.02,1.21,SZ002697
1857,2020-08-12,70.28,69.67,70.76,68.04,173470,171381776.0,3.87,-0.87,-0.61,1.61,SZ002697
1858,2020-08-13,69.33,68.99,69.94,68.85,117252,115901386.0,1.56,-0.98,-0.68,1.09,SZ002697
1859,2020-08-14,68.99,69.13,69.33,68.11,88398,86873566.0,1.77,0.2,0.14,0.82,SZ002697
1860,2020-08-17,69.19,70.76,70.83,69.06,136827,137106838.0,2.56,2.36,1.63,1.27,SZ002697
1861,2020-08-18,69.4,69.33,70.01,68.65,369805,365361568.0,1.92,-2.02,-1.43,3.43,SZ002697
1862,2020-08-19,69.33,66.0,69.4,65.11,405818,390823104.0,6.19,-4.8,-3.33,3.76,SZ002697
1863,2020-08-20,65.25,63.35,65.39,62.87,368306,333956480.0,3.82,-4.02,-2.65,3.42,SZ002697
1864,2020-08-21,63.69,64.03,64.64,63.41,221216,201376785.0,1.94,1.07,0.68,2.05,SZ002697
1865,2020-08-24,64.09,64.98,65.25,63.07,164441,150338602.0,3.4,1.48,0.95,1.53,SZ002697
1866,2020-08-25,64.71,64.16,64.98,63.62,161148,147184913.0,2.09,-1.26,-0.82,1.49,SZ002697
1867,2020-08-26,63.96,62.12,63.96,61.85,218177,194835367.0,3.29,-3.18,-2.04,2.02,SZ002697
1868,2020-08-27,62.39,62.19,62.53,61.17,124903,109926938.0,2.19,0.11,0.07,1.16,SZ002697
1869,2020-08-28,61.65,63.28,63.75,61.51,192441,172279391.0,3.6,1.75,1.09,1.78,SZ002697
1870,2020-08-31,63.35,63.07,63.82,62.94,126404,114180292.0,1.39,-0.33,-0.21,1.17,SZ002697
1871,2020-09-01,62.73,62.12,62.87,61.71,129535,114429959.0,1.84,-1.51,-0.95,1.2,SZ002697
1872,2020-09-02,62.39,62.33,62.87,61.65,142751,126372384.0,1.96,0.34,0.21,1.32,SZ002697
1873,2020-09-03,62.05,61.44,62.33,61.37,127022,111567498.0,1.54,-1.43,-0.89,1.18,SZ002697
1874,2020-09-04,60.56,60.01,60.56,59.13,178238,151097595.0,2.33,-2.33,-1.43,1.65,SZ002697
1875,2020-09-07,60.01,60.29,61.44,59.54,174422,150495787.0,3.17,0.47,0.28,1.62,SZ002697
1876,2020-09-08,60.29,59.81,60.76,59.13,119880,101685972.0,2.7,-0.8,-0.48,1.11,SZ002697
1877,2020-09-09,59.54,58.65,59.54,58.25,113363,94790807.0,2.16,-1.94,-1.16,1.05,SZ002697
1878,2020-09-10,59.06,57.02,59.27,56.68,128247,105348527.0,4.42,-2.78,-1.63,1.19,SZ002697
1879,2020-09-11,57.02,58.04,58.18,56.0,124938,101621888.0,3.82,1.79,1.02,1.16,SZ002697
1880,2020-09-14,58.04,58.31,59.27,58.04,118035,98172547.0,2.12,0.47,0.27,1.09,SZ002697
1881,2020-09-15,58.65,58.11,58.65,57.63,65091,53647071.0,1.75,-0.34,-0.2,0.6,SZ002697
1882,2020-09-16,57.97,57.63,57.97,57.43,56597,46287148.0,0.93,-0.83,-0.48,0.52,SZ002697
1883,2020-09-17,57.77,57.29,57.97,56.75,77658,63036785.0,2.12,-0.59,-0.34,0.72,SZ002697
1884,2020-09-18,57.5,59.06,59.33,57.5,135819,112823089.0,3.19,3.09,1.77,1.26,SZ002697
1885,2020-09-21,59.2,59.61,60.49,58.79,147471,124655867.0,2.88,0.93,0.55,1.37,SZ002697
1886,2020-09-22,59.2,59.13,59.81,58.65,79944,67213186.0,1.95,-0.81,-0.48,0.74,SZ002697
1887,2020-09-23,59.2,58.79,59.33,58.59,55267,46206066.0,1.25,-0.58,-0.34,0.51,SZ002697
1888,2020-09-24,58.38,58.11,58.59,57.16,74905,61427925.0,2.43,-1.16,-0.68,0.69,SZ002697
1889,2020-09-25,58.31,58.86,59.13,58.04,67565,56103432.0,1.88,1.29,0.75,0.63,SZ002697
1890,2020-09-28,59.06,60.76,61.17,58.72,201245,172987671.0,4.16,3.23,1.9,1.87,SZ002697
1891,2020-09-29,61.24,59.88,61.37,59.81,164006,140881000.0,2.57,-1.45,-0.88,1.52,SZ002697
1892,2020-09-30,59.88,59.95,60.22,59.33,81427,69198087.0,1.49,0.12,0.07,0.76,SZ002697
1893,2020-10-09,60.63,60.69,60.97,59.95,110795,95306803.0,1.7,1.23,0.74,1.03,SZ002697
1894,2020-10-12,60.76,63.48,63.75,60.35,294282,260295459.0,5.6,4.6,2.79,2.73,SZ002697
1895,2020-10-13,63.21,62.39,63.35,61.65,194875,172839895.0,2.68,-1.72,-1.09,1.81,SZ002697
1896,2020-10-14,62.05,61.17,62.46,60.83,110643,97092151.0,2.61,-1.96,-1.22,1.03,SZ002697
1897,2020-10-15,61.58,60.69,61.65,60.29,85164,73468423.0,2.22,-0.78,-0.48,0.79,SZ002697
1898,2020-10-16,60.56,60.69,60.69,59.54,85998,73588122.0,1.89,0.0,0.0,0.8,SZ002697
1899,2020-10-19,60.76,59.81,60.97,59.67,84366,72077759.0,2.14,-1.45,-0.88,0.78,SZ002697
1900,2020-10-20,59.2,58.45,59.67,57.84,111444,92379507.0,3.06,-2.27,-1.36,1.03,SZ002697
1901,2020-10-21,58.72,57.43,59.13,57.16,114385,94137437.0,3.37,-1.75,-1.02,1.06,SZ002697
1902,2020-10-22,57.43,57.7,58.04,56.89,58740,47928178.0,2.0,0.47,0.27,0.54,SZ002697
1903,2020-10-23,57.91,57.29,58.18,57.09,48654,39794689.0,1.89,-0.71,-0.41,0.45,SZ002697
1904,2020-10-26,56.89,57.16,57.5,56.21,46248,37359030.0,2.25,-0.23,-0.13,0.43,SZ002697
1905,2020-10-27,57.02,56.95,57.16,56.55,43291,34913159.0,1.07,-0.37,-0.21,0.4,SZ002697
1906,2020-10-28,56.89,56.48,56.95,56.14,63052,50428618.0,1.42,-0.83,-0.47,0.58,SZ002697
1907,2020-10-29,56.07,55.53,56.07,55.05,95880,75522545.0,1.81,-1.68,-0.95,0.89,SZ002697
1908,2020-10-30,55.39,54.91,55.39,53.69,141553,109502473.0,3.06,-1.12,-0.62,1.31,SZ002697
1909,2020-11-02,54.71,51.65,54.71,51.45,210967,156355725.0,5.94,-5.94,-3.26,1.96,SZ002697
1910,2020-11-03,51.72,52.33,52.4,51.45,95028,69831444.0,1.84,1.32,0.68,0.88,SZ002697
1911,2020-11-04,52.13,50.63,52.19,50.29,169333,121938758.0,3.63,-3.25,-1.7,1.57,SZ002697
1912,2020-11-05,50.83,52.33,52.6,50.77,213352,156366920.0,3.61,3.36,1.7,1.98,SZ002697
1913,2020-11-06,52.53,51.65,52.67,51.24,132097,96496320.0,2.73,-1.3,-0.68,1.23,SZ002697
1914,2020-11-09,51.85,52.33,52.6,51.65,143362,105792444.0,1.84,1.32,0.68,1.33,SZ002697
1915,2020-11-10,52.53,51.38,52.74,51.11,148030,107922284.0,3.11,-1.82,-0.95,1.37,SZ002697
1916,2020-11-11,51.65,50.7,51.65,50.49,121552,87093664.0,2.26,-1.32,-0.68,1.13,SZ002697
1917,2020-11-12,50.7,50.63,50.83,50.15,84216,60041058.0,1.34,-0.14,-0.07,0.78,SZ002697
1918,2020-11-13,50.56,49.95,50.63,49.54,144569,102066899.0,2.15,-1.34,-0.68,1.34,SZ002697
1919,2020-11-16,50.15,50.63,50.7,49.88,120010,85338723.0,1.64,1.36,0.68,1.11,SZ002697
1920,2020-11-17,50.7,50.15,50.9,49.88,97724,69102892.0,2.01,-0.95,-0.48,0.91,SZ002697
1921,2020-11-18,50.15,50.22,50.36,49.88,87610,61987211.0,0.96,0.14,0.07,0.81,SZ002697
1922,2020-11-19,50.29,49.61,50.36,49.13,153662,107305038.0,2.45,-1.21,-0.61,1.43,SZ002697
1923,2020-11-20,49.75,50.02,50.15,49.2,106569,74693635.0,1.91,0.83,0.41,0.99,SZ002697
1924,2020-11-23,50.09,50.56,51.04,49.61,176149,125551036.0,2.86,1.08,0.54,1.63,SZ002697
1925,2020-11-24,50.63,50.09,50.7,49.88,117559,83247833.0,1.62,-0.93,-0.47,1.09,SZ002697
1926,2020-11-25,50.09,49.41,50.22,49.34,121992,85651043.0,1.76,-1.36,-0.68,1.13,SZ002697
1927,2020-11-26,49.2,48.93,49.27,48.79,103832,71644326.0,0.97,-0.97,-0.48,0.96,SZ002697
1928,2020-11-27,48.93,51.92,53.01,48.66,412010,298344928.0,8.89,6.11,2.99,3.82,SZ002697
1929,2020-11-30,51.99,51.38,52.19,50.97,286305,208182123.0,2.35,-1.04,-0.54,2.66,SZ002697
1930,2020-12-01,51.31,51.17,51.65,50.9,186743,135022493.0,1.46,-0.41,-0.21,1.73,SZ002697
1931,2020-12-02,51.24,51.45,51.65,50.9,139523,101029239.0,1.47,0.55,0.28,1.29,SZ002697
1932,2020-12-03,51.45,51.51,51.65,50.49,155733,112226457.0,2.25,0.12,0.06,1.44,SZ002697
1933,2020-12-04,51.24,51.51,52.19,51.11,142861,104310133.0,2.1,0.0,0.0,1.32,SZ002697
1934,2020-12-07,51.58,51.99,52.87,51.24,209103,154352596.0,3.16,0.93,0.48,1.94,SZ002697
1935,2020-12-08,52.4,51.17,52.4,51.11,122206,88897388.0,2.48,-1.58,-0.82,1.13,SZ002697
1936,2020-12-09,51.11,49.54,51.17,49.41,182450,128882962.0,3.44,-3.19,-1.63,1.69,SZ002697
1937,2020-12-10,49.2,49.2,49.88,48.93,99878,69417239.0,1.92,-0.69,-0.34,0.93,SZ002697
1938,2020-12-11,49.27,47.71,49.34,47.64,162585,110492312.0,3.46,-3.03,-1.49,1.51,SZ002697
1939,2020-12-14,47.91,50.83,51.45,47.84,312911,221992336.0,7.57,6.54,3.12,2.9,SZ002697
1940,2020-12-15,50.56,50.22,50.77,49.81,152846,108416512.0,1.89,-1.2,-0.61,1.42,SZ002697
1941,2020-12-16,50.36,49.95,50.43,49.41,105956,74562062.0,2.03,-0.54,-0.27,0.98,SZ002697
1942,2020-12-17,49.95,49.54,49.95,48.86,109929,76579962.0,2.18,-0.82,-0.41,1.02,SZ002697
1943,2020-12-18,49.54,48.59,49.61,48.52,131434,90625163.0,2.2,-1.92,-0.95,1.22,SZ002697
1944,2020-12-21,48.52,48.45,48.86,47.98,123581,84242405.0,1.81,-0.29,-0.14,1.15,SZ002697
1945,2020-12-22,48.25,47.77,48.39,47.64,124812,84515433.0,1.55,-1.4,-0.68,1.16,SZ002697
1946,2020-12-23,48.11,47.98,48.79,47.77,117445,79826962.0,2.14,0.44,0.21,1.09,SZ002697
1947,2020-12-24,47.91,47.23,47.98,46.96,116592,77541541.0,2.13,-1.56,-0.75,1.08,SZ002697
1948,2020-12-25,47.5,47.5,47.77,47.03,62854,42075083.0,1.57,0.57,0.27,0.58,SZ002697
1949,2020-12-28,47.37,46.82,47.43,46.41,92027,60578332.0,2.15,-1.43,-0.68,0.85,SZ002697
1950,2020-12-29,46.69,46.82,47.16,46.35,81341,53534250.0,1.73,0.0,0.0,0.75,SZ002697
1951,2020-12-30,46.82,46.69,46.96,46.55,85313,56120678.0,0.88,-0.28,-0.13,0.79,SZ002697
1952,2020-12-31,46.75,46.96,47.43,46.62,113343,74991228.0,1.73,0.58,0.27,1.05,SZ002697
1953,2021-01-04,46.96,46.35,47.03,45.87,182423,118699002.0,2.47,-1.3,-0.61,1.69,SZ002697
1954,2021-01-05,46.14,45.12,46.48,44.78,238848,151719479.0,3.67,-2.65,-1.23,2.22,SZ002697
1955,2021-01-06,45.19,44.1,45.33,43.97,172677,107466643.0,3.01,-2.26,-1.02,1.6,SZ002697
1956,2021-01-07,43.9,42.2,43.9,41.93,292810,175253716.0,4.47,-4.31,-1.9,2.72,SZ002697
1957,2021-01-08,42.2,43.76,44.1,40.84,294011,177460270.0,7.73,3.7,1.56,2.73,SZ002697
1958,2021-01-11,43.76,42.88,43.83,42.54,152659,92349408.0,2.95,-2.01,-0.88,1.42,SZ002697
1959,2021-01-12,43.22,44.24,44.71,43.01,227985,141360593.0,3.96,3.17,1.36,2.11,SZ002697
1960,2021-01-13,44.51,44.24,44.65,43.29,158147,97369264.0,3.07,0.0,0.0,1.47,SZ002697
1961,2021-01-14,44.17,44.71,45.39,43.83,165311,104163021.0,3.53,1.06,0.47,1.53,SZ002697
1962,2021-01-15,44.65,45.46,46.01,44.31,232478,148700416.0,3.8,1.68,0.75,2.16,SZ002697
1963,2021-01-18,45.39,45.6,46.28,45.05,158664,101556773.0,2.71,0.31,0.14,1.47,SZ002697
1964,2021-01-19,45.46,45.53,46.21,44.99,138322,88757264.0,2.68,-0.15,-0.07,1.28,SZ002697
1965,2021-01-20,45.53,45.12,45.73,44.85,90437,57475430.0,1.93,-0.9,-0.41,0.84,SZ002697
1966,2021-01-21,45.19,44.78,45.39,44.71,98482,62271352.0,1.51,-0.75,-0.34,0.91,SZ002697
1967,2021-01-22,44.65,44.17,44.71,43.76,121298,75179112.0,2.12,-1.36,-0.61,1.12,SZ002697
1968,2021-01-25,44.44,43.69,44.44,43.15,145878,88963473.0,2.92,-1.09,-0.48,1.35,SZ002697
1969,2021-01-26,43.56,43.9,44.71,43.29,142187,88064283.0,3.25,0.48,0.21,1.32,SZ002697
1970,2021-01-27,43.97,43.42,44.17,43.35,72972,44649941.0,1.87,-1.09,-0.48,0.68,SZ002697
1971,2021-01-28,43.42,43.01,43.63,42.88,75023,45478476.0,1.73,-0.94,-0.41,0.7,SZ002697
1972,2021-01-29,43.01,41.79,43.29,41.31,150652,88600441.0,4.6,-2.84,-1.22,1.4,SZ002697
1973,2021-02-01,41.86,42.13,42.47,41.52,65799,38737741.0,2.27,0.81,0.34,0.61,SZ002697
1974,2021-02-02,42.27,43.42,43.83,42.13,135520,82362052.0,4.04,3.06,1.29,1.26,SZ002697
1975,2021-02-03,43.49,42.88,43.49,42.47,98054,58888452.0,2.35,-1.24,-0.54,0.91,SZ002697
1976,2021-02-04,42.81,42.33,42.88,41.65,101905,60128943.0,2.87,-1.28,-0.55,0.95,SZ002697
1977,2021-02-05,42.33,42.27,43.35,42.13,63735,37934781.0,2.88,-0.14,-0.06,0.59,SZ002697
1978,2021-02-08,42.4,41.79,42.67,41.79,75693,44692840.0,2.08,-1.14,-0.48,0.7,SZ002697
1979,2021-02-09,41.79,41.93,42.13,41.65,71269,41857134.0,1.15,0.34,0.14,0.66,SZ002697
1980,2021-02-10,42.13,42.06,42.54,41.86,73772,43526794.0,1.62,0.31,0.13,0.68,SZ002697
1981,2021-02-18,42.47,43.35,43.49,42.2,170540,102767510.0,3.07,3.07,1.29,1.58,SZ002697
1982,2021-02-19,43.49,45.39,45.67,43.15,262664,165206566.0,5.81,4.71,2.04,2.44,SZ002697
1983,2021-02-22,45.73,46.28,47.43,45.46,373232,244387220.0,4.34,1.96,0.89,3.46,SZ002697
1984,2021-02-23,46.28,45.8,47.37,45.46,252515,164458840.0,4.13,-1.04,-0.48,2.34,SZ002697
1985,2021-02-24,45.6,45.39,46.35,45.05,161669,103982241.0,2.84,-0.9,-0.41,1.5,SZ002697
1986,2021-02-25,45.39,44.44,45.6,44.17,125911,79024190.0,3.15,-2.09,-0.95,1.17,SZ002697
1987,2021-02-26,43.97,43.49,44.71,43.35,162952,100177660.0,3.06,-2.14,-0.95,1.51,SZ002697
1988,2021-03-01,43.56,44.51,44.58,43.42,146188,90576072.0,2.67,2.35,1.02,1.36,SZ002697
1989,2021-03-02,44.65,44.92,45.26,43.97,149231,93349624.0,2.9,0.92,0.41,1.38,SZ002697
1990,2021-03-03,44.65,44.58,45.33,44.17,138328,86514896.0,2.58,-0.76,-0.34,1.28,SZ002697
1991,2021-03-04,44.37,43.83,44.44,43.63,138777,85696714.0,1.82,-1.68,-0.75,1.29,SZ002697
1992,2021-03-05,43.76,43.97,44.1,43.56,109663,67596065.0,1.23,0.32,0.14,1.02,SZ002697
1993,2021-03-08,44.03,43.15,44.31,43.15,164246,100626870.0,2.64,-1.86,-0.82,1.52,SZ002697
1994,2021-03-09,43.15,42.47,43.35,41.45,192680,114509738.0,4.4,-1.58,-0.68,1.79,SZ002697
1995,2021-03-10,42.67,42.13,42.74,41.99,98596,58422693.0,1.77,-0.8,-0.34,0.91,SZ002697
1996,2021-03-11,42.13,42.54,42.61,41.93,82463,48933091.0,1.61,0.97,0.41,0.76,SZ002697
1997,2021-03-12,42.61,42.54,42.74,42.2,67433,40080647.0,1.27,0.0,0.0,0.63,SZ002697
1998,2021-03-15,42.47,42.61,42.81,42.13,73552,43816191.0,1.6,0.16,0.07,0.68,SZ002697
1999,2021-03-16,42.74,43.49,43.49,42.67,108115,65370822.0,1.92,2.07,0.88,1.0,SZ002697
2000,2021-03-17,43.49,43.29,43.97,43.08,89281,54287123.0,2.05,-0.46,-0.2,0.83,SZ002697
2001,2021-03-18,43.22,43.08,43.35,43.01,78560,47558086.0,0.79,-0.49,-0.21,0.73,SZ002697
2002,2021-03-19,42.81,43.15,43.22,42.67,66465,40021022.0,1.28,0.16,0.07,0.62,SZ002697
2003,2021-03-22,43.15,43.15,43.35,42.88,70218,42445202.0,1.09,0.0,0.0,0.65,SZ002697
2004,2021-03-23,43.15,43.35,43.9,43.01,131833,80513536.0,2.06,0.46,0.2,1.22,SZ002697
2005,2021-03-24,43.22,43.15,43.49,43.08,73048,44309352.0,0.95,-0.46,-0.2,0.68,SZ002697
2006,2021-03-25,43.08,42.88,43.35,42.81,63098,38031462.0,1.25,-0.63,-0.27,0.59,SZ002697
2007,2021-03-26,42.95,43.08,43.22,42.81,60639,36567450.0,0.96,0.47,0.2,0.56,SZ002697
2008,2021-03-29,42.95,43.01,43.35,42.95,56959,34403943.0,0.93,-0.16,-0.07,0.53,SZ002697
2009,2021-03-30,42.95,42.27,42.95,41.99,102524,60771984.0,2.23,-1.72,-0.74,0.95,SZ002697
2010,2021-03-31,42.2,42.61,42.67,42.06,49242,29278597.0,1.44,0.8,0.34,0.46,SZ002697
2011,2021-04-01,42.95,43.49,43.69,42.74,138871,84346907.0,2.23,2.07,0.88,1.29,SZ002697
2012,2021-04-02,43.63,43.29,43.76,43.01,87514,52945448.0,1.72,-0.46,-0.2,0.81,SZ002697
2013,2021-04-06,43.35,44.03,44.24,43.15,126350,77602687.0,2.52,1.71,0.74,1.17,SZ002697
2014,2021-04-07,44.03,43.83,44.24,43.49,85578,52554559.0,1.7,-0.45,-0.2,0.79,SZ002697
2015,2021-04-08,43.63,44.65,44.92,43.63,200723,125474136.0,2.94,1.87,0.82,1.86,SZ002697
2016,2021-04-09,44.51,44.92,45.33,44.17,183113,115209943.0,2.6,0.6,0.27,1.7,SZ002697
2017,2021-04-12,45.33,44.51,45.39,44.17,144450,90387907.0,2.72,-0.91,-0.41,1.34,SZ002697
2018,2021-04-13,44.1,43.63,44.51,43.49,116169,71493318.0,2.29,-1.98,-0.88,1.08,SZ002697
2019,2021-04-14,43.49,45.19,45.26,42.88,283024,177129317.0,5.45,3.58,1.56,2.62,SZ002697
2020,2021-04-15,44.71,44.51,45.46,44.24,206419,129961079.0,2.7,-1.5,-0.68,1.91,SZ002697
2021,2021-04-16,43.83,44.99,45.73,43.69,229092,144765806.0,4.58,1.08,0.48,2.12,SZ002697
2022,2021-04-19,45.26,44.71,45.8,44.58,199127,125602126.0,2.71,-0.62,-0.28,1.85,SZ002697
2023,2021-04-20,44.65,44.85,44.85,43.49,198449,123259360.0,3.04,0.31,0.14,1.84,SZ002697
2024,2021-04-21,44.31,44.71,45.8,44.1,260523,165197479.0,3.79,-0.31,-0.14,2.42,SZ002697
2025,2021-04-22,44.51,44.1,44.71,44.03,109155,67935569.0,1.52,-1.36,-0.61,1.01,SZ002697
2026,2021-04-23,43.83,43.01,44.03,42.95,173436,105184677.0,2.45,-2.47,-1.09,1.61,SZ002697
2027,2021-04-26,42.95,42.88,43.35,42.67,98907,59523714.0,1.58,-0.3,-0.13,0.92,SZ002697
2028,2021-04-27,42.81,42.61,42.81,42.33,78563,46826125.0,1.12,-0.63,-0.27,0.73,SZ002697
2029,2021-04-28,42.47,42.47,42.88,41.52,141541,83518069.0,3.19,-0.33,-0.14,1.31,SZ002697
2030,2021-04-29,42.4,42.74,42.81,42.06,80838,48228136.0,1.77,0.64,0.27,0.75,SZ002697
2031,2021-04-30,42.67,43.49,43.56,42.54,125251,75825552.0,2.39,1.75,0.75,1.16,SZ002697
2032,2021-05-06,43.49,43.22,43.56,42.95,60312,36510366.0,1.4,-0.62,-0.27,0.56,SZ002697
2033,2021-05-07,43.22,43.22,43.42,42.95,59199,35787433.0,1.09,0.0,0.0,0.55,SZ002697
2034,2021-05-10,43.08,42.81,43.49,42.47,104432,62961149.0,2.36,-0.95,-0.41,0.97,SZ002697
2035,2021-05-11,42.81,43.42,43.56,42.13,80939,48629873.0,3.34,1.42,0.61,0.75,SZ002697
2036,2021-05-12,43.22,43.63,43.9,43.01,106471,64913987.0,2.05,0.48,0.21,0.99,SZ002697
2037,2021-05-13,43.56,44.24,44.85,43.42,211561,130936096.0,3.28,1.4,0.61,1.96,SZ002697
2038,2021-05-14,44.54,44.06,44.74,43.86,224190,136716306.0,1.99,-0.41,-0.18,2.08,SZ002697
2039,2021-05-17,43.99,43.45,43.99,43.25,83358,50196775.0,1.68,-1.38,-0.61,0.77,SZ002697
2040,2021-05-18,43.52,43.31,43.59,43.04,98634,59074098.0,1.27,-0.32,-0.14,0.91,SZ002697
2041,2021-05-19,43.31,43.04,43.38,42.91,67148,39958318.0,1.09,-0.62,-0.27,0.62,SZ002697
2042,2021-05-20,42.97,43.04,43.18,42.84,43240,25720721.0,0.79,0.0,0.0,0.4,SZ002697
2043,2021-05-21,43.04,43.04,43.18,42.97,46572,27720353.0,0.49,0.0,0.0,0.43,SZ002697
2044,2021-05-24,42.97,42.63,43.31,41.95,119086,70272594.0,3.16,-0.95,-0.41,1.1,SZ002697
2045,2021-05-25,42.57,43.72,44.67,42.57,181973,110004401.0,4.93,2.56,1.09,1.69,SZ002697
2046,2021-05-26,43.65,43.86,44.2,43.45,112946,68474834.0,1.72,0.32,0.14,1.05,SZ002697
2047,2021-05-27,43.86,43.79,43.99,43.59,57936,35101239.0,0.91,-0.16,-0.07,0.54,SZ002697
2048,2021-05-28,43.72,43.31,43.93,43.25,78426,47193485.0,1.55,-1.1,-0.48,0.73,SZ002697
2049,2021-05-31,43.18,43.18,43.72,43.11,86633,51790746.0,1.41,-0.3,-0.13,0.8,SZ002697
2050,2021-06-01,43.38,43.31,43.52,43.11,66716,39918426.0,0.95,0.3,0.13,0.62,SZ002697
2051,2021-06-02,43.38,43.04,43.45,42.97,68484,40807629.0,1.11,-0.62,-0.27,0.64,SZ002697
2052,2021-06-03,43.11,42.91,43.25,42.84,62954,37396048.0,0.95,-0.3,-0.13,0.58,SZ002697
2053,2021-06-04,42.77,42.57,43.04,42.5,96293,56846326.0,1.26,-0.79,-0.34,0.89,SZ002697
2054,2021-06-07,42.57,42.43,42.63,42.29,63529,37236704.0,0.8,-0.33,-0.14,0.59,SZ002697
2055,2021-06-08,42.36,42.57,43.04,42.36,90388,53313010.0,1.6,0.33,0.14,0.84,SZ002697
2056,2021-06-09,42.5,42.63,42.7,42.36,50420,29618525.0,0.8,0.14,0.06,0.47,SZ002697
2057,2021-06-10,42.63,42.5,42.63,42.29,58222,34108833.0,0.8,-0.3,-0.13,0.54,SZ002697
2058,2021-06-11,42.5,42.02,42.5,42.02,109993,63932355.0,1.13,-1.13,-0.48,1.02,SZ002697
2059,2021-06-15,42.16,41.14,42.16,40.87,125203,71425475.0,3.07,-2.09,-0.88,1.16,SZ002697
2060,2021-06-16,41.14,40.66,41.48,40.53,97728,55119515.0,2.31,-1.17,-0.48,0.91,SZ002697
2061,2021-06-17,40.66,39.91,40.8,39.71,126001,69498828.0,2.68,-1.84,-0.75,1.17,SZ002697
2062,2021-06-18,39.85,38.89,39.91,38.35,223091,118928192.0,3.91,-2.56,-1.02,2.07,SZ002697
2063,2021-06-21,38.62,38.69,38.89,38.49,110090,58287781.0,1.03,-0.51,-0.2,1.02,SZ002697
2064,2021-06-22,38.62,38.55,39.1,38.35,155396,82468442.0,1.94,-0.36,-0.14,1.44,SZ002697
2065,2021-06-23,38.49,37.94,38.55,37.74,155188,80901861.0,2.1,-1.58,-0.61,1.44,SZ002697
2066,2021-06-24,37.81,38.08,38.15,37.26,186521,96165040.0,2.35,0.37,0.14,1.73,SZ002697
2067,2021-06-25,37.81,38.01,38.21,37.6,119620,62008307.0,1.6,-0.18,-0.07,1.11,SZ002697
2068,2021-06-28,37.94,37.74,38.08,37.67,88221,45710592.0,1.08,-0.71,-0.27,0.82,SZ002697
2069,2021-06-29,37.74,37.4,37.94,37.33,111267,57233034.0,1.62,-0.9,-0.34,1.03,SZ002697
2070,2021-06-30,37.47,37.53,37.67,37.26,91185,46708654.0,1.1,0.35,0.13,0.85,SZ002697
2071,2021-07-01,37.53,37.81,38.21,37.33,142751,74158650.0,2.34,0.75,0.28,1.32,SZ002697
2072,2021-07-02,37.74,37.53,38.15,37.47,89776,46408404.0,1.8,-0.74,-0.28,0.83,SZ002697
2073,2021-07-05,37.47,37.4,37.67,37.33,62667,32160578.0,0.91,-0.35,-0.13,0.58,SZ002697
2074,2021-07-06,37.47,37.81,37.81,37.26,73565,37843336.0,1.47,1.1,0.41,0.68,SZ002697
2075,2021-07-07,37.74,37.81,38.15,37.6,81109,42053953.0,1.45,0.0,0.0,0.75,SZ002697
2076,2021-07-08,37.94,37.47,37.94,37.33,70153,36049874.0,1.61,-0.9,-0.34,0.65,SZ002697
2077,2021-07-09,37.33,36.92,37.4,36.51,121429,61157279.0,2.38,-1.47,-0.55,1.13,SZ002697
2078,2021-07-12,37.06,36.92,37.19,36.85,72032,36482381.0,0.92,0.0,0.0,0.67,SZ002697
2079,2021-07-13,36.92,36.99,37.06,36.51,98929,49747169.0,1.49,0.19,0.07,0.92,SZ002697
2080,2021-07-14,36.99,36.45,36.99,36.45,116277,58189057.0,1.46,-1.46,-0.54,1.08,SZ002697
2081,2021-07-15,36.31,35.77,36.58,35.63,171566,84180810.0,2.61,-1.87,-0.68,1.59,SZ002697
2082,2021-07-16,35.77,35.02,35.83,34.81,186166,89478354.0,2.85,-2.1,-0.75,1.73,SZ002697
2083,2021-07-19,34.75,34.81,35.36,34.34,140984,66808911.0,2.91,-0.6,-0.21,1.31,SZ002697
2084,2021-07-20,34.61,35.09,35.22,34.61,97123,46172781.0,1.75,0.8,0.28,0.9,SZ002697
2085,2021-07-21,35.15,35.36,35.7,35.09,105869,51159747.0,1.74,0.77,0.27,0.98,SZ002697
2086,2021-07-22,35.36,35.22,35.49,35.15,67161,32275274.0,0.96,-0.4,-0.14,0.62,SZ002697
2087,2021-07-23,35.15,34.41,35.22,34.41,111716,52620282.0,2.3,-2.3,-0.81,1.04,SZ002697
2088,2021-07-26,34.34,33.45,34.34,33.32,142331,65126235.0,2.96,-2.79,-0.96,1.32,SZ002697
2089,2021-07-27,33.45,33.25,34.13,33.18,130026,59148673.0,2.84,-0.6,-0.2,1.21,SZ002697
2090,2021-07-28,33.25,33.79,33.79,32.64,108945,49270747.0,3.46,1.62,0.54,1.01,SZ002697
2091,2021-07-29,33.73,33.66,34.13,33.39,93769,42819305.0,2.19,-0.38,-0.13,0.87,SZ002697
2092,2021-07-30,33.45,33.45,33.66,33.11,85639,38756877.0,1.63,-0.62,-0.21,0.79,SZ002697
2093,2021-08-02,33.39,34.41,34.81,32.91,170693,78647564.0,5.68,2.87,0.96,1.58,SZ002697
2094,2021-08-03,34.41,34.47,34.81,34.2,136307,63933226.0,1.77,0.17,0.06,1.26,SZ002697
2095,2021-08-04,34.34,34.27,34.88,33.86,101828,47532622.0,2.96,-0.58,-0.2,0.94,SZ002697
2096,2021-08-05,34.2,33.93,34.54,33.93,97208,45167371.0,1.78,-0.99,-0.34,0.9,SZ002697
2097,2021-08-06,34.0,33.73,34.07,33.52,84224,38584231.0,1.62,-0.59,-0.2,0.78,SZ002697
2098,2021-08-09,33.73,34.75,34.95,33.59,145712,68517852.0,4.03,3.02,1.02,1.35,SZ002697
2099,2021-08-10,34.68,35.36,35.36,34.41,132631,63293013.0,2.73,1.76,0.61,1.23,SZ002697
2100,2021-08-11,35.49,35.02,35.49,35.02,100974,48416787.0,1.33,-0.96,-0.34,0.94,SZ002697
2101,2021-08-12,35.02,35.29,35.43,34.95,105079,50360731.0,1.37,0.77,0.27,0.98,SZ002697
2102,2021-08-13,35.36,35.43,35.77,35.22,105389,51027954.0,1.56,0.4,0.14,0.98,SZ002697
2103,2021-08-16,35.49,35.9,36.72,35.49,183396,90756023.0,3.47,1.33,0.47,1.7,SZ002697
2104,2021-08-17,35.15,34.88,35.56,34.81,188519,90244368.0,2.09,-2.84,-1.02,1.75,SZ002697
2105,2021-08-18,35.15,34.88,35.29,34.61,104213,49507905.0,1.95,0.0,0.0,0.97,SZ002697
2106,2021-08-19,34.75,34.68,35.09,34.34,108290,51158256.0,2.15,-0.57,-0.2,1.0,SZ002697
2107,2021-08-20,34.54,34.47,35.15,34.07,118069,55391973.0,3.11,-0.61,-0.21,1.1,SZ002697
2108,2021-08-23,34.47,34.81,35.15,34.27,87567,41598025.0,2.55,0.99,0.34,0.81,SZ002697
2109,2021-08-24,34.81,34.54,34.95,34.41,77972,36712118.0,1.55,-0.78,-0.27,0.72,SZ002697
2110,2021-08-25,34.47,34.54,34.68,34.41,55534,26123867.0,0.78,0.0,0.0,0.52,SZ002697
2111,2021-08-26,34.47,34.34,34.54,34.2,68750,32110985.0,0.98,-0.58,-0.2,0.64,SZ002697
2112,2021-08-27,34.47,34.27,34.47,33.93,69787,32387993.0,1.57,-0.2,-0.07,0.65,SZ002697
2113,2021-08-30,34.0,33.52,34.2,33.45,113298,51892703.0,2.19,-2.19,-0.75,1.05,SZ002697
2114,2021-08-31,33.52,33.66,33.86,33.39,67448,30721171.0,1.4,0.42,0.14,0.63,SZ002697
2115,2021-09-01,33.66,34.41,34.61,33.52,130738,60541827.0,3.24,2.23,0.75,1.21,SZ002697
2116,2021-09-02,34.54,34.54,34.61,34.2,74974,35078827.0,1.19,0.38,0.13,0.7,SZ002697
2117,2021-09-03,34.41,34.81,35.09,34.41,97645,46240067.0,1.97,0.78,0.27,0.91,SZ002697
2118,2021-09-06,34.68,35.02,35.36,34.68,73250,35027811.0,1.95,0.6,0.21,0.68,SZ002697
2119,2021-09-07,35.02,35.09,35.22,34.95,82860,39617123.0,0.77,0.2,0.07,0.77,SZ002697
2120,2021-09-08,35.09,35.97,36.04,35.02,165919,80900937.0,2.91,2.51,0.88,1.54,SZ002697
2121,2021-09-09,36.11,36.38,37.26,35.83,297634,149485434.0,3.98,1.14,0.41,2.76,SZ002697
2122,2021-09-10,36.58,36.45,36.99,36.04,159662,79699256.0,2.61,0.19,0.07,1.48,SZ002697
2123,2021-09-13,36.38,36.85,36.85,36.24,104007,52061290.0,1.67,1.1,0.4,0.97,SZ002697
2124,2021-09-14,36.79,36.11,36.92,35.97,114963,57130948.0,2.58,-2.01,-0.74,1.07,SZ002697
2125,2021-09-15,35.9,36.11,36.31,35.63,79455,39044735.0,1.88,0.0,0.0,0.74,SZ002697
2126,2021-09-16,36.13,36.0,36.47,35.93,89257,43550362.0,1.5,-0.3,-0.11,0.83,SZ002697
2127,2021-09-17,36.0,35.59,36.2,35.04,116756,55651691.0,3.22,-1.14,-0.41,1.08,SZ002697
2128,2021-09-22,35.32,35.79,35.93,35.18,69542,33162853.0,2.11,0.56,0.2,0.65,SZ002697
2129,2021-09-23,35.79,36.54,36.54,35.66,105108,51302387.0,2.46,2.1,0.75,0.98,SZ002697
2130,2021-09-24,36.61,36.13,36.68,36.13,86715,42443341.0,1.51,-1.12,-0.41,0.8,SZ002697
2131,2021-09-27,36.13,35.72,36.2,35.59,92658,44587127.0,1.69,-1.13,-0.41,0.86,SZ002697
2132,2021-09-28,35.66,35.59,35.72,35.25,68993,32861389.0,1.32,-0.36,-0.13,0.64,SZ002697
2133,2021-09-29,35.52,34.98,35.52,34.77,93097,43798680.0,2.11,-1.71,-0.61,0.86,SZ002697
2134,2021-09-30,35.04,35.45,35.52,34.98,50551,23932004.0,1.54,1.34,0.47,0.47,SZ002697
2135,2021-10-08,35.79,36.4,36.74,35.66,118122,57670357.0,3.05,2.68,0.95,1.1,SZ002697
2136,2021-10-11,36.54,36.81,36.88,36.13,131460,64728963.0,2.06,1.13,0.41,1.22,SZ002697
2137,2021-10-12,36.68,37.02,37.08,36.2,137232,67669969.0,2.39,0.57,0.21,1.27,SZ002697
2138,2021-10-13,37.08,36.88,37.15,36.47,81316,40268350.0,1.84,-0.38,-0.14,0.75,SZ002697
2139,2021-10-14,37.08,36.61,37.08,36.61,67345,33419373.0,1.27,-0.73,-0.27,0.62,SZ002697
2140,2021-10-15,36.61,36.06,36.68,35.93,82226,40128758.0,2.05,-1.5,-0.55,0.76,SZ002697
2141,2021-10-18,36.13,36.34,36.34,35.72,65886,31976451.0,1.72,0.78,0.28,0.61,SZ002697
2142,2021-10-19,36.13,36.2,36.34,36.06,45057,21962755.0,0.77,-0.39,-0.14,0.42,SZ002697
2143,2021-10-20,36.2,35.66,36.27,35.59,78197,37640889.0,1.88,-1.49,-0.54,0.73,SZ002697
2144,2021-10-21,35.72,36.06,36.2,35.72,63188,30547161.0,1.35,1.12,0.4,0.59,SZ002697
2145,2021-10-22,36.13,36.95,36.95,35.86,202639,99814131.0,3.02,2.47,0.89,1.88,SZ002697
2146,2021-10-25,36.95,37.9,37.9,36.68,316850,160022776.0,3.3,2.57,0.95,2.94,SZ002697
2147,2021-10-26,37.97,38.17,38.31,37.42,252946,129525347.0,2.35,0.71,0.27,2.35,SZ002697
2148,2021-10-27,37.9,37.63,38.1,37.36,193380,98104314.0,1.94,-1.41,-0.54,1.79,SZ002697
2149,2021-10-28,37.63,38.04,38.58,37.22,207189,106145786.0,3.61,1.09,0.41,1.92,SZ002697
2150,2021-10-29,37.97,37.63,38.44,37.56,202032,104025977.0,2.31,-1.08,-0.41,1.87,SZ002697
2151,2021-11-01,37.7,39.19,39.26,37.42,274760,144138552.0,4.89,4.15,1.56,2.55,SZ002697
2152,2021-11-02,39.26,38.72,39.33,38.17,194327,101761498.0,2.96,-1.2,-0.47,1.8,SZ002697
2153,2021-11-03,38.85,38.78,39.26,38.31,121834,63920571.0,2.45,0.15,0.06,1.13,SZ002697
2154,2021-11-04,38.78,39.06,39.12,38.38,151658,79673471.0,1.91,0.72,0.28,1.41,SZ002697
2155,2021-11-05,38.65,37.83,39.06,37.76,184165,95228515.0,3.33,-3.15,-1.23,1.71,SZ002697
2156,2021-11-08,37.63,37.9,38.24,37.56,91314,46719317.0,1.8,0.19,0.07,0.85,SZ002697
2157,2021-11-09,38.04,37.9,38.1,37.7,63903,32725166.0,1.06,0.0,0.0,0.59,SZ002697
2158,2021-11-10,37.76,38.24,38.31,37.15,109024,55518280.0,3.06,0.9,0.34,1.01,SZ002697
2159,2021-11-11,38.38,38.1,38.65,37.9,83783,43301511.0,1.96,-0.37,-0.14,0.78,SZ002697
2160,2021-11-12,37.97,37.83,38.04,37.63,78044,39894743.0,1.08,-0.71,-0.27,0.72,SZ002697
2161,2021-11-15,38.04,37.97,38.31,37.76,71469,36716392.0,1.45,0.37,0.14,0.66,SZ002697
2162,2021-11-16,37.97,37.83,38.04,37.63,75749,38734359.0,1.08,-0.37,-0.14,0.7,SZ002697
2163,2021-11-17,37.83,38.72,38.78,37.56,121067,62773489.0,3.22,2.35,0.89,1.12,SZ002697
2164,2021-11-18,38.65,37.83,38.65,37.83,122653,63140789.0,2.12,-2.3,-0.89,1.14,SZ002697
2165,2021-11-19,37.76,37.97,38.04,37.63,88476,45173284.0,1.08,0.37,0.14,0.82,SZ002697
2166,2021-11-22,37.97,37.83,37.97,37.63,65091,33240431.0,0.9,-0.37,-0.14,0.6,SZ002697
2167,2021-11-23,37.9,37.83,37.9,37.7,59729,30456643.0,0.53,0.0,0.0,0.55,SZ002697
2168,2021-11-24,37.83,37.76,37.97,37.56,61465,31331610.0,1.08,-0.19,-0.07,0.57,SZ002697
2169,2021-11-25,37.83,37.15,37.9,37.02,107842,54608660.0,2.33,-1.62,-0.61,1.0,SZ002697
2170,2021-11-26,37.08,37.02,37.36,36.88,71508,35778032.0,1.29,-0.35,-0.13,0.66,SZ002697
2171,2021-11-29,36.4,36.47,36.95,36.4,69406,34231714.0,1.49,-1.49,-0.55,0.64,SZ002697
2172,2021-11-30,36.47,36.13,36.74,36.06,63419,31054174.0,1.86,-0.93,-0.34,0.59,SZ002697
2173,2021-12-01,36.06,36.61,36.74,36.0,55659,27374415.0,2.05,1.33,0.48,0.52,SZ002697
2174,2021-12-02,36.68,36.4,36.74,36.34,45797,22506825.0,1.09,-0.57,-0.21,0.42,SZ002697
2175,2021-12-03,36.4,36.34,36.54,36.13,53687,26226282.0,1.13,-0.16,-0.06,0.5,SZ002697
2176,2021-12-06,36.2,35.72,36.47,35.66,96357,46681843.0,2.23,-1.71,-0.62,0.89,SZ002697
2177,2021-12-07,35.86,35.79,36.0,35.66,49326,23770898.0,0.95,0.2,0.07,0.46,SZ002697
2178,2021-12-08,36.0,36.13,36.13,35.79,44161,21365449.0,0.95,0.95,0.34,0.41,SZ002697
2179,2021-12-09,36.06,36.4,36.61,35.93,66633,32646484.0,1.88,0.75,0.27,0.62,SZ002697
2180,2021-12-10,36.47,36.61,36.68,36.27,53212,26116875.0,1.13,0.58,0.21,0.49,SZ002697
2181,2021-12-13,36.61,36.34,36.68,36.27,45316,22222652.0,1.12,-0.74,-0.27,0.42,SZ002697
2182,2021-12-14,36.34,36.06,36.47,36.06,54185,26358258.0,1.13,-0.77,-0.28,0.5,SZ002697
2183,2021-12-15,36.06,36.13,36.27,36.0,36890,17937685.0,0.75,0.19,0.07,0.34,SZ002697
2184,2021-12-16,36.13,36.27,36.47,36.0,56958,27751691.0,1.3,0.39,0.14,0.53,SZ002697
2185,2021-12-17,36.34,36.13,36.4,36.13,28986,14101381.0,0.74,-0.39,-0.14,0.27,SZ002697
2186,2021-12-20,36.13,36.0,36.2,36.0,41398,20065129.0,0.55,-0.36,-0.13,0.38,SZ002697
2187,2021-12-21,36.0,36.47,36.54,36.0,57993,28340184.0,1.5,1.31,0.47,0.54,SZ002697
2188,2021-12-22,36.61,36.4,36.68,36.2,74521,36568622.0,1.32,-0.19,-0.07,0.69,SZ002697
2189,2021-12-23,36.4,36.88,36.88,35.72,137077,67376259.0,3.19,1.32,0.48,1.27,SZ002697
2190,2021-12-24,36.95,39.12,40.21,36.88,569158,296393232.0,9.03,6.07,2.24,5.28,SZ002697
2191,2021-12-27,38.51,41.1,41.44,38.31,556737,302824800.0,8.0,5.06,1.98,5.17,SZ002697
2192,2021-12-28,40.35,40.08,40.62,39.74,279490,152207193.0,2.14,-2.48,-1.02,2.59,SZ002697
2193,2021-12-29,40.08,40.08,40.42,39.26,205320,110523196.0,2.89,0.0,0.0,1.91,SZ002697
2194,2021-12-30,39.67,39.33,40.01,39.06,207366,110844632.0,2.37,-1.87,-0.75,1.92,SZ002697
2195,2021-12-31,39.53,39.26,39.74,39.06,154755,82577581.0,1.73,-0.18,-0.07,1.44,SZ002697
2196,2022-01-04,39.4,42.32,42.86,39.4,721796,413062448.0,8.81,7.79,3.06,6.7,SZ002697
2197,2022-01-05,41.84,41.71,42.86,41.3,414882,236569958.0,3.69,-1.44,-0.61,3.85,SZ002697
2198,2022-01-06,41.84,41.84,42.25,41.16,233455,132695283.0,2.61,0.31,0.13,2.17,SZ002697
2199,2022-01-07,41.84,41.98,43.07,41.5,258574,148631394.0,3.75,0.33,0.14,2.4,SZ002697
2200,2022-01-10,42.66,41.71,42.8,41.37,139944,79640466.0,3.41,-0.64,-0.27,1.3,SZ002697
2201,2022-01-11,41.5,41.44,42.39,41.1,168955,95523910.0,3.09,-0.65,-0.27,1.57,SZ002697
2202,2022-01-12,41.37,41.71,41.78,41.1,106204,59973317.0,1.64,0.65,0.27,0.99,SZ002697
2203,2022-01-13,41.84,41.91,43.14,41.78,330542,190742686.0,3.26,0.48,0.2,3.07,SZ002697
2204,2022-01-14,41.91,41.23,42.66,41.16,242754,137613355.0,3.58,-1.62,-0.68,2.25,SZ002697
2205,2022-01-17,40.89,40.76,41.64,40.62,186637,103964502.0,2.47,-1.14,-0.47,1.73,SZ002697
2206,2022-01-18,41.16,40.42,41.57,40.21,162543,89692675.0,3.34,-0.83,-0.34,1.51,SZ002697
2207,2022-01-19,40.28,41.16,41.16,40.14,145207,80059113.0,2.52,1.83,0.74,1.35,SZ002697
2208,2022-01-20,41.1,39.8,41.5,39.6,259114,141808142.0,4.62,-3.3,-1.36,2.4,SZ002697
2209,2022-01-21,39.67,39.87,40.62,39.53,146570,79517495.0,2.74,0.18,0.07,1.36,SZ002697
2210,2022-01-24,40.08,38.92,40.08,38.65,176238,93311019.0,3.59,-2.38,-0.95,1.64,SZ002697
2211,2022-01-25,39.06,37.63,39.19,37.42,153445,79431442.0,4.55,-3.31,-1.29,1.42,SZ002697
2212,2022-01-26,37.49,37.76,38.24,37.42,96081,49076044.0,2.18,0.35,0.13,0.89,SZ002697
2213,2022-01-27,37.9,36.95,38.24,36.88,114769,57757650.0,3.6,-2.15,-0.81,1.06,SZ002697
2214,2022-01-28,37.08,36.81,37.29,36.54,145630,72342857.0,2.03,-0.38,-0.14,1.35,SZ002697
2215,2022-02-07,37.22,37.15,37.7,36.81,136981,68712787.0,2.42,0.92,0.34,1.27,SZ002697
2216,2022-02-08,37.22,37.56,37.83,36.74,189684,95409558.0,2.93,1.1,0.41,1.76,SZ002697
2217,2022-02-09,37.7,37.9,38.1,37.42,145936,74424004.0,1.81,0.91,0.34,1.35,SZ002697
2218,2022-02-10,37.83,37.97,38.1,37.49,122368,62479488.0,1.61,0.18,0.07,1.14,SZ002697
2219,2022-02-11,37.9,36.88,37.9,36.68,250950,126058676.0,3.21,-2.87,-1.09,2.33,SZ002697
2220,2022-02-14,36.81,36.95,37.15,36.61,136063,67661010.0,1.46,0.19,0.07,1.26,SZ002697
2221,2022-02-15,37.08,36.47,37.22,36.27,154454,76270624.0,2.57,-1.3,-0.48,1.43,SZ002697
2222,2022-02-16,36.61,36.54,37.02,36.27,128199,63058060.0,2.06,0.19,0.07,1.19,SZ002697
2223,2022-02-17,36.4,36.13,36.54,36.0,124934,60861072.0,1.48,-1.12,-0.41,1.16,SZ002697
2224,2022-02-18,36.06,36.13,36.27,35.86,154619,74812855.0,1.13,0.0,0.0,1.43,SZ002697
2225,2022-02-21,36.06,36.74,36.81,36.06,130465,64196290.0,2.08,1.69,0.61,1.21,SZ002697
2226,2022-02-22,36.47,36.27,36.61,36.2,89701,43843410.0,1.12,-1.28,-0.47,0.83,SZ002697
2227,2022-02-23,36.2,36.47,36.54,36.13,104167,50944096.0,1.13,0.55,0.2,0.97,SZ002697
2228,2022-02-24,36.27,35.52,36.34,35.25,180829,86939941.0,2.99,-2.6,-0.95,1.68,SZ002697
2229,2022-02-25,35.59,35.59,35.86,35.38,85869,41106686.0,1.35,0.2,0.07,0.8,SZ002697
2230,2022-02-28,35.59,35.38,35.66,35.18,76605,36299972.0,1.35,-0.59,-0.21,0.71,SZ002697
2231,2022-03-01,35.52,35.72,35.72,35.45,79386,37962343.0,0.76,0.96,0.34,0.74,SZ002697
2232,2022-03-02,35.59,35.72,35.86,35.45,65715,31508971.0,1.15,0.0,0.0,0.61,SZ002697
2233,2022-03-03,35.86,36.13,36.2,35.72,114774,55529306.0,1.34,1.15,0.41,1.06,SZ002697
2234,2022-03-04,36.06,35.72,36.06,35.66,78127,37648798.0,1.11,-1.13,-0.41,0.72,SZ002697
2235,2022-03-07,35.52,35.38,35.72,35.25,72183,34399419.0,1.32,-0.95,-0.34,0.67,SZ002697
2236,2022-03-08,35.32,34.36,35.38,34.09,141537,65692905.0,3.65,-2.88,-1.02,1.31,SZ002697
2237,2022-03-09,34.36,34.3,35.11,33.07,168134,77088253.0,5.94,-0.17,-0.06,1.56,SZ002697
2238,2022-03-10,34.98,34.77,35.25,34.57,126037,59155518.0,1.98,1.37,0.47,1.17,SZ002697
2239,2022-03-11,34.5,35.38,35.52,33.68,143062,66940870.0,5.29,1.75,0.61,1.33,SZ002697
2240,2022-03-14,35.38,35.86,36.34,35.04,195850,94377567.0,3.67,1.36,0.48,1.82,SZ002697
2241,2022-03-15,35.59,33.75,35.59,33.68,200829,93074303.0,5.33,-5.88,-2.11,1.86,SZ002697
2242,2022-03-16,34.09,34.23,34.36,33.14,142087,64169259.0,3.61,1.42,0.48,1.32,SZ002697
2243,2022-03-17,34.23,34.84,35.04,34.23,166899,77305623.0,2.37,1.78,0.61,1.55,SZ002697
2244,2022-03-18,34.77,35.59,35.79,34.57,143211,68074744.0,3.5,2.15,0.75,1.33,SZ002697
2245,2022-03-21,35.86,35.86,35.93,35.32,101665,48674596.0,1.71,0.76,0.27,0.94,SZ002697
2246,2022-03-22,35.79,35.72,36.13,35.45,80115,38542231.0,1.9,-0.39,-0.14,0.74,SZ002697
2247,2022-03-23,35.86,35.59,35.93,35.52,64853,31096188.0,1.15,-0.36,-0.13,0.6,SZ002697
2248,2022-03-24,35.45,35.32,35.66,35.32,67966,32354113.0,0.96,-0.76,-0.27,0.63,SZ002697
2249,2022-03-25,35.32,35.79,36.27,35.32,127477,61534335.0,2.69,1.33,0.47,1.18,SZ002697
2250,2022-03-28,35.66,36.06,36.13,35.38,90522,43588646.0,2.1,0.75,0.27,0.84,SZ002697
2251,2022-03-29,36.06,35.93,36.27,35.79,78045,37811208.0,1.33,-0.36,-0.13,0.72,SZ002697
2252,2022-03-30,36.0,36.0,36.06,35.72,67017,32365302.0,0.95,0.19,0.07,0.62,SZ002697
2253,2022-03-31,36.0,36.0,36.34,35.79,103116,50005797.0,1.53,0.0,0.0,0.96,SZ002697
2254,2022-04-01,35.79,36.34,36.47,35.66,118552,57670962.0,2.25,0.94,0.34,1.1,SZ002697
2255,2022-04-06,37.02,38.31,38.44,36.81,449972,230229382.0,4.49,5.42,1.97,4.18,SZ002697
2256,2022-04-07,38.38,37.49,38.65,37.49,219413,112474548.0,3.03,-2.14,-0.82,2.04,SZ002697
2257,2022-04-08,37.76,38.04,38.38,37.63,209644,107756347.0,2.0,1.47,0.55,1.95,SZ002697
2258,2022-04-11,38.78,39.19,40.48,38.31,521694,278188816.0,5.7,3.02,1.15,4.84,SZ002697
2259,2022-04-12,38.31,41.5,42.52,38.04,691210,375842080.0,11.43,5.89,2.31,6.41,SZ002697
2260,2022-04-13,40.76,39.67,41.5,39.19,526608,287022960.0,5.57,-4.41,-1.83,4.89,SZ002697
2261,2022-04-14,39.33,39.33,40.48,38.44,386195,206177771.0,5.14,-0.86,-0.34,3.58,SZ002697
2262,2022-04-15,38.78,38.65,40.35,38.24,407625,216869718.0,5.36,-1.73,-0.68,3.78,SZ002697
2263,2022-04-18,38.44,39.06,39.94,37.7,289570,152910919.0,5.8,1.06,0.41,2.69,SZ002697
2264,2022-04-19,38.44,39.46,39.46,37.97,267370,140047875.0,3.81,1.02,0.4,2.48,SZ002697
2265,2022-04-20,39.4,39.19,40.35,38.99,345204,185522226.0,3.45,-0.68,-0.27,3.2,SZ002697
2266,2022-04-21,39.19,38.04,39.67,37.63,342693,178423879.0,5.21,-2.93,-1.15,3.18,SZ002697
2267,2022-04-22,38.17,38.17,38.51,37.08,291346,149044786.0,3.76,0.34,0.13,2.7,SZ002697
2268,2022-04-25,37.29,35.32,37.36,35.32,331128,162015103.0,5.34,-7.47,-2.85,3.07,SZ002697
2269,2022-04-26,35.11,35.59,37.22,35.11,315236,154226231.0,5.97,0.76,0.27,2.93,SZ002697
2270,2022-04-27,35.04,35.59,35.72,34.02,281191,130995525.0,4.78,0.0,0.0,2.61,SZ002697
2271,2022-04-28,35.79,34.84,36.47,34.23,243036,114791975.0,6.29,-2.11,-0.75,2.26,SZ002697
2272,2022-04-29,34.91,36.81,37.22,34.91,302824,148202295.0,6.63,5.65,1.97,2.81,SZ002697
2273,2022-05-05,36.88,37.15,37.7,36.47,263598,132273386.0,3.34,0.92,0.34,2.45,SZ002697
2274,2022-05-06,36.4,36.68,37.29,36.13,166470,82091985.0,3.12,-1.27,-0.47,1.54,SZ002697
2275,2022-05-09,35.45,36.68,36.81,35.32,161786,78896240.0,4.06,0.0,0.0,1.5,SZ002697
2276,2022-05-10,36.34,36.68,36.81,35.66,204678,99855421.0,3.14,0.0,0.0,1.9,SZ002697
2277,2022-05-11,36.74,36.2,37.36,36.2,206564,102021841.0,3.16,-1.31,-0.48,1.92,SZ002697
2278,2022-05-12,36.13,36.95,37.36,35.86,214060,105906654.0,4.14,2.07,0.75,1.99,SZ002697
2279,2022-05-13,37.11,37.72,38.95,36.7,358595,182194223.0,6.09,2.08,0.77,3.33,SZ002697
2280,2022-05-16,37.32,38.06,38.13,37.18,269842,137177746.0,2.52,0.9,0.34,2.5,SZ002697
2281,2022-05-17,37.72,36.98,38.0,36.7,254542,126931045.0,3.42,-2.84,-1.08,2.36,SZ002697
2282,2022-05-18,36.77,37.86,38.47,36.7,363749,185895402.0,4.79,2.38,0.88,3.38,SZ002697
2283,2022-05-19,37.18,37.18,37.45,36.91,260169,129935354.0,1.43,-1.8,-0.68,2.41,SZ002697
2284,2022-05-20,37.32,36.98,37.38,36.7,205786,102415551.0,1.83,-0.54,-0.2,1.91,SZ002697
2285,2022-05-23,37.04,36.84,37.04,36.7,143395,70932396.0,0.92,-0.38,-0.14,1.33,SZ002697
2286,2022-05-24,36.77,34.66,36.84,34.53,391660,186065301.0,6.27,-5.92,-2.18,3.63,SZ002697
2287,2022-05-25,34.66,35.14,35.34,34.6,159787,74879051.0,2.14,1.38,0.48,1.48,SZ002697
2288,2022-05-26,35.34,35.48,35.89,35.07,163542,77580486.0,2.33,0.97,0.34,1.52,SZ002697
2289,2022-05-27,35.48,35.62,35.75,35.14,166511,79248766.0,1.72,0.39,0.14,1.55,SZ002697
2290,2022-05-30,35.62,35.48,35.96,35.14,137543,65423895.0,2.3,-0.39,-0.14,1.28,SZ002697
2291,2022-05-31,35.48,35.68,35.82,35.14,160773,76653348.0,1.92,0.56,0.2,1.49,SZ002697
2292,2022-06-01,35.55,36.98,37.18,35.55,339754,167113026.0,4.57,3.64,1.3,3.15,SZ002697
2293,2022-06-02,36.7,36.36,36.84,36.16,203432,99351391.0,1.84,-1.68,-0.62,1.89,SZ002697
2294,2022-06-06,36.16,36.3,36.36,35.82,200527,96960232.0,1.49,-0.17,-0.06,1.86,SZ002697
2295,2022-06-07,36.23,36.57,36.77,35.96,158004,77069181.0,2.23,0.74,0.27,1.47,SZ002697
2296,2022-06-08,36.57,36.57,36.7,36.02,139181,68049315.0,1.86,0.0,0.0,1.29,SZ002697
2297,2022-06-09,36.36,36.5,36.64,36.09,119066,58227620.0,1.5,-0.19,-0.07,1.1,SZ002697
2298,2022-06-10,36.36,36.84,36.91,36.16,132475,65353963.0,2.05,0.93,0.34,1.23,SZ002697
2299,2022-06-13,36.64,36.91,36.98,36.43,113104,55829550.0,1.49,0.19,0.07,1.05,SZ002697
2300,2022-06-14,36.57,37.04,37.04,36.23,118573,58360339.0,2.19,0.35,0.13,1.1,SZ002697
2301,2022-06-15,37.11,36.64,37.32,36.64,122793,60922217.0,1.84,-1.08,-0.4,1.14,SZ002697
2302,2022-06-16,36.36,36.7,37.04,36.36,119603,59050701.0,1.86,0.16,0.06,1.11,SZ002697
2303,2022-06-17,36.57,36.5,36.64,36.16,98147,47947291.0,1.31,-0.54,-0.2,0.91,SZ002697
2304,2022-06-20,36.64,36.36,36.64,36.3,55214,26985159.0,0.93,-0.38,-0.14,0.51,SZ002697
2305,2022-06-21,36.43,36.3,36.57,36.02,70319,34219809.0,1.51,-0.17,-0.06,0.65,SZ002697
2306,2022-06-22,36.36,35.96,36.36,35.89,72483,35011421.0,1.29,-0.94,-0.34,0.67,SZ002697
2307,2022-06-23,35.96,36.09,36.16,35.68,56874,27360789.0,1.33,0.36,0.13,0.53,SZ002697
2308,2022-06-24,36.23,36.5,36.5,35.96,92714,45080150.0,1.5,1.14,0.41,0.86,SZ002697
2309,2022-06-27,36.64,36.84,36.98,36.5,143982,71135313.0,1.32,0.93,0.34,1.34,SZ002697
2310,2022-06-28,36.98,36.77,36.98,36.7,69844,34516987.0,0.76,-0.19,-0.07,0.65,SZ002697
2311,2022-06-29,36.84,36.7,37.04,36.64,96470,47765097.0,1.09,-0.19,-0.07,0.9,SZ002697
2312,2022-06-30,36.77,37.52,37.59,36.7,188324,94609211.0,2.43,2.23,0.82,1.75,SZ002697
2313,2022-07-01,37.52,37.32,37.72,37.18,93929,47193618.0,1.44,-0.53,-0.2,0.87,SZ002697
2314,2022-07-04,37.45,37.38,37.79,37.32,99694,50378775.0,1.26,0.16,0.06,0.93,SZ002697
2315,2022-07-05,37.45,37.25,37.59,36.84,102697,51337206.0,2.01,-0.35,-0.13,0.95,SZ002697
2316,2022-07-06,37.18,37.04,37.52,36.91,108803,54246913.0,1.64,-0.56,-0.21,1.01,SZ002697
2317,2022-07-07,37.11,37.52,37.86,37.11,121113,61166115.0,2.02,1.3,0.48,1.12,SZ002697
2318,2022-07-08,37.32,37.18,37.72,37.11,81080,40699890.16,1.63,-0.91,-0.34,0.75,SZ002697
2319,2022-07-11,37.18,37.66,37.66,37.04,122440,61660776.17,1.67,1.29,0.48,1.14,SZ002697
2320,2022-07-12,37.72,37.52,38.0,37.38,89469,45370314.12,1.65,-0.37,-0.14,0.83,SZ002697
2321,2022-07-13,37.59,37.32,37.86,37.25,77328,39044164.24,1.63,-0.53,-0.2,0.72,SZ002697
2322,2022-07-14,37.45,37.04,37.45,36.91,86508,43078461.17,1.45,-0.75,-0.28,0.8,SZ002697
2323,2022-07-15,37.11,35.96,37.18,35.96,108264,52749117.28,3.29,-2.92,-1.08,1.0,SZ002697
2324,2022-07-18,35.96,36.23,36.43,35.96,75404,36682267.24,1.31,0.75,0.27,0.7,SZ002697
2325,2022-07-19,36.09,36.43,36.43,36.09,57412,27978261.26,0.94,0.55,0.2,0.53,SZ002697
2326,2022-07-20,36.43,36.36,36.64,36.3,48279,23627744.71,0.93,-0.19,-0.07,0.45,SZ002697
2327,2022-07-21,36.36,36.43,36.7,36.23,73287,35895040.71,1.29,0.19,0.07,0.68,SZ002697
2328,2022-07-22,36.5,36.57,36.91,36.36,63933,31445020.4,1.51,0.38,0.14,0.59,SZ002697
2329,2022-07-25,36.64,36.57,36.91,36.5,61460,30269562.27,1.12,0.0,0.0,0.57,SZ002697
2330,2022-07-26,36.5,36.5,36.64,36.3,57962,28351617.0,0.93,-0.19,-0.07,0.54,SZ002697
2331,2022-07-27,36.36,36.3,36.57,36.23,60713,29595398.1,0.93,-0.55,-0.2,0.56,SZ002697
2332,2022-07-28,36.36,36.43,36.5,36.3,58893,28754887.15,0.55,0.36,0.13,0.55,SZ002697
2333,2022-07-29,36.57,36.3,36.57,36.3,60297,29461625.0,0.74,-0.36,-0.13,0.56,SZ002697
2334,2022-08-01,36.36,36.5,36.5,35.96,78444,38134243.77,1.49,0.55,0.2,0.73,SZ002697
2335,2022-08-02,36.3,35.07,36.43,34.87,178699,84533825.85,4.27,-3.92,-1.43,1.66,SZ002697
2336,2022-08-03,34.94,34.94,35.62,34.94,80688,38036403.3,1.94,-0.37,-0.13,0.75,SZ002697
2337,2022-08-04,35.07,34.94,35.28,34.73,69149,32338314.83,1.57,0.0,0.0,0.64,SZ002697
2338,2022-08-05,34.87,35.34,35.48,34.87,55868,26254371.88,1.75,1.14,0.4,0.52,SZ002697
2339,2022-08-08,35.34,35.41,35.48,35.07,58609,27652913.04,1.16,0.2,0.07,0.54,SZ002697
2340,2022-08-09,35.34,35.21,35.55,35.07,75080,35354088.83,1.36,-0.56,-0.2,0.7,SZ002697
2341,2022-08-10,35.21,35.0,35.34,34.87,62876,29466569.17,1.33,-0.6,-0.21,0.58,SZ002697
2342,2022-08-11,35.07,35.48,35.48,35.0,77530,36605965.96,1.37,1.37,0.48,0.72,SZ002697
2343,2022-08-12,35.82,35.96,36.16,35.75,115855,55867201.85,1.16,1.35,0.48,1.07,SZ002697
2344,2022-08-15,36.02,36.02,36.57,35.89,116702,56553724.44,1.89,0.17,0.06,1.08,SZ002697
2345,2022-08-16,36.02,35.82,36.23,35.75,87212,41972151.13,1.33,-0.56,-0.2,0.81,SZ002697
2346,2022-08-17,35.96,36.09,36.16,35.62,82929,39890493.25,1.51,0.75,0.27,0.77,SZ002697
2347,2022-08-18,35.96,35.89,35.96,35.75,52932,25401229.59,0.58,-0.55,-0.2,0.49,SZ002697
2348,2022-08-19,35.82,35.89,36.09,35.68,70408,33877600.58,1.14,0.0,0.0,0.65,SZ002697
2349,2022-08-22,35.82,36.09,36.09,35.62,56236,27072845.07,1.31,0.56,0.2,0.52,SZ002697
2350,2022-08-23,36.02,36.16,36.3,35.82,76790,37125528.25,1.33,0.19,0.07,0.71,SZ002697
2351,2022-08-24,36.16,35.82,36.3,35.82,83064,40137380.26,1.33,-0.94,-0.34,0.77,SZ002697
2352,2022-08-25,36.02,36.16,36.16,35.75,86146,41550021.88,1.14,0.95,0.34,0.8,SZ002697
2353,2022-08-26,36.3,36.16,36.36,36.02,73707,35807728.6,0.94,0.0,0.0,0.68,SZ002697
2354,2022-08-29,35.96,36.5,36.57,35.62,104534,50885016.89,2.63,0.94,0.34,0.97,SZ002697
2355,2022-08-30,36.77,37.25,37.32,36.5,192837,95830894.73,2.25,2.05,0.75,1.79,SZ002697
2356,2022-08-31,37.04,36.84,37.25,36.7,98335,48786606.0,1.48,-1.1,-0.41,0.91,SZ002697
2357,2022-09-01,36.84,40.24,40.24,36.7,823318,442718240.7,9.61,9.23,3.4,7.64,SZ002697
2358,2022-09-02,42.62,41.53,43.98,40.65,2322571,1364879670.37,8.28,3.21,1.29,21.55,SZ002697
2359,2022-09-05,39.36,38.27,39.83,38.2,1601118,839941882.0,3.92,-7.85,-3.26,14.86,SZ002697
2360,2022-09-06,38.68,38.27,38.95,37.86,827702,427813970.24,2.85,0.0,0.0,7.68,SZ002697
2361,2022-09-07,38.54,37.38,38.68,37.38,769266,390601712.48,3.4,-2.33,-0.89,7.14,SZ002697
2362,2022-09-08,37.59,38.13,39.02,37.25,982017,504108448.94,4.74,2.01,0.75,9.11,SZ002697
2363,2022-09-09,37.45,37.66,38.13,37.25,562869,285166073.38,2.31,-1.23,-0.47,5.22,SZ002697
2364,2022-09-13,37.66,38.13,38.34,37.38,488107,249316928.03,2.55,1.25,0.47,4.53,SZ002697
2365,2022-09-14,37.59,38.95,39.7,37.45,837562,436702345.8,5.9,2.15,0.82,7.77,SZ002697
2366,2022-09-15,38.4,38.0,38.68,37.79,499979,256903755.54,2.28,-2.44,-0.95,4.64,SZ002697
2367,2022-09-16,37.72,36.23,37.72,36.16,604656,298667611.2,4.11,-4.66,-1.77,5.61,SZ002697
2368,2022-09-19,35.82,36.36,36.57,35.62,293025,141825336.12,2.62,0.36,0.13,2.72,SZ002697
2369,2022-09-20,36.16,37.04,37.38,36.16,378980,188267558.16,3.36,1.87,0.68,3.52,SZ002697
2370,2022-09-21,37.04,37.32,37.72,36.7,315454,157987502.17,2.75,0.76,0.28,2.93,SZ002697
2371,2022-09-22,36.98,36.5,37.32,36.43,246137,121663058.82,2.38,-2.2,-0.82,2.28,SZ002697
2372,2022-09-23,36.64,36.43,37.32,36.23,281909,139173858.54,2.99,-0.19,-0.07,2.62,SZ002697
2373,2022-09-26,36.43,35.68,36.43,35.41,221742,106620230.69,2.8,-2.06,-0.75,2.06,SZ002697
2374,2022-09-27,35.75,36.43,36.57,35.34,226372,109382249.0,3.45,2.1,0.75,2.1,SZ002697
2375,2022-09-28,36.16,35.82,36.77,35.75,200694,97681298.97,2.8,-1.67,-0.61,1.86,SZ002697
2376,2022-09-29,36.09,35.14,36.57,35.07,232054,111160303.59,4.19,-1.9,-0.68,2.15,SZ002697
2377,2022-09-30,35.28,34.8,35.41,34.73,151045,70646657.7,1.94,-0.97,-0.34,1.4,SZ002697
2378,2022-10-10,35.0,34.32,35.14,34.19,140045,64815461.36,2.73,-1.38,-0.48,1.3,SZ002697
2379,2022-10-11,34.26,34.19,34.46,33.44,150603,68197997.88,2.97,-0.38,-0.13,1.4,SZ002697
2380,2022-10-12,34.19,34.6,34.6,33.58,164094,74595670.58,2.98,1.2,0.41,1.52,SZ002697
2381,2022-10-13,34.39,34.26,34.73,34.19,137343,63119437.65,1.56,-0.98,-0.34,1.27,SZ002697
2382,2022-10-14,34.46,34.73,34.94,34.39,169123,78501604.75,1.61,1.37,0.47,1.57,SZ002697
2383,2022-10-17,34.6,34.94,35.07,34.46,157367,73328221.72,1.76,0.6,0.21,1.46,SZ002697
2384,2022-10-18,35.0,34.8,35.14,34.66,145833,67909206.11,1.37,-0.4,-0.14,1.35,SZ002697
2385,2022-10-19,34.8,34.8,35.0,34.66,155846,72557637.0,0.98,0.0,0.0,1.45,SZ002697
2386,2022-10-20,35.14,35.68,36.09,35.0,356595,169830816.43,3.13,2.53,0.88,3.31,SZ002697
2387,2022-10-21,35.41,36.02,36.64,35.34,255976,124193627.69,3.64,0.95,0.34,2.38,SZ002697
2388,2022-10-24,36.02,34.87,36.5,34.8,246719,117414100.18,4.72,-3.19,-1.15,2.29,SZ002697
2389,2022-10-25,34.87,34.66,35.07,34.12,155506,71628461.66,2.72,-0.6,-0.21,1.44,SZ002697
2390,2022-10-26,34.73,35.21,35.62,34.66,162321,76404993.0,2.77,1.59,0.55,1.51,SZ002697
2391,2022-10-27,35.07,35.68,35.82,35.0,162425,77371125.18,2.33,1.33,0.47,1.51,SZ002697
2392,2022-10-28,35.82,34.94,35.82,34.8,181031,85487949.11,2.86,-2.07,-0.74,1.68,SZ002697
2393,2022-10-31,34.53,34.6,35.14,34.39,150563,69745791.94,2.15,-0.97,-0.34,1.4,SZ002697
2394,2022-11-01,34.6,35.41,35.41,34.6,161108,75633039.12,2.34,2.34,0.81,1.49,SZ002697
2395,2022-11-02,35.14,35.96,36.09,35.14,184872,88692096.46,2.68,1.55,0.55,1.72,SZ002697
2396,2022-11-03,35.82,36.23,36.43,35.55,185183,89747186.97,2.45,0.75,0.27,1.72,SZ002697
2397,2022-11-04,36.57,36.64,36.84,36.16,204390,100089863.75,1.88,1.13,0.41,1.9,SZ002697
2398,2022-11-07,36.36,36.64,36.7,36.23,159793,78359033.46,1.28,0.0,0.0,1.48,SZ002697
2399,2022-11-08,36.7,36.77,36.98,36.43,130859,64554113.41,1.5,0.35,0.13,1.21,SZ002697
2400,2022-11-09,36.77,37.25,37.52,36.5,192657,96327026.32,2.77,1.31,0.48,1.79,SZ002697
2401,2022-11-10,37.04,37.93,38.2,36.98,206715,104919416.5,3.28,1.83,0.68,1.92,SZ002697
2402,2022-11-11,38.27,37.72,38.61,37.59,242921,124234336.89,2.69,-0.55,-0.21,2.25,SZ002697
2403,2022-11-14,37.93,37.66,38.06,37.25,171438,87094949.02,2.15,-0.16,-0.06,1.59,SZ002697
2404,2022-11-15,37.72,38.06,38.13,37.59,172788,88330633.38,1.43,1.06,0.4,1.6,SZ002697
2405,2022-11-16,38.13,38.4,38.54,37.93,192207,99366739.36,1.6,0.89,0.34,1.78,SZ002697
2406,2022-11-17,38.61,38.74,39.08,38.4,182819,95690678.83,1.77,0.89,0.34,1.7,SZ002697
2407,2022-11-18,38.74,38.68,39.02,38.34,142688,74568282.41,1.76,-0.15,-0.06,1.32,SZ002697
2408,2022-11-21,38.68,38.54,38.68,37.93,139676,72126672.75,1.94,-0.36,-0.14,1.3,SZ002697
2409,2022-11-22,38.54,38.06,38.81,37.86,141254,72809816.13,2.46,-1.25,-0.48,1.31,SZ002697
2410,2022-11-23,38.13,37.86,38.2,37.45,113255,57658925.5,1.97,-0.53,-0.2,1.05,SZ002697
2411,2022-11-24,38.0,37.45,38.0,37.25,110458,55838972.2,1.98,-1.08,-0.41,1.02,SZ002697
2412,2022-11-25,37.79,37.59,37.93,37.32,150836,76432970.0,1.63,0.37,0.14,1.4,SZ002697
2413,2022-11-28,37.32,37.59,37.66,36.98,97567,49214532.21,1.81,0.0,0.0,0.91,SZ002697
2414,2022-11-29,37.72,38.81,38.95,37.59,243702,126689231.1,3.62,3.25,1.22,2.26,SZ002697
2415,2022-11-30,39.15,38.74,39.29,38.54,153027,80383081.73,1.93,-0.18,-0.07,1.42,SZ002697
2416,2022-12-01,39.29,38.81,39.83,38.81,146079,77241898.59,2.63,0.18,0.07,1.36,SZ002697
2417,2022-12-02,38.88,39.15,39.63,38.81,153902,81444322.81,2.11,0.88,0.34,1.43,SZ002697
2418,2022-12-05,39.56,39.7,40.31,39.36,241607,130035940.3,2.43,1.4,0.55,2.24,SZ002697
2419,2022-12-06,39.36,41.19,43.3,39.29,579371,325974573.27,10.1,3.75,1.49,5.38,SZ002697
2420,2022-12-07,40.78,40.65,41.6,40.24,402886,222864354.48,3.3,-1.31,-0.54,3.74,SZ002697
2421,2022-12-08,40.65,41.6,42.28,40.51,449518,253795799.21,4.35,2.34,0.95,4.17,SZ002697
2422,2022-12-09,41.46,41.53,41.94,40.17,374021,208127170.57,4.25,-0.17,-0.07,3.47,SZ002697
2423,2022-12-12,41.19,41.4,42.08,41.06,219112,123357717.72,2.46,-0.31,-0.13,2.03,SZ002697
2424,2022-12-13,40.78,41.67,42.01,40.78,237407,134628765.34,2.97,0.65,0.27,2.2,SZ002697
2425,2022-12-14,41.6,41.87,42.01,41.06,231262,130840355.05,2.28,0.48,0.2,2.15,SZ002697
2426,2022-12-15,41.94,41.06,42.82,40.92,254813,143513848.57,4.54,-1.93,-0.81,2.36,SZ002697
2427,2022-12-16,40.78,41.33,41.33,40.31,195043,108329588.05,2.48,0.66,0.27,1.81,SZ002697
2428,2022-12-19,41.33,40.31,41.6,39.97,200649,109871747.32,3.94,-2.47,-1.02,1.86,SZ002697
2429,2022-12-20,40.44,39.83,40.58,39.42,136620,73805617.09,2.88,-1.19,-0.48,1.27,SZ002697
2430,2022-12-21,40.31,40.65,40.92,39.9,219446,120371226.23,2.56,2.06,0.82,2.04,SZ002697
2431,2022-12-22,40.38,39.9,40.78,39.56,189142,103049816.98,3.0,-1.85,-0.75,1.76,SZ002697
2432,2022-12-23,39.42,38.95,40.04,38.88,166371,88382306.28,2.91,-2.38,-0.95,1.54,SZ002697
2433,2022-12-26,39.02,39.49,39.97,38.95,133793,71449860.74,2.62,1.39,0.54,1.24,SZ002697
2434,2022-12-27,39.7,40.38,40.78,38.95,204705,111189836.93,4.63,2.25,0.89,1.9,SZ002697
2435,2022-12-28,40.31,39.83,40.65,39.56,140141,75898832.21,2.7,-1.36,-0.55,1.3,SZ002697
2436,2022-12-29,39.63,40.17,40.58,38.88,141075,76320431.71,4.27,0.85,0.34,1.31,SZ002697
2437,2022-12-30,40.72,41.46,41.74,40.1,361048,201177488.87,4.08,3.21,1.29,3.35,SZ002697
2438,2023-01-03,41.12,40.04,41.53,39.9,333114,182212936.04,3.93,-3.42,-1.42,3.09,SZ002697
2439,2023-01-04,39.9,40.51,40.92,39.76,209026,114557484.92,2.9,1.17,0.47,1.94,SZ002697
2440,2023-01-05,40.31,40.1,40.58,39.29,220659,119602051.21,3.18,-1.01,-0.41,2.05,SZ002697
2441,2023-01-06,40.17,39.08,40.24,39.02,226335,120272342.21,3.04,-2.54,-1.02,2.1,SZ002697
2442,2023-01-09,39.08,38.95,39.29,38.74,136107,71602386.9,1.41,-0.33,-0.13,1.26,SZ002697
2443,2023-01-10,39.22,39.22,39.42,38.47,150908,79396207.67,2.44,0.69,0.27,1.4,SZ002697
2444,2023-01-11,39.15,38.61,39.15,38.34,182865,95398291.84,2.07,-1.56,-0.61,1.7,SZ002697
2445,2023-01-12,38.61,38.4,38.61,38.0,132895,68540749.0,1.58,-0.54,-0.21,1.23,SZ002697
2446,2023-01-13,38.2,39.08,39.15,38.2,123262,64540248.56,2.47,1.77,0.68,1.14,SZ002697
2447,2023-01-16,39.15,40.72,41.46,38.88,358277,197203743.95,6.6,4.2,1.64,3.32,SZ002697
2448,2023-01-17,40.51,39.7,40.99,39.49,188785,102109675.52,3.68,-2.5,-1.02,1.75,SZ002697
2449,2023-01-18,39.7,39.29,39.83,39.22,119129,63455184.09,1.54,-1.03,-0.41,1.11,SZ002697
2450,2023-01-19,39.42,39.02,39.42,38.68,132289,69499408.07,1.88,-0.69,-0.27,1.23,SZ002697
2451,2023-01-20,38.88,39.63,39.76,38.88,134473,71644873.14,2.26,1.56,0.61,1.25,SZ002697
2452,2023-01-30,39.97,39.63,40.17,39.49,153640,82610840.04,1.72,0.0,0.0,1.43,SZ002697
2453,2023-01-31,39.7,40.44,40.51,39.22,177312,96191769.07,3.26,2.04,0.81,1.65,SZ002697
2454,2023-02-01,40.44,40.65,40.65,40.1,122756,67151715.53,1.36,0.52,0.21,1.14,SZ002697
2455,2023-02-02,40.58,40.85,40.92,40.1,124011,68169470.1,2.02,0.49,0.2,1.15,SZ002697
2456,2023-02-03,40.72,40.65,40.72,40.04,124200,67975834.28,1.66,-0.49,-0.2,1.15,SZ002697
2457,2023-02-06,40.51,40.85,41.4,40.24,118351,65570805.61,2.85,0.49,0.2,1.1,SZ002697
2458,2023-02-07,41.06,41.67,41.8,40.85,190709,107102508.6,2.33,2.01,0.82,1.77,SZ002697
2459,2023-02-08,41.87,41.06,41.87,41.06,101228,56756443.11,1.94,-1.46,-0.61,0.94,SZ002697
2460,2023-02-09,41.06,41.06,41.26,40.72,150323,83542296.74,1.32,0.0,0.0,1.39,SZ002697
2461,2023-02-10,40.99,41.19,41.46,40.85,117151,65460696.83,1.49,0.32,0.13,1.09,SZ002697
2462,2023-02-13,41.26,41.6,41.74,40.99,113278,63642627.71,1.82,1.0,0.41,1.05,SZ002697
2463,2023-02-14,41.6,41.67,42.01,41.6,146313,83089397.66,0.99,0.17,0.07,1.36,SZ002697
2464,2023-02-15,41.67,41.67,41.87,41.46,88835,50282681.1,0.98,0.0,0.0,0.82,SZ002697
2465,2023-02-16,41.74,41.06,42.28,40.85,162360,91960246.89,3.43,-1.46,-0.61,1.51,SZ002697
2466,2023-02-17,41.19,41.74,42.55,41.06,168809,96150559.08,3.63,1.66,0.68,1.57,SZ002697
2467,2023-02-20,41.8,42.28,42.42,41.46,117663,67325701.6,2.3,1.29,0.54,1.09,SZ002697
2468,2023-02-21,42.42,42.76,42.76,42.01,168351,97252845.34,1.77,1.14,0.48,1.56,SZ002697
2469,2023-02-22,42.55,42.35,42.55,42.21,93322,53741714.45,0.8,-0.96,-0.41,0.87,SZ002697
2470,2023-02-23,42.28,42.28,42.96,42.01,119732,68866730.59,2.24,-0.17,-0.07,1.11,SZ002697
2471,2023-02-24,42.28,42.42,42.62,42.01,90289,52061718.08,1.44,0.33,0.14,0.84,SZ002697
2472,2023-02-27,42.55,41.87,42.62,41.87,112869,64609422.1,1.77,-1.3,-0.55,1.05,SZ002697
2473,2023-02-28,42.08,42.42,42.48,41.87,94319,54222398.3,1.46,1.31,0.55,0.88,SZ002697
2474,2023-03-01,42.48,42.01,42.48,41.87,124362,71132199.1,1.44,-0.97,-0.41,1.15,SZ002697
2475,2023-03-02,41.87,41.46,42.21,41.4,137067,77684630.52,1.93,-1.31,-0.55,1.27,SZ002697
2476,2023-03-03,41.46,41.8,41.94,41.06,126936,71798808.82,2.12,0.82,0.34,1.18,SZ002697
2477,2023-03-06,41.94,42.48,42.62,41.67,156176,89871140.25,2.27,1.63,0.68,1.45,SZ002697
2478,2023-03-07,42.55,42.62,43.64,42.28,197599,115361560.21,3.2,0.33,0.14,1.83,SZ002697
2479,2023-03-08,42.28,42.08,42.55,41.67,131090,74877566.6,2.06,-1.27,-0.54,1.22,SZ002697
2480,2023-03-09,42.35,41.12,42.35,41.06,144232,81188984.4,3.07,-2.28,-0.96,1.34,SZ002697
2481,2023-03-10,41.06,40.65,41.33,40.51,121137,67130249.2,1.99,-1.14,-0.47,1.12,SZ002697
2482,2023-03-13,40.51,40.92,40.92,40.38,76566,42190032.68,1.33,0.66,0.27,0.71,SZ002697
2483,2023-03-14,40.85,40.44,41.46,40.24,109687,60692265.62,2.98,-1.17,-0.48,1.02,SZ002697
2484,2023-03-15,40.72,41.12,41.53,40.44,100435,56096763.77,2.7,1.68,0.68,0.93,SZ002697
2485,2023-03-16,40.92,40.58,40.99,40.44,72638,40045068.4,1.34,-1.31,-0.54,0.67,SZ002697
2486,2023-03-17,40.85,40.24,40.92,40.1,129401,70947685.76,2.02,-0.84,-0.34,1.2,SZ002697
2487,2023-03-20,40.38,39.83,40.51,39.7,102663,55665927.01,2.01,-1.02,-0.41,0.95,SZ002697
2488,2023-03-21,39.83,41.19,41.4,39.83,145687,80622083.28,3.94,3.41,1.36,1.35,SZ002697
2489,2023-03-22,41.4,41.8,42.55,41.26,166196,94748261.75,3.13,1.48,0.61,1.54,SZ002697
2490,2023-03-23,42.21,41.46,42.21,41.33,124049,70188820.93,2.11,-0.81,-0.34,1.15,SZ002697
2491,2023-03-24,41.74,42.28,42.35,41.46,161857,92611441.0,2.15,1.98,0.82,1.5,SZ002697
2492,2023-03-27,42.55,42.55,42.96,42.08,135674,78393365.48,2.08,0.64,0.27,1.26,SZ002697
2493,2023-03-28,42.76,43.37,43.64,42.35,212415,125038787.73,3.03,1.93,0.82,1.97,SZ002697
2494,2023-03-29,43.23,44.18,44.32,43.1,283948,170263380.94,2.81,1.87,0.81,2.63,SZ002697
2495,2023-03-30,44.18,44.32,44.52,43.5,176120,105795037.32,2.31,0.32,0.14,1.63,SZ002697
2496,2023-03-31,44.25,44.8,45.0,44.05,230906,140955110.58,2.14,1.08,0.48,2.14,SZ002697
2497,2023-04-03,44.66,44.25,44.93,44.12,185591,112414668.0,1.81,-1.23,-0.55,1.72,SZ002697
2498,2023-04-04,44.25,44.25,45.14,44.05,151491,92000180.81,2.46,0.0,0.0,1.41,SZ002697
2499,2023-04-06,44.46,44.39,44.8,43.91,133931,81013369.2,2.01,0.32,0.14,1.24,SZ002697
2500,2023-04-07,44.39,44.93,45.07,44.18,118562,72464940.1,2.0,1.22,0.54,1.1,SZ002697
2501,2023-04-10,45.75,44.12,45.75,43.64,244642,148289203.07,4.7,-1.8,-0.81,2.27,SZ002697
2502,2023-04-11,44.12,43.91,44.25,43.57,187818,112354196.49,1.54,-0.48,-0.21,1.74,SZ002697
2503,2023-04-12,43.98,44.05,44.66,43.84,195935,118356149.3,1.87,0.32,0.14,1.82,SZ002697
2504,2023-04-13,44.25,44.73,44.93,44.12,162034,98738996.4,1.84,1.54,0.68,1.5,SZ002697
2505,2023-04-14,44.8,44.18,45.27,44.05,160651,97295868.03,2.73,-1.23,-0.55,1.49,SZ002697
2506,2023-04-17,44.39,44.66,45.0,44.18,155822,95111876.09,1.86,1.09,0.48,1.45,SZ002697
2507,2023-04-18,45.0,45.27,45.68,44.39,250970,154904854.4,2.89,1.37,0.61,2.33,SZ002697
2508,2023-04-19,45.54,46.22,47.18,45.14,305765,194421056.25,4.51,2.1,0.95,2.84,SZ002697
2509,2023-04-20,46.43,45.41,46.63,45.07,258670,161575518.16,3.38,-1.75,-0.81,2.4,SZ002697
2510,2023-04-21,45.48,45.2,46.02,45.07,233216,145322985.44,2.09,-0.46,-0.21,2.16,SZ002697
2511,2023-04-24,45.2,44.93,45.95,44.66,255646,158355021.26,2.85,-0.6,-0.27,2.37,SZ002697
2512,2023-04-25,44.93,45.2,45.48,44.18,226271,138985025.47,2.89,0.6,0.27,2.1,SZ002697
2513,2023-04-26,45.14,44.32,45.48,43.84,243477,147874458.51,3.63,-1.95,-0.88,2.26,SZ002697
2514,2023-04-27,44.52,44.86,45.34,44.05,184395,112686024.08,2.91,1.22,0.54,1.71,SZ002697
2515,2023-04-28,44.93,45.61,45.88,44.73,158426,98437616.7,2.56,1.67,0.75,1.47,SZ002697
2516,2023-05-04,45.61,46.43,46.63,45.48,201561,127376902.44,2.52,1.8,0.82,1.87,SZ002697
2517,2023-05-05,46.29,45.75,46.43,44.86,189476,117836864.84,3.38,-1.46,-0.68,1.76,SZ002697
2518,2023-05-08,45.82,45.48,46.22,45.07,155847,97155029.33,2.51,-0.59,-0.27,1.45,SZ002697
2519,2023-05-09,45.48,45.34,46.9,45.07,285363,179058897.4,4.02,-0.31,-0.14,2.65,SZ002697
2520,2023-05-10,45.54,44.8,45.61,44.52,157015,96220768.1,2.4,-1.19,-0.54,1.46,SZ002697
2521,2023-05-11,44.66,45.95,46.16,44.66,168187,105210012.75,3.35,2.57,1.15,1.56,SZ002697
2522,2023-05-12,45.75,45.88,46.22,45.48,122847,77063445.94,1.61,-0.15,-0.07,1.14,SZ002697
2523,2023-05-15,45.88,45.14,45.95,44.39,157766,96812390.36,3.4,-1.61,-0.74,1.46,SZ002697
2524,2023-05-16,46.29,44.39,46.7,44.39,200653,123603920.06,5.12,-1.66,-0.75,1.86,SZ002697
2525,2023-05-17,44.8,44.86,45.41,44.25,135228,82915679.52,2.61,1.06,0.47,1.25,SZ002697
2526,2023-05-18,45.2,44.59,45.2,44.39,97872,59682878.26,1.81,-0.6,-0.27,0.91,SZ002697
2527,2023-05-19,44.66,44.8,45.68,44.32,141426,86796914.36,3.05,0.47,0.21,1.31,SZ002697
2528,2023-05-22,44.93,44.66,45.07,43.64,185897,112654292.02,3.19,-0.31,-0.14,1.72,SZ002697
2529,2023-05-23,44.95,43.45,44.95,43.11,226608,125414118.42,4.12,-2.71,-1.21,2.1,SZ002697
2530,2023-05-24,43.72,43.25,43.79,43.04,129724,71031983.66,1.73,-0.46,-0.2,1.2,SZ002697
2531,2023-05-25,43.11,42.84,43.45,42.29,153587,82499881.0,2.68,-0.95,-0.41,1.43,SZ002697
2532,2023-05-26,42.77,42.97,43.31,42.29,83983,45156654.19,2.38,0.3,0.13,0.78,SZ002697
2533,2023-05-29,42.97,42.43,43.25,42.29,99221,53266980.39,2.23,-1.26,-0.54,0.92,SZ002697
2534,2023-05-30,42.43,42.77,42.91,42.23,81052,43404270.98,1.6,0.8,0.34,0.75,SZ002697
2535,2023-05-31,42.7,42.7,43.04,42.43,88375,47482861.36,1.43,-0.16,-0.07,0.82,SZ002697
2536,2023-06-01,42.57,43.38,43.45,42.36,141071,76645171.0,2.55,1.59,0.68,1.31,SZ002697
2537,2023-06-02,43.45,44.4,47.12,43.18,587746,340201449.21,9.08,2.35,1.02,5.45,SZ002697
2538,2023-06-05,43.72,47.12,48.01,43.72,732117,434987507.29,9.66,6.13,2.72,6.79,SZ002697
2539,2023-06-06,46.37,50.52,51.2,46.1,1608593,1038449528.3,10.82,7.22,3.4,14.93,SZ002697
2540,2023-06-07,49.23,49.57,51.41,49.03,1117482,721618953.14,4.71,-1.88,-0.95,10.37,SZ002697
2541,2023-06-08,49.3,47.53,49.77,47.19,729630,447852052.34,5.2,-4.12,-2.04,6.77,SZ002697
2542,2023-06-09,47.67,47.12,48.28,46.92,463420,280229609.03,2.86,-0.86,-0.41,4.3,SZ002697
2543,2023-06-12,46.85,47.05,47.39,45.56,522422,310232546.26,3.88,-0.15,-0.07,4.85,SZ002697
2544,2023-06-13,46.85,46.37,47.12,46.24,251101,149287667.88,1.87,-1.45,-0.68,2.33,SZ002697
2545,2023-06-14,46.58,46.99,47.46,46.1,440038,264043746.57,2.93,1.34,0.62,4.08,SZ002697
2546,2023-06-15,46.85,46.03,47.87,45.63,351378,206579174.18,4.77,-2.04,-0.96,3.26,SZ002697
2547,2023-06-16,45.97,45.69,46.44,45.56,221628,129477402.29,1.91,-0.74,-0.34,2.06,SZ002697
2548,2023-06-19,45.83,44.74,46.78,44.67,344516,198584195.31,4.62,-2.08,-0.95,3.2,SZ002697
2549,2023-06-20,44.88,43.93,45.22,43.86,270965,152043195.86,3.04,-1.81,-0.81,2.51,SZ002697
2550,2023-06-21,43.86,43.25,44.4,43.11,188327,103538946.11,2.94,-1.55,-0.68,1.75,SZ002697
2551,2023-06-26,43.18,42.02,43.18,41.95,264797,141255813.3,2.84,-2.84,-1.23,2.46,SZ002697
2552,2023-06-27,42.29,45.63,45.63,42.23,466496,262647851.6,8.09,8.59,3.61,4.33,SZ002697
2553,2023-06-28,45.69,45.35,46.44,45.08,465876,269488157.35,2.98,-0.61,-0.28,4.32,SZ002697
2554,2023-06-29,45.29,46.85,47.33,45.08,515924,307457152.05,4.96,3.31,1.5,4.79,SZ002697
2555,2023-06-30,46.78,45.9,47.26,45.76,324433,192132040.5,3.2,-2.03,-0.95,3.01,SZ002697
2556,2023-07-03,45.97,46.37,46.65,45.35,269554,158159535.42,2.83,1.02,0.47,2.5,SZ002697
2557,2023-07-04,46.24,46.37,46.71,45.69,158720,93304358.98,2.2,0.0,0.0,1.47,SZ002697
2558,2023-07-05,46.17,45.69,47.12,45.63,184386,108073278.4,3.21,-1.47,-0.68,1.71,SZ002697
2559,2023-07-06,45.76,45.35,46.03,45.35,110136,63920714.76,1.49,-0.74,-0.34,1.02,SZ002697
2560,2023-07-07,45.29,45.56,46.17,45.01,175795,101900547.82,2.56,0.46,0.21,1.63,SZ002697
2561,2023-07-10,45.56,45.76,46.65,45.35,202404,118147790.06,2.85,0.44,0.2,1.88,SZ002697
2562,2023-07-11,45.69,46.03,46.17,45.29,142070,82774514.06,1.92,0.59,0.27,1.32,SZ002697
2563,2023-07-12,46.03,45.9,46.37,45.56,154335,90217995.16,1.76,-0.28,-0.13,1.43,SZ002697
2564,2023-07-13,46.17,45.97,46.71,45.83,149581,87789583.98,1.92,0.15,0.07,1.39,SZ002697
2565,2023-07-14,46.1,45.76,46.17,45.63,118449,69181593.56,1.17,-0.46,-0.21,1.1,SZ002697
2566,2023-07-17,45.76,46.31,46.37,45.42,179454,105276534.88,2.08,1.2,0.55,1.67,SZ002697
2567,2023-07-18,46.31,46.31,46.65,45.83,170303,100387485.23,1.77,0.0,0.0,1.58,SZ002697
2568,2023-07-19,46.31,46.71,47.46,46.24,241766,144497870.08,2.63,0.86,0.4,2.24,SZ002697
2569,2023-07-20,47.33,46.85,47.87,46.78,468264,282811883.88,2.33,0.3,0.14,4.35,SZ002697
2570,2023-07-21,46.65,48.62,48.96,46.65,740106,456781444.18,4.93,3.78,1.77,6.87,SZ002697
2571,2023-07-24,48.14,47.39,48.14,46.78,526366,319119644.98,2.8,-2.53,-1.23,4.88,SZ002697
2572,2023-07-25,47.6,47.33,47.94,46.85,403576,244421166.94,2.3,-0.13,-0.06,3.75,SZ002697
2573,2023-07-26,47.33,47.46,47.6,46.37,321059,192810382.55,2.6,0.27,0.13,2.98,SZ002697
2574,2023-07-27,47.12,46.51,47.33,46.37,294033,175013663.76,2.02,-2.0,-0.95,2.73,SZ002697
2575,2023-07-28,46.51,46.99,47.53,46.24,305414,183422026.25,2.77,1.03,0.48,2.83,SZ002697
2576,2023-07-31,46.92,47.94,48.01,46.71,449405,272775048.18,2.77,2.02,0.95,4.17,SZ002697
2577,2023-08-01,47.94,47.46,48.14,47.39,345967,211198295.11,1.56,-1.0,-0.48,3.21,SZ002697
2578,2023-08-02,47.26,48.14,49.16,47.19,597517,370153273.72,4.15,1.43,0.68,5.54,SZ002697
2579,2023-08-03,47.6,47.87,48.07,46.85,363373,220673295.09,2.53,-0.56,-0.27,3.37,SZ002697
2580,2023-08-04,47.87,47.33,48.28,47.19,286275,174216875.61,2.28,-1.13,-0.54,2.66,SZ002697
2581,2023-08-07,47.12,46.58,47.33,46.44,270348,160826680.5,1.88,-1.58,-0.75,2.51,SZ002697
2582,2023-08-08,46.37,46.03,47.19,46.03,202380,119796443.03,2.49,-1.18,-0.55,1.88,SZ002697
2583,2023-08-09,45.97,45.01,46.03,44.95,198597,114319241.92,2.35,-2.22,-1.02,1.84,SZ002697
2584,2023-08-10,45.08,44.88,45.29,44.54,157269,89449318.76,1.67,-0.29,-0.13,1.46,SZ002697
2585,2023-08-11,44.81,43.93,44.88,43.65,219160,122028086.6,2.74,-2.12,-0.95,2.03,SZ002697
2586,2023-08-14,43.59,44.2,44.33,43.25,164594,91359367.46,2.46,0.61,0.27,1.53,SZ002697
2587,2023-08-15,44.13,44.67,45.01,43.99,183785,104004871.25,2.31,1.06,0.47,1.71,SZ002697
2588,2023-08-16,44.61,43.11,44.67,42.57,379943,206652357.35,4.7,-3.49,-1.56,3.53,SZ002697
2589,2023-08-17,43.45,43.18,43.45,42.77,199075,108056324.86,1.58,0.16,0.07,1.85,SZ002697
2590,2023-08-18,42.97,42.09,43.38,41.95,235111,125326635.62,3.31,-2.52,-1.09,2.18,SZ002697
2591,2023-08-21,42.02,41.61,42.43,41.55,158321,83185676.5,2.09,-1.14,-0.48,1.47,SZ002697
2592,2023-08-22,41.75,42.23,42.29,41.48,196081,102865485.5,1.95,1.49,0.62,1.82,SZ002697
2593,2023-08-23,42.43,41.55,42.43,41.48,126819,66478385.0,2.25,-1.61,-0.68,1.18,SZ002697
2594,2023-08-24,41.55,41.75,42.02,41.34,118780,62034264.6,1.64,0.48,0.2,1.1,SZ002697
2595,2023-08-25,41.61,41.14,42.09,41.07,147705,76666321.3,2.44,-1.46,-0.61,1.37,SZ002697
2596,2023-08-28,43.25,41.75,43.25,41.75,245696,130273484.27,3.65,1.48,0.61,2.28,SZ002697
2597,2023-08-29,41.75,42.09,42.29,41.48,189443,99664083.6,1.94,0.81,0.34,1.76,SZ002697
2598,2023-08-30,41.95,41.61,42.23,41.34,168929,88344234.84,2.11,-1.14,-0.48,1.57,SZ002697
2599,2023-08-31,41.61,41.48,41.68,41.21,116048,60172226.48,1.13,-0.31,-0.13,1.08,SZ002697
2600,2023-09-01,41.41,42.29,42.36,41.41,281902,148567657.73,2.29,1.95,0.81,2.62,SZ002697
2601,2023-09-04,42.16,42.57,42.7,42.02,216030,115095175.68,1.61,0.66,0.28,2.0,SZ002697
2602,2023-09-05,42.57,42.29,42.7,42.09,138581,73694135.0,1.43,-0.66,-0.28,1.29,SZ002697
2603,2023-09-06,42.29,42.02,42.43,41.89,99773,52733808.51,1.28,-0.64,-0.27,0.93,SZ002697
2604,2023-09-07,42.09,41.75,42.16,41.68,103397,54281427.0,1.14,-0.64,-0.27,0.96,SZ002697
2605,2023-09-08,41.55,41.48,41.75,41.41,91586,47643719.9,0.81,-0.65,-0.27,0.85,SZ002697
2606,2023-09-11,41.55,42.29,42.36,41.21,154291,81344978.16,2.77,1.95,0.81,1.43,SZ002697
2607,2023-09-12,42.23,42.23,42.5,41.95,89599,47517545.0,1.3,-0.14,-0.06,0.83,SZ002697
2608,2023-09-13,42.16,42.16,42.5,41.95,118950,62983301.84,1.3,-0.17,-0.07,1.1,SZ002697
2609,2023-09-14,42.09,42.09,42.23,41.61,118018,62036592.2,1.47,-0.17,-0.07,1.1,SZ002697
2610,2023-09-15,42.16,42.36,42.57,42.02,116866,62136541.67,1.31,0.64,0.27,1.08,SZ002697
2611,2023-09-18,42.36,42.84,42.97,41.89,155627,83248954.1,2.55,1.13,0.48,1.44,SZ002697
2612,2023-09-19,42.97,42.57,42.97,42.43,119169,63983950.3,1.26,-0.63,-0.27,1.11,SZ002697
2613,2023-09-20,42.5,42.36,42.7,42.16,110270,58733094.5,1.27,-0.49,-0.21,1.02,SZ002697
2614,2023-09-21,42.29,41.61,42.57,41.48,119411,62496922.93,2.57,-1.77,-0.75,1.11,SZ002697
2615,2023-09-22,41.41,42.16,42.23,41.27,101703,53366115.68,2.31,1.32,0.55,0.94,SZ002697
2616,2023-09-25,42.02,42.23,42.5,41.82,121041,64308997.0,1.61,0.17,0.07,1.12,SZ002697
2617,2023-09-26,42.16,42.43,42.7,42.02,113377,60416227.96,1.61,0.47,0.2,1.05,SZ002697
2618,2023-09-27,42.36,42.16,42.57,42.09,79355,42059540.6,1.13,-0.64,-0.27,0.74,SZ002697
2619,2023-09-28,42.16,42.29,42.57,42.16,76432,40678346.5,0.97,0.31,0.13,0.71,SZ002697
2620,2023-10-09,42.23,41.68,42.29,41.55,111936,58622927.26,1.75,-1.44,-0.61,1.04,SZ002697
2621,2023-10-10,41.75,41.55,42.16,41.41,93245,48636198.4,1.8,-0.31,-0.13,0.87,SZ002697
2622,2023-10-11,41.48,41.14,41.75,41.0,133733,69104793.5,1.81,-0.99,-0.41,1.24,SZ002697
2623,2023-10-12,41.21,41.27,41.55,40.93,84814,43660013.2,1.51,0.32,0.13,0.79,SZ002697
2624,2023-10-13,41.14,40.59,41.41,40.53,119779,61061302.55,2.13,-1.65,-0.68,1.11,SZ002697
2625,2023-10-16,40.59,40.66,40.8,40.19,95873,48448745.0,1.5,0.17,0.07,0.89,SZ002697
2626,2023-10-17,40.73,40.66,40.73,40.46,65633,33210149.8,0.66,0.0,0.0,0.61,SZ002697
2627,2023-10-18,40.59,40.05,40.66,39.98,78693,39350986.0,1.67,-1.5,-0.61,0.73,SZ002697
2628,2023-10-19,39.91,39.78,40.19,39.71,86604,43032678.2,1.2,-0.67,-0.27,0.8,SZ002697
2629,2023-10-20,39.71,39.85,40.25,39.57,84994,42194787.0,1.71,0.18,0.07,0.79,SZ002697
2630,2023-10-23,40.25,39.91,40.8,39.64,182898,91429034.0,2.91,0.15,0.06,1.7,SZ002697
2631,2023-10-24,39.78,40.39,40.59,39.71,147781,74098546.5,2.2,1.2,0.48,1.37,SZ002697
2632,2023-10-25,40.59,40.66,40.87,40.39,127176,64538608.2,1.19,0.67,0.27,1.18,SZ002697
2633,2023-10-26,40.59,40.87,41.07,40.53,103914,53005978.79,1.33,0.52,0.21,0.96,SZ002697
2634,2023-10-27,40.87,41.48,41.68,40.73,129852,67154650.26,2.32,1.49,0.61,1.21,SZ002697
2635,2023-10-30,41.55,41.55,41.75,41.27,131357,68371000.4,1.16,0.17,0.07,1.22,SZ002697
2636,2023-10-31,41.68,41.27,41.68,41.14,88230,45588104.0,1.3,-0.67,-0.28,0.82,SZ002697
2637,2023-11-01,41.21,41.75,41.82,41.14,83123,43267482.62,1.65,1.16,0.48,0.77,SZ002697
2638,2023-11-02,41.82,41.55,41.89,41.34,71710,37333655.51,1.32,-0.48,-0.2,0.67,SZ002697
2639,2023-11-03,41.55,41.41,41.68,41.41,78024,40556938.0,0.65,-0.34,-0.14,0.72,SZ002697
2640,2023-11-06,41.55,41.55,41.75,41.48,114457,59591490.3,0.65,0.34,0.14,1.06,SZ002697
2641,2023-11-07,41.61,41.41,41.68,41.34,99245,51514883.96,0.82,-0.34,-0.14,0.92,SZ002697
2642,2023-11-08,41.48,41.27,41.61,41.07,96113,49690046.81,1.3,-0.34,-0.14,0.89,SZ002697
2643,2023-11-09,41.41,41.07,41.41,41.0,63554,32658681.49,0.99,-0.48,-0.2,0.59,SZ002697
2644,2023-11-10,41.14,41.48,41.48,40.8,71897,36984424.8,1.66,1.0,0.41,0.67,SZ002697
2645,2023-11-13,41.48,41.27,41.55,40.87,95425,49042696.0,1.64,-0.51,-0.21,0.89,SZ002697
2646,2023-11-14,41.27,41.34,41.41,41.0,73806,38001567.0,0.99,0.17,0.07,0.68,SZ002697
2647,2023-11-15,41.34,41.27,41.61,41.21,89728,46403029.0,0.97,-0.17,-0.07,0.83,SZ002697
2648,2023-11-16,41.21,41.14,41.41,40.8,87269,44818277.79,1.48,-0.31,-0.13,0.81,SZ002697
2649,2023-11-17,41.14,41.34,41.48,40.93,105604,54398391.24,1.34,0.49,0.2,0.98,SZ002697
2650,2023-11-20,41.34,41.75,41.75,41.21,153804,80006665.1,1.31,0.99,0.41,1.43,SZ002697
2651,2023-11-21,41.68,44.2,45.29,41.61,839952,467272981.05,8.81,5.87,2.45,7.79,SZ002697
2652,2023-11-22,42.84,43.18,43.52,42.57,639289,346867866.69,2.15,-2.31,-1.02,5.93,SZ002697
2653,2023-11-23,42.84,42.5,43.11,42.02,414325,220571278.05,2.52,-1.57,-0.68,3.84,SZ002697
2654,2023-11-24,42.77,42.91,43.18,42.43,321153,172987921.99,1.76,0.96,0.41,2.98,SZ002697
2655,2023-11-27,42.63,42.29,42.77,41.82,293449,155234724.0,2.21,-1.44,-0.62,2.72,SZ002697
2656,2023-11-28,42.16,43.11,43.52,41.89,363018,196106124.52,3.85,1.94,0.82,3.37,SZ002697
2657,2023-11-29,42.84,42.91,43.18,42.5,228861,123302742.14,1.58,-0.46,-0.2,2.12,SZ002697
2658,2023-11-30,42.77,43.38,43.93,42.63,358130,195402836.28,3.03,1.1,0.47,3.32,SZ002697
2659,2023-12-01,43.11,43.04,43.79,42.97,307587,167841305.18,1.89,-0.78,-0.34,2.85,SZ002697
2660,2023-12-04,42.97,42.84,43.38,42.57,212415,114776926.65,1.88,-0.46,-0.2,1.97,SZ002697
2661,2023-12-05,42.57,42.84,43.59,42.36,297955,162058334.71,2.87,0.0,0.0,2.76,SZ002697
2662,2023-12-06,42.7,43.11,43.65,42.43,321905,174443043.13,2.85,0.63,0.27,2.99,SZ002697
2663,2023-12-07,42.91,43.04,43.18,42.5,185984,100278898.0,1.58,-0.16,-0.07,1.73,SZ002697
2664,2023-12-08,42.97,42.09,43.11,42.02,233070,124626622.12,2.53,-2.21,-0.95,2.16,SZ002697
2665,2023-12-11,41.89,42.63,42.63,41.68,152790,81116160.05,2.26,1.28,0.54,1.42,SZ002697
2666,2023-12-12,42.63,42.91,43.11,42.43,151353,81615207.74,1.6,0.66,0.28,1.4,SZ002697
2667,2023-12-13,42.97,42.7,43.38,42.57,205610,111434441.97,1.89,-0.49,-0.21,1.91,SZ002697
2668,2023-12-21,46.37,43.99,46.37,43.59,1149888,655402013.37,6.51,3.02,1.29,10.67,SZ002697
2669,2023-12-22,43.38,42.63,43.86,41.41,830828,443632125.85,5.57,-3.09,-1.36,7.71,SZ002697
2670,2023-12-25,41.89,40.53,41.89,40.25,503951,256200684.93,3.85,-4.93,-2.1,4.68,SZ002697
2671,2023-12-26,40.46,39.57,41.0,39.44,363322,180577892.8,3.85,-2.37,-0.96,3.37,SZ002697
2672,2023-12-27,39.51,40.25,40.66,38.96,384220,189436701.83,4.3,1.72,0.68,3.57,SZ002697
2673,2023-12-28,39.85,40.05,40.25,39.44,263653,130870934.4,2.01,-0.5,-0.2,2.45,SZ002697
2674,2023-12-29,39.98,40.05,40.32,39.71,232938,115606775.3,1.52,0.0,0.0,2.16,SZ002697
2675,2024-01-02,39.98,40.59,40.87,39.91,314076,158218126.11,2.4,1.35,0.54,2.91,SZ002697
2676,2024-01-03,40.39,40.66,40.73,40.39,162784,82284593.6,0.84,0.17,0.07,1.51,SZ002697
2677,2024-01-04,40.59,40.87,41.07,40.39,182969,92986471.26,1.67,0.52,0.21,1.7,SZ002697
2678,2024-01-05,40.73,40.19,40.87,40.05,144746,73081609.44,2.01,-1.66,-0.68,1.34,SZ002697
2679,2024-01-08,40.12,39.85,40.46,39.51,145899,72935880.0,2.36,-0.85,-0.34,1.35,SZ002697
2680,2024-01-09,40.12,40.73,41.0,39.71,199101,100200709.13,3.24,2.21,0.88,1.85,SZ002697
2681,2024-01-10,40.73,41.21,41.34,40.19,242051,123979610.11,2.82,1.18,0.48,2.25,SZ002697
2682,2024-01-11,41.0,41.14,41.21,40.66,180712,92371184.86,1.33,-0.17,-0.07,1.68,SZ002697
2683,2024-01-12,40.93,40.8,41.61,40.73,156576,80602562.18,2.14,-0.83,-0.34,1.45,SZ002697
2684,2024-01-15,40.66,41.41,41.75,40.53,191762,99265516.2,2.99,1.5,0.61,1.78,SZ002697
2685,2024-01-16,41.41,41.27,41.75,40.73,168631,86724553.0,2.46,-0.34,-0.14,1.56,SZ002697
2686,2024-01-17,41.07,40.87,41.41,40.73,118701,61018242.08,1.65,-0.97,-0.4,1.1,SZ002697
2687,2024-01-18,40.53,40.12,40.59,39.17,235043,116073726.0,3.47,-1.84,-0.75,2.18,SZ002697
2688,2024-01-19,39.91,40.12,40.46,39.71,141834,70773312.33,1.87,0.0,0.0,1.32,SZ002697
2689,2024-01-22,40.05,38.01,40.19,37.81,216807,104746444.99,5.93,-5.26,-2.11,2.01,SZ002697
2690,2024-01-23,38.01,37.47,38.15,37.06,215018,98853191.1,2.87,-1.42,-0.54,2.0,SZ002697
2691,2024-01-24,37.53,38.49,38.69,37.26,226020,105979493.1,3.82,2.72,1.02,2.1,SZ002697
2692,2024-01-25,38.49,39.3,39.44,38.28,179164,86169260.23,3.01,2.1,0.81,1.66,SZ002697
2693,2024-01-26,39.3,39.71,39.98,39.17,171248,84326355.4,2.06,1.04,0.41,1.59,SZ002697
2694,2024-01-29,39.64,38.89,39.78,38.89,153605,75039944.18,2.24,-2.06,-0.82,1.43,SZ002697
2695,2024-01-30,38.62,37.94,38.96,37.81,157380,74737518.0,2.96,-2.44,-0.95,1.46,SZ002697
2696,2024-01-31,37.6,36.79,37.94,36.72,230058,104983866.53,3.22,-3.03,-1.15,2.13,SZ002697
2697,2024-02-01,36.79,36.72,37.13,36.24,116723,52180943.99,2.42,-0.19,-0.07,1.08,SZ002697
